"LocationAbbr","LocationDesc","Year","Datasource","TopicDesc","MeasureDesc","SubMeasureDesc","Data_Value","Data_Value_Unit","Data_Value_Type","GeoLocation","Source","TopicTypeId","TopicId","MeasureId","SubMeasureID","SubMeasureIdDisplayOrder"
"AL","Alabama","2004","OW","The Tax Burden on Tobacco","Cigarette Sales","Average Cost per pack","3,569","$","Dollars","    (32.840571122, -86.631860762)","Table 13- Orzechowski and Walker, Tax Burden on Tobacco","POL","450POL","450CGS","455CGS","1"
"AL","Alabama","2004","OW","The Tax Burden on Tobacco","Cigarette Sales","Cigarette Consumption (Pack Sales Per Capita)","87,9",,"Pack","    (32.840571122, -86.631860762)","Table 11- Orzechowski and Walker, Tax Burden on Tobacco","POL","450POL","450CGS","453CGS","2"
"AK","Alaska","2004","OW","The Tax Burden on Tobacco","Cigarette Sales","Average Cost per pack","5,03","$","Dollars","    (64.845079957001, -147.722059036)","Table 13- Orzechowski and Walker, Tax Burden on Tobacco","POL","450POL","450CGS","455CGS","1"
"AK","Alaska","2004","OW","The Tax Burden on Tobacco","Cigarette Sales","Cigarette Consumption (Pack Sales Per Capita)","63,6",,"Pack","    (64.845079957001, -147.722059036)","Table 11- Orzechowski and Walker, Tax Burden on Tobacco","POL","450POL","450CGS","453CGS","2"
"AZ","Arizona","2004","OW","The Tax Burden on Tobacco","Cigarette Sales","Cigarette Consumption (Pack Sales Per Capita)","42,5",,"Pack","    (34.86597028, -111.763811277)","Table 11- Orzechowski and Walker, Tax Burden on Tobacco","POL","450POL","450CGS","453CGS","2"
"AZ","Arizona","2004","OW","The Tax Burden on Tobacco","Cigarette Sales","Average Cost per pack","3,967","$","Dollars","    (34.86597028, -111.763811277)","Table 13- Orzechowski and Walker, Tax Burden on Tobacco","POL","450POL","450CGS","455CGS","1"
"AR","Arkansas","2004","OW","The Tax Burden on Tobacco","Cigarette Sales","Average Cost per pack","3,535","$","Dollars","    (34.748650124, -92.274490743)","Table 13- Orzechowski and Walker, Tax Burden on Tobacco","POL","450POL","450CGS","455CGS","1"
"AR","Arkansas","2004","OW","The Tax Burden on Tobacco","Cigarette Sales","Cigarette Consumption (Pack Sales Per Capita)","79,8",,"Pack","    (34.748650124, -92.274490743)","Table 11- Orzechowski and Walker, Tax Burden on Tobacco","POL","450POL","450CGS","453CGS","2"
"CA","California","2004","OW","The Tax Burden on Tobacco","Cigarette Sales","Average Cost per pack","3,841","$","Dollars","    (37.638640123, -120.999999538)","Table 13- Orzechowski and Walker, Tax Burden on Tobacco","POL","450POL","450CGS","455CGS","1"
"CA","California","2004","OW","The Tax Burden on Tobacco","Cigarette Sales","Cigarette Consumption (Pack Sales Per Capita)","33,1",,"Pack","    (37.638640123, -120.999999538)","Table 11- Orzechowski and Walker, Tax Burden on Tobacco","POL","450POL","450CGS","453CGS","2"
"CO","Colorado","2004","OW","The Tax Burden on Tobacco","Cigarette Sales","Average Cost per pack","3,429","$","Dollars","    (38.843840757, -106.133610921)","Table 13- Orzechowski and Walker, Tax Burden on Tobacco","POL","450POL","450CGS","455CGS","1"
"CO","Colorado","2004","OW","The Tax Burden on Tobacco","Cigarette Sales","Cigarette Consumption (Pack Sales Per Capita)","60,7",,"Pack","    (38.843840757, -106.133610921)","Table 11- Orzechowski and Walker, Tax Burden on Tobacco","POL","450POL","450CGS","453CGS","2"
"CT","Connecticut","2004","OW","The Tax Burden on Tobacco","Cigarette Sales","Average Cost per pack","4,708","$","Dollars","    (41.56266102, -72.649840952)","Table 13- Orzechowski and Walker, Tax Burden on Tobacco","POL","450POL","450CGS","455CGS","1"
"CT","Connecticut","2004","OW","The Tax Burden on Tobacco","Cigarette Sales","Cigarette Consumption (Pack Sales Per Capita)","53,1",,"Pack","    (41.56266102, -72.649840952)","Table 11- Orzechowski and Walker, Tax Burden on Tobacco","POL","450POL","450CGS","453CGS","2"
"DE","Delaware","2004","OW","The Tax Burden on Tobacco","Cigarette Sales","Cigarette Consumption (Pack Sales Per Capita)","176",,"Pack","    (39.008830667, -75.577741168)","Table 11- Orzechowski and Walker, Tax Burden on Tobacco","POL","450POL","450CGS","453CGS","2"
"DE","Delaware","2004","OW","The Tax Burden on Tobacco","Cigarette Sales","Average Cost per pack","3,411","$","Dollars","    (39.008830667, -75.577741168)","Table 13- Orzechowski and Walker, Tax Burden on Tobacco","POL","450POL","450CGS","455CGS","1"
"DC","District of Columbia","2004","OW","The Tax Burden on Tobacco","Cigarette Sales","Average Cost per pack","4,197","$","Dollars","    (38.890371385, -77.031961127)","Table 13- Orzechowski and Walker, Tax Burden on Tobacco","POL","450POL","450CGS","455CGS","1"
"DC","District of Columbia","2004","OW","The Tax Burden on Tobacco","Cigarette Sales","Cigarette Consumption (Pack Sales Per Capita)","38,4",,"Pack","    (38.890371385, -77.031961127)","Table 11- Orzechowski and Walker, Tax Burden on Tobacco","POL","450POL","450CGS","453CGS","2"
"FL","Florida","2004","OW","The Tax Burden on Tobacco","Cigarette Sales","Average Cost per pack","3,247","$","Dollars","    (28.932040377, -81.928960539)","Table 13- Orzechowski and Walker, Tax Burden on Tobacco","POL","450POL","450CGS","455CGS","1"
"FL","Florida","2004","OW","The Tax Burden on Tobacco","Cigarette Sales","Cigarette Consumption (Pack Sales Per Capita)","74,2",,"Pack","    (28.932040377, -81.928960539)","Table 11- Orzechowski and Walker, Tax Burden on Tobacco","POL","450POL","450CGS","453CGS","2"
"GA","Georgia","2004","OW","The Tax Burden on Tobacco","Cigarette Sales","Average Cost per pack","3,362","$","Dollars","    (32.839681093, -83.627580346)","Table 13- Orzechowski and Walker, Tax Burden on Tobacco","POL","450POL","450CGS","455CGS","1"
"GA","Georgia","2004","OW","The Tax Burden on Tobacco","Cigarette Sales","Cigarette Consumption (Pack Sales Per Capita)","68,1",,"Pack","    (32.839681093, -83.627580346)","Table 11- Orzechowski and Walker, Tax Burden on Tobacco","POL","450POL","450CGS","453CGS","2"
"HI","Hawaii","2004","OW","The Tax Burden on Tobacco","Cigarette Sales","Cigarette Consumption (Pack Sales Per Capita)","47,4",,"Pack","    (21.304850435, -157.857749403)","Table 11- Orzechowski and Walker, Tax Burden on Tobacco","POL","450POL","450CGS","453CGS","2"
"HI","Hawaii","2004","OW","The Tax Burden on Tobacco","Cigarette Sales","Average Cost per pack","5,044","$","Dollars","    (21.304850435, -157.857749403)","Table 13- Orzechowski and Walker, Tax Burden on Tobacco","POL","450POL","450CGS","455CGS","1"
"ID","Idaho","2004","OW","The Tax Burden on Tobacco","Cigarette Sales","Cigarette Consumption (Pack Sales Per Capita)","60,8",,"Pack","    (43.682630005, -114.363730042)","Table 11- Orzechowski and Walker, Tax Burden on Tobacco","POL","450POL","450CGS","453CGS","2"
"ID","Idaho","2004","OW","The Tax Burden on Tobacco","Cigarette Sales","Average Cost per pack","3,498","$","Dollars","    (43.682630005, -114.363730042)","Table 13- Orzechowski and Walker, Tax Burden on Tobacco","POL","450POL","450CGS","455CGS","1"
"IL","Illinois","2004","OW","The Tax Burden on Tobacco","Cigarette Sales","Average Cost per pack","4,353","$","Dollars","    (40.485010283, -88.997710178)","Table 13- Orzechowski and Walker, Tax Burden on Tobacco","POL","450POL","450CGS","455CGS","1"
"IL","Illinois","2004","OW","The Tax Burden on Tobacco","Cigarette Sales","Cigarette Consumption (Pack Sales Per Capita)","60",,"Pack","    (40.485010283, -88.997710178)","Table 11- Orzechowski and Walker, Tax Burden on Tobacco","POL","450POL","450CGS","453CGS","2"
"IN","Indiana","2004","OW","The Tax Burden on Tobacco","Cigarette Sales","Average Cost per pack","3,451","$","Dollars","    (39.766910452, -86.149960194)","Table 13- Orzechowski and Walker, Tax Burden on Tobacco","POL","450POL","450CGS","455CGS","1"
"IN","Indiana","2004","OW","The Tax Burden on Tobacco","Cigarette Sales","Cigarette Consumption (Pack Sales Per Capita)","97,7",,"Pack","    (39.766910452, -86.149960194)","Table 11- Orzechowski and Walker, Tax Burden on Tobacco","POL","450POL","450CGS","453CGS","2"
"IA","Iowa","2004","OW","The Tax Burden on Tobacco","Cigarette Sales","Cigarette Consumption (Pack Sales Per Capita)","83,7",,"Pack","    (42.469400913, -93.816490556)","Table 11- Orzechowski and Walker, Tax Burden on Tobacco","POL","450POL","450CGS","453CGS","2"
"IA","Iowa","2004","OW","The Tax Burden on Tobacco","Cigarette Sales","Average Cost per pack","3,273","$","Dollars","    (42.469400913, -93.816490556)","Table 13- Orzechowski and Walker, Tax Burden on Tobacco","POL","450POL","450CGS","455CGS","1"
"KS","Kansas","2004","OW","The Tax Burden on Tobacco","Cigarette Sales","Cigarette Consumption (Pack Sales Per Capita)","56,3",,"Pack","    (38.3477403, -98.200781227)","Table 11- Orzechowski and Walker, Tax Burden on Tobacco","POL","450POL","450CGS","453CGS","2"
"KS","Kansas","2004","OW","The Tax Burden on Tobacco","Cigarette Sales","Average Cost per pack","3,748","$","Dollars","    (38.3477403, -98.200781227)","Table 13- Orzechowski and Walker, Tax Burden on Tobacco","POL","450POL","450CGS","455CGS","1"
"KY","Kentucky","2004","OW","The Tax Burden on Tobacco","Cigarette Sales","Average Cost per pack","3,01","$","Dollars","    (37.645970271, -84.774971048)","Table 13- Orzechowski and Walker, Tax Burden on Tobacco","POL","450POL","450CGS","455CGS","1"
"KY","Kentucky","2004","OW","The Tax Burden on Tobacco","Cigarette Sales","Cigarette Consumption (Pack Sales Per Capita)","174,4",,"Pack","    (37.645970271, -84.774971048)","Table 11- Orzechowski and Walker, Tax Burden on Tobacco","POL","450POL","450CGS","453CGS","2"
"LA","Louisiana","2004","OW","The Tax Burden on Tobacco","Cigarette Sales","Cigarette Consumption (Pack Sales Per Capita)","85,6",,"Pack","    (31.312660644, -92.445680071)","Table 11- Orzechowski and Walker, Tax Burden on Tobacco","POL","450POL","450CGS","453CGS","2"
"LA","Louisiana","2004","OW","The Tax Burden on Tobacco","Cigarette Sales","Average Cost per pack","3,406","$","Dollars","    (31.312660644, -92.445680071)","Table 13- Orzechowski and Walker, Tax Burden on Tobacco","POL","450POL","450CGS","455CGS","1"
"ME","Maine","2004","OW","The Tax Burden on Tobacco","Cigarette Sales","Cigarette Consumption (Pack Sales Per Capita)","72,4",,"Pack","    (45.254228894001, -68.985031336)","Table 11- Orzechowski and Walker, Tax Burden on Tobacco","POL","450POL","450CGS","453CGS","2"
"ME","Maine","2004","OW","The Tax Burden on Tobacco","Cigarette Sales","Average Cost per pack","4,057","$","Dollars","    (45.254228894001, -68.985031336)","Table 13- Orzechowski and Walker, Tax Burden on Tobacco","POL","450POL","450CGS","455CGS","1"
"MD","Maryland","2004","OW","The Tax Burden on Tobacco","Cigarette Sales","Average Cost per pack","4,022","$","Dollars","    (39.290580964, -76.609260111)","Table 13- Orzechowski and Walker, Tax Burden on Tobacco","POL","450POL","450CGS","455CGS","1"
"MD","Maryland","2004","OW","The Tax Burden on Tobacco","Cigarette Sales","Cigarette Consumption (Pack Sales Per Capita)","48,9",,"Pack","    (39.290580964, -76.609260111)","Table 11- Orzechowski and Walker, Tax Burden on Tobacco","POL","450POL","450CGS","453CGS","2"
"MA","Massachusetts","2004","OW","The Tax Burden on Tobacco","Cigarette Sales","Average Cost per pack","5,028","$","Dollars","    (42.27687047, -72.082690675)","Table 13- Orzechowski and Walker, Tax Burden on Tobacco","POL","450POL","450CGS","455CGS","1"
"MA","Massachusetts","2004","OW","The Tax Burden on Tobacco","Cigarette Sales","Cigarette Consumption (Pack Sales Per Capita)","43,6",,"Pack","    (42.27687047, -72.082690675)","Table 11- Orzechowski and Walker, Tax Burden on Tobacco","POL","450POL","450CGS","453CGS","2"
"MI","Michigan","2004","OW","The Tax Burden on Tobacco","Cigarette Sales","Average Cost per pack","5,087","$","Dollars","    (44.661319543001, -84.71439027)","Table 13- Orzechowski and Walker, Tax Burden on Tobacco","POL","450POL","450CGS","455CGS","1"
"MI","Michigan","2004","OW","The Tax Burden on Tobacco","Cigarette Sales","Cigarette Consumption (Pack Sales Per Capita)","68,5",,"Pack","    (44.661319543001, -84.71439027)","Table 11- Orzechowski and Walker, Tax Burden on Tobacco","POL","450POL","450CGS","453CGS","2"
"MN","Minnesota","2004","OW","The Tax Burden on Tobacco","Cigarette Sales","Average Cost per pack","3,515","$","Dollars","    (46.355648736, -94.794200503)","Table 13- Orzechowski and Walker, Tax Burden on Tobacco","POL","450POL","450CGS","455CGS","1"
"MN","Minnesota","2004","OW","The Tax Burden on Tobacco","Cigarette Sales","Cigarette Consumption (Pack Sales Per Capita)","73",,"Pack","    (46.355648736, -94.794200503)","Table 11- Orzechowski and Walker, Tax Burden on Tobacco","POL","450POL","450CGS","453CGS","2"
"MS","Mississippi","2004","OW","The Tax Burden on Tobacco","Cigarette Sales","Average Cost per pack","3,203","$","Dollars","    (32.745510099, -89.538030825)","Table 13- Orzechowski and Walker, Tax Burden on Tobacco","POL","450POL","450CGS","455CGS","1"
"MS","Mississippi","2004","OW","The Tax Burden on Tobacco","Cigarette Sales","Cigarette Consumption (Pack Sales Per Capita)","88,4",,"Pack","    (32.745510099, -89.538030825)","Table 11- Orzechowski and Walker, Tax Burden on Tobacco","POL","450POL","450CGS","453CGS","2"
"MO","Missouri","2004","OW","The Tax Burden on Tobacco","Cigarette Sales","Cigarette Consumption (Pack Sales Per Capita)","105",,"Pack","    (38.635790776, -92.566300053)","Table 11- Orzechowski and Walker, Tax Burden on Tobacco","POL","450POL","450CGS","453CGS","2"
"MO","Missouri","2004","OW","The Tax Burden on Tobacco","Cigarette Sales","Average Cost per pack","3,088","$","Dollars","    (38.635790776, -92.566300053)","Table 13- Orzechowski and Walker, Tax Burden on Tobacco","POL","450POL","450CGS","455CGS","1"
"MT","Montana","2004","OW","The Tax Burden on Tobacco","Cigarette Sales","Cigarette Consumption (Pack Sales Per Capita)","68",,"Pack","    (47.066528972, -109.424420645)","Table 11- Orzechowski and Walker, Tax Burden on Tobacco","POL","450POL","450CGS","453CGS","2"
"MT","Montana","2004","OW","The Tax Burden on Tobacco","Cigarette Sales","Average Cost per pack","3,94","$","Dollars","    (47.066528972, -109.424420645)","Table 13- Orzechowski and Walker, Tax Burden on Tobacco","POL","450POL","450CGS","455CGS","1"
"NE","Nebraska","2004","OW","The Tax Burden on Tobacco","Cigarette Sales","Cigarette Consumption (Pack Sales Per Capita)","61,8",,"Pack","    (41.641040988001, -99.365720623)","Table 11- Orzechowski and Walker, Tax Burden on Tobacco","POL","450POL","450CGS","453CGS","2"
"NE","Nebraska","2004","OW","The Tax Burden on Tobacco","Cigarette Sales","Average Cost per pack","3,619","$","Dollars","    (41.641040988001, -99.365720623)","Table 13- Orzechowski and Walker, Tax Burden on Tobacco","POL","450POL","450CGS","455CGS","1"
"NV","Nevada","2004","OW","The Tax Burden on Tobacco","Cigarette Sales","Average Cost per pack","3,83","$","Dollars","    (39.49324039, -117.071840564)","Table 13- Orzechowski and Walker, Tax Burden on Tobacco","POL","450POL","450CGS","455CGS","1"
"NV","Nevada","2004","OW","The Tax Burden on Tobacco","Cigarette Sales","Cigarette Consumption (Pack Sales Per Capita)","69,9",,"Pack","    (39.49324039, -117.071840564)","Table 11- Orzechowski and Walker, Tax Burden on Tobacco","POL","450POL","450CGS","453CGS","2"
"NH","New Hampshire","2004","OW","The Tax Burden on Tobacco","Cigarette Sales","Cigarette Consumption (Pack Sales Per Capita)","148,4",,"Pack","    (43.655950113, -71.50036092)","Table 11- Orzechowski and Walker, Tax Burden on Tobacco","POL","450POL","450CGS","453CGS","2"
"NH","New Hampshire","2004","OW","The Tax Burden on Tobacco","Cigarette Sales","Average Cost per pack","3,516","$","Dollars","    (43.655950113, -71.50036092)","Table 13- Orzechowski and Walker, Tax Burden on Tobacco","POL","450POL","450CGS","455CGS","1"
"NJ","New Jersey","2004","OW","The Tax Burden on Tobacco","Cigarette Sales","Cigarette Consumption (Pack Sales Per Capita)","43",,"Pack","    (40.130570048, -74.273691288)","Table 11- Orzechowski and Walker, Tax Burden on Tobacco","POL","450POL","450CGS","453CGS","2"
"NJ","New Jersey","2004","OW","The Tax Burden on Tobacco","Cigarette Sales","Average Cost per pack","5,617","$","Dollars","    (40.130570048, -74.273691288)","Table 13- Orzechowski and Walker, Tax Burden on Tobacco","POL","450POL","450CGS","455CGS","1"
"NM","New Mexico","2004","OW","The Tax Burden on Tobacco","Cigarette Sales","Cigarette Consumption (Pack Sales Per Capita)","35,4",,"Pack","    (34.520880952, -106.240580985)","Table 11- Orzechowski and Walker, Tax Burden on Tobacco","POL","450POL","450CGS","453CGS","2"
"NM","New Mexico","2004","OW","The Tax Burden on Tobacco","Cigarette Sales","Average Cost per pack","3,883","$","Dollars","    (34.520880952, -106.240580985)","Table 13- Orzechowski and Walker, Tax Burden on Tobacco","POL","450POL","450CGS","455CGS","1"
"NY","New York","2004","OW","The Tax Burden on Tobacco","Cigarette Sales","Average Cost per pack","5,485","$","Dollars","    (42.827001032, -75.543970427)","Table 13- Orzechowski and Walker, Tax Burden on Tobacco","POL","450POL","450CGS","455CGS","1"
"NY","New York","2004","OW","The Tax Burden on Tobacco","Cigarette Sales","Cigarette Consumption (Pack Sales Per Capita)","33,7",,"Pack","    (42.827001032, -75.543970427)","Table 11- Orzechowski and Walker, Tax Burden on Tobacco","POL","450POL","450CGS","453CGS","2"
"NC","North Carolina","2004","OW","The Tax Burden on Tobacco","Cigarette Sales","Average Cost per pack","3,034","$","Dollars","    (35.466220975, -79.159250463)","Table 13- Orzechowski and Walker, Tax Burden on Tobacco","POL","450POL","450CGS","455CGS","1"
"NC","North Carolina","2004","OW","The Tax Burden on Tobacco","Cigarette Sales","Cigarette Consumption (Pack Sales Per Capita)","95,6",,"Pack","    (35.466220975, -79.159250463)","Table 11- Orzechowski and Walker, Tax Burden on Tobacco","POL","450POL","450CGS","453CGS","2"
"ND","North Dakota","2004","OW","The Tax Burden on Tobacco","Cigarette Sales","Average Cost per pack","3,399","$","Dollars","    (47.475319779, -100.118421049)","Table 13- Orzechowski and Walker, Tax Burden on Tobacco","POL","450POL","450CGS","455CGS","1"
"ND","North Dakota","2004","OW","The Tax Burden on Tobacco","Cigarette Sales","Cigarette Consumption (Pack Sales Per Capita)","65,7",,"Pack","    (47.475319779, -100.118421049)","Table 11- Orzechowski and Walker, Tax Burden on Tobacco","POL","450POL","450CGS","453CGS","2"
"OH","Ohio","2004","OW","The Tax Burden on Tobacco","Cigarette Sales","Cigarette Consumption (Pack Sales Per Capita)","85,9",,"Pack","    (40.060210141, -82.404260056)","Table 11- Orzechowski and Walker, Tax Burden on Tobacco","POL","450POL","450CGS","453CGS","2"
"OH","Ohio","2004","OW","The Tax Burden on Tobacco","Cigarette Sales","Average Cost per pack","3,496","$","Dollars","    (40.060210141, -82.404260056)","Table 13- Orzechowski and Walker, Tax Burden on Tobacco","POL","450POL","450CGS","455CGS","1"
"OK","Oklahoma","2004","OW","The Tax Burden on Tobacco","Cigarette Sales","Average Cost per pack","3,222","$","Dollars","    (35.472031356, -97.521070214)","Table 13- Orzechowski and Walker, Tax Burden on Tobacco","POL","450POL","450CGS","455CGS","1"
"OK","Oklahoma","2004","OW","The Tax Burden on Tobacco","Cigarette Sales","Cigarette Consumption (Pack Sales Per Capita)","101,6",,"Pack","    (35.472031356, -97.521070214)","Table 11- Orzechowski and Walker, Tax Burden on Tobacco","POL","450POL","450CGS","453CGS","2"
"OR","Oregon","2004","OW","The Tax Burden on Tobacco","Cigarette Sales","Cigarette Consumption (Pack Sales Per Capita)","55,2",,"Pack","    (44.567449424, -120.155031326)","Table 11- Orzechowski and Walker, Tax Burden on Tobacco","POL","450POL","450CGS","453CGS","2"
"OR","Oregon","2004","OW","The Tax Burden on Tobacco","Cigarette Sales","Average Cost per pack","4,142","$","Dollars","    (44.567449424, -120.155031326)","Table 13- Orzechowski and Walker, Tax Burden on Tobacco","POL","450POL","450CGS","455CGS","1"
"PA","Pennsylvania","2004","OW","The Tax Burden on Tobacco","Cigarette Sales","Cigarette Consumption (Pack Sales Per Capita)","68,9",,"Pack","    (40.793730152, -77.860700294)","Table 11- Orzechowski and Walker, Tax Burden on Tobacco","POL","450POL","450CGS","453CGS","2"
"PA","Pennsylvania","2004","OW","The Tax Burden on Tobacco","Cigarette Sales","Average Cost per pack","4,303","$","Dollars","    (40.793730152, -77.860700294)","Table 13- Orzechowski and Walker, Tax Burden on Tobacco","POL","450POL","450CGS","455CGS","1"
"RI","Rhode Island","2004","OW","The Tax Burden on Tobacco","Cigarette Sales","Cigarette Consumption (Pack Sales Per Capita)","61,1",,"Pack","    (41.708280193, -71.522470314)","Table 11- Orzechowski and Walker, Tax Burden on Tobacco","POL","450POL","450CGS","453CGS","2"
"RI","Rhode Island","2004","OW","The Tax Burden on Tobacco","Cigarette Sales","Average Cost per pack","5,452","$","Dollars","    (41.708280193, -71.522470314)","Table 13- Orzechowski and Walker, Tax Burden on Tobacco","POL","450POL","450CGS","455CGS","1"
"SC","South Carolina","2004","OW","The Tax Burden on Tobacco","Cigarette Sales","Cigarette Consumption (Pack Sales Per Capita)","92,2",,"Pack","    (33.998821303, -81.045371207)","Table 11- Orzechowski and Walker, Tax Burden on Tobacco","POL","450POL","450CGS","453CGS","2"
"SC","South Carolina","2004","OW","The Tax Burden on Tobacco","Cigarette Sales","Average Cost per pack","3,122","$","Dollars","    (33.998821303, -81.045371207)","Table 13- Orzechowski and Walker, Tax Burden on Tobacco","POL","450POL","450CGS","455CGS","1"
"SD","South Dakota","2004","OW","The Tax Burden on Tobacco","Cigarette Sales","Average Cost per pack","3,506","$","Dollars","    (44.353130053, -100.373530637)","Table 13- Orzechowski and Walker, Tax Burden on Tobacco","POL","450POL","450CGS","455CGS","1"
"SD","South Dakota","2004","OW","The Tax Burden on Tobacco","Cigarette Sales","Cigarette Consumption (Pack Sales Per Capita)","69,3",,"Pack","    (44.353130053, -100.373530637)","Table 11- Orzechowski and Walker, Tax Burden on Tobacco","POL","450POL","450CGS","453CGS","2"
"TN","Tennessee","2004","OW","The Tax Burden on Tobacco","Cigarette Sales","Average Cost per pack","3,182","$","Dollars","    (35.68094058, -85.774490914)","Table 13- Orzechowski and Walker, Tax Burden on Tobacco","POL","450POL","450CGS","455CGS","1"
"TN","Tennessee","2004","OW","The Tax Burden on Tobacco","Cigarette Sales","Cigarette Consumption (Pack Sales Per Capita)","96,5",,"Pack","    (35.68094058, -85.774490914)","Table 11- Orzechowski and Walker, Tax Burden on Tobacco","POL","450POL","450CGS","453CGS","2"
"TX","Texas","2004","OW","The Tax Burden on Tobacco","Cigarette Sales","Cigarette Consumption (Pack Sales Per Capita)","55,8",,"Pack","    (31.827240407, -99.426770206)","Table 11- Orzechowski and Walker, Tax Burden on Tobacco","POL","450POL","450CGS","453CGS","2"
"TX","Texas","2004","OW","The Tax Burden on Tobacco","Cigarette Sales","Average Cost per pack","3,364","$","Dollars","    (31.827240407, -99.426770206)","Table 13- Orzechowski and Walker, Tax Burden on Tobacco","POL","450POL","450CGS","455CGS","1"
"UT","Utah","2004","OW","The Tax Burden on Tobacco","Cigarette Sales","Cigarette Consumption (Pack Sales Per Capita)","34,2",,"Pack","    (39.360700171, -111.587130635)","Table 11- Orzechowski and Walker, Tax Burden on Tobacco","POL","450POL","450CGS","453CGS","2"
"UT","Utah","2004","OW","The Tax Burden on Tobacco","Cigarette Sales","Average Cost per pack","3,76","$","Dollars","    (39.360700171, -111.587130635)","Table 13- Orzechowski and Walker, Tax Burden on Tobacco","POL","450POL","450CGS","455CGS","1"
"VT","Vermont","2004","OW","The Tax Burden on Tobacco","Cigarette Sales","Average Cost per pack","4,435","$","Dollars","    (43.625381239, -72.517640791)","Table 13- Orzechowski and Walker, Tax Burden on Tobacco","POL","450POL","450CGS","455CGS","1"
"VT","Vermont","2004","OW","The Tax Burden on Tobacco","Cigarette Sales","Cigarette Consumption (Pack Sales Per Capita)","69,2",,"Pack","    (43.625381239, -72.517640791)","Table 11- Orzechowski and Walker, Tax Burden on Tobacco","POL","450POL","450CGS","453CGS","2"
"VA","Virginia","2004","OW","The Tax Burden on Tobacco","Cigarette Sales","Average Cost per pack","3,282","$","Dollars","    (37.542680674, -78.457890463)","Table 13- Orzechowski and Walker, Tax Burden on Tobacco","POL","450POL","450CGS","455CGS","1"
"VA","Virginia","2004","OW","The Tax Burden on Tobacco","Cigarette Sales","Cigarette Consumption (Pack Sales Per Capita)","97,4",,"Pack","    (37.542680674, -78.457890463)","Table 11- Orzechowski and Walker, Tax Burden on Tobacco","POL","450POL","450CGS","453CGS","2"
"WA","Washington","2004","OW","The Tax Burden on Tobacco","Cigarette Sales","Cigarette Consumption (Pack Sales Per Capita)","37,7",,"Pack","    (47.522278629, -120.47001079)","Table 11- Orzechowski and Walker, Tax Burden on Tobacco","POL","450POL","450CGS","453CGS","2"
"WA","Washington","2004","OW","The Tax Burden on Tobacco","Cigarette Sales","Average Cost per pack","4,728","$","Dollars","    (47.522278629, -120.47001079)","Table 13- Orzechowski and Walker, Tax Burden on Tobacco","POL","450POL","450CGS","455CGS","1"
"WV","West Virginia","2004","OW","The Tax Burden on Tobacco","Cigarette Sales","Average Cost per pack","3,364","$","Dollars","    (38.665510202, -80.712640135)","Table 13- Orzechowski and Walker, Tax Burden on Tobacco","POL","450POL","450CGS","455CGS","1"
"WV","West Virginia","2004","OW","The Tax Burden on Tobacco","Cigarette Sales","Cigarette Consumption (Pack Sales Per Capita)","104",,"Pack","    (38.665510202, -80.712640135)","Table 11- Orzechowski and Walker, Tax Burden on Tobacco","POL","450POL","450CGS","453CGS","2"
"WI","Wisconsin","2004","OW","The Tax Burden on Tobacco","Cigarette Sales","Average Cost per pack","3,761","$","Dollars","    (44.393191174, -89.816370742)","Table 13- Orzechowski and Walker, Tax Burden on Tobacco","POL","450POL","450CGS","455CGS","1"
"WI","Wisconsin","2004","OW","The Tax Burden on Tobacco","Cigarette Sales","Cigarette Consumption (Pack Sales Per Capita)","69,9",,"Pack","    (44.393191174, -89.816370742)","Table 11- Orzechowski and Walker, Tax Burden on Tobacco","POL","450POL","450CGS","453CGS","2"
"WY","Wyoming","2004","OW","The Tax Burden on Tobacco","Cigarette Sales","Cigarette Consumption (Pack Sales Per Capita)","47,5",,"Pack","    (43.235541343, -108.109830353)","Table 11- Orzechowski and Walker, Tax Burden on Tobacco","POL","450POL","450CGS","453CGS","2"
"WY","Wyoming","2004","OW","The Tax Burden on Tobacco","Cigarette Sales","Average Cost per pack","3,621","$","Dollars","    (43.235541343, -108.109830353)","Table 13- Orzechowski and Walker, Tax Burden on Tobacco","POL","450POL","450CGS","455CGS","1"
"AL","Alabama","2003","OW","The Tax Burden on Tobacco","Cigarette Sales","Average Cost per pack","3,234","$","Dollars","    (32.840571122, -86.631860762)","Table 13- Orzechowski and Walker, Tax Burden on Tobacco","POL","450POL","450CGS","455CGS","1"
"AL","Alabama","2003","OW","The Tax Burden on Tobacco","Cigarette Sales","Cigarette Consumption (Pack Sales Per Capita)","82,2",,"Pack","    (32.840571122, -86.631860762)","Table 11- Orzechowski and Walker, Tax Burden on Tobacco","POL","450POL","450CGS","453CGS","2"
"AK","Alaska","2003","OW","The Tax Burden on Tobacco","Cigarette Sales","Average Cost per pack","4,415","$","Dollars","    (64.845079957001, -147.722059036)","Table 13- Orzechowski and Walker, Tax Burden on Tobacco","POL","450POL","450CGS","455CGS","1"
"AK","Alaska","2003","OW","The Tax Burden on Tobacco","Cigarette Sales","Cigarette Consumption (Pack Sales Per Capita)","63,6",,"Pack","    (64.845079957001, -147.722059036)","Table 11- Orzechowski and Walker, Tax Burden on Tobacco","POL","450POL","450CGS","453CGS","2"
"AZ","Arizona","2003","OW","The Tax Burden on Tobacco","Cigarette Sales","Average Cost per pack","4,031","$","Dollars","    (34.86597028, -111.763811277)","Table 13- Orzechowski and Walker, Tax Burden on Tobacco","POL","450POL","450CGS","455CGS","1"
"AZ","Arizona","2003","OW","The Tax Burden on Tobacco","Cigarette Sales","Cigarette Consumption (Pack Sales Per Capita)","48,2",,"Pack","    (34.86597028, -111.763811277)","Table 11- Orzechowski and Walker, Tax Burden on Tobacco","POL","450POL","450CGS","453CGS","2"
"AR","Arkansas","2003","OW","The Tax Burden on Tobacco","Cigarette Sales","Average Cost per pack","3,596","$","Dollars","    (34.748650124, -92.274490743)","Table 13- Orzechowski and Walker, Tax Burden on Tobacco","POL","450POL","450CGS","455CGS","1"
"AR","Arkansas","2003","OW","The Tax Burden on Tobacco","Cigarette Sales","Cigarette Consumption (Pack Sales Per Capita)","91,6",,"Pack","    (34.748650124, -92.274490743)","Table 11- Orzechowski and Walker, Tax Burden on Tobacco","POL","450POL","450CGS","453CGS","2"
"CA","California","2003","OW","The Tax Burden on Tobacco","Cigarette Sales","Average Cost per pack","3,947","$","Dollars","    (37.638640123, -120.999999538)","Table 13- Orzechowski and Walker, Tax Burden on Tobacco","POL","450POL","450CGS","455CGS","1"
"CA","California","2003","OW","The Tax Burden on Tobacco","Cigarette Sales","Cigarette Consumption (Pack Sales Per Capita)","34,7",,"Pack","    (37.638640123, -120.999999538)","Table 11- Orzechowski and Walker, Tax Burden on Tobacco","POL","450POL","450CGS","453CGS","2"
"CO","Colorado","2003","OW","The Tax Burden on Tobacco","Cigarette Sales","Average Cost per pack","3,214","$","Dollars","    (38.843840757, -106.133610921)","Table 13- Orzechowski and Walker, Tax Burden on Tobacco","POL","450POL","450CGS","455CGS","1"
"CO","Colorado","2003","OW","The Tax Burden on Tobacco","Cigarette Sales","Cigarette Consumption (Pack Sales Per Capita)","63,8",,"Pack","    (38.843840757, -106.133610921)","Table 11- Orzechowski and Walker, Tax Burden on Tobacco","POL","450POL","450CGS","453CGS","2"
"CT","Connecticut","2003","OW","The Tax Burden on Tobacco","Cigarette Sales","Average Cost per pack","4,684","$","Dollars","    (41.56266102, -72.649840952)","Table 13- Orzechowski and Walker, Tax Burden on Tobacco","POL","450POL","450CGS","455CGS","1"
"CT","Connecticut","2003","OW","The Tax Burden on Tobacco","Cigarette Sales","Cigarette Consumption (Pack Sales Per Capita)","59,7",,"Pack","    (41.56266102, -72.649840952)","Table 11- Orzechowski and Walker, Tax Burden on Tobacco","POL","450POL","450CGS","453CGS","2"
"DE","Delaware","2003","OW","The Tax Burden on Tobacco","Cigarette Sales","Cigarette Consumption (Pack Sales Per Capita)","184,2",,"Pack","    (39.008830667, -75.577741168)","Table 11- Orzechowski and Walker, Tax Burden on Tobacco","POL","450POL","450CGS","453CGS","2"
"DE","Delaware","2003","OW","The Tax Burden on Tobacco","Cigarette Sales","Average Cost per pack","3,532","$","Dollars","    (39.008830667, -75.577741168)","Table 13- Orzechowski and Walker, Tax Burden on Tobacco","POL","450POL","450CGS","455CGS","1"
"DC","District of Columbia","2003","OW","The Tax Burden on Tobacco","Cigarette Sales","Cigarette Consumption (Pack Sales Per Capita)","45,6",,"Pack","    (38.890371385, -77.031961127)","Table 11- Orzechowski and Walker, Tax Burden on Tobacco","POL","450POL","450CGS","453CGS","2"
"DC","District of Columbia","2003","OW","The Tax Burden on Tobacco","Cigarette Sales","Average Cost per pack","4,104","$","Dollars","    (38.890371385, -77.031961127)","Table 13- Orzechowski and Walker, Tax Burden on Tobacco","POL","450POL","450CGS","455CGS","1"
"FL","Florida","2003","OW","The Tax Burden on Tobacco","Cigarette Sales","Average Cost per pack","3,312","$","Dollars","    (28.932040377, -81.928960539)","Table 13- Orzechowski and Walker, Tax Burden on Tobacco","POL","450POL","450CGS","455CGS","1"
"FL","Florida","2003","OW","The Tax Burden on Tobacco","Cigarette Sales","Cigarette Consumption (Pack Sales Per Capita)","76,7",,"Pack","    (28.932040377, -81.928960539)","Table 11- Orzechowski and Walker, Tax Burden on Tobacco","POL","450POL","450CGS","453CGS","2"
"GA","Georgia","2003","OW","The Tax Burden on Tobacco","Cigarette Sales","Cigarette Consumption (Pack Sales Per Capita)","83,1",,"Pack","    (32.839681093, -83.627580346)","Table 11- Orzechowski and Walker, Tax Burden on Tobacco","POL","450POL","450CGS","453CGS","2"
"GA","Georgia","2003","OW","The Tax Burden on Tobacco","Cigarette Sales","Average Cost per pack","3,309","$","Dollars","    (32.839681093, -83.627580346)","Table 13- Orzechowski and Walker, Tax Burden on Tobacco","POL","450POL","450CGS","455CGS","1"
"HI","Hawaii","2003","OW","The Tax Burden on Tobacco","Cigarette Sales","Cigarette Consumption (Pack Sales Per Capita)","51,2",,"Pack","    (21.304850435, -157.857749403)","Table 11- Orzechowski and Walker, Tax Burden on Tobacco","POL","450POL","450CGS","453CGS","2"
"HI","Hawaii","2003","OW","The Tax Burden on Tobacco","Cigarette Sales","Average Cost per pack","4,723","$","Dollars","    (21.304850435, -157.857749403)","Table 13- Orzechowski and Walker, Tax Burden on Tobacco","POL","450POL","450CGS","455CGS","1"
"ID","Idaho","2003","OW","The Tax Burden on Tobacco","Cigarette Sales","Average Cost per pack","3,646","$","Dollars","    (43.682630005, -114.363730042)","Table 13- Orzechowski and Walker, Tax Burden on Tobacco","POL","450POL","450CGS","455CGS","1"
"ID","Idaho","2003","OW","The Tax Burden on Tobacco","Cigarette Sales","Cigarette Consumption (Pack Sales Per Capita)","64,7",,"Pack","    (43.682630005, -114.363730042)","Table 11- Orzechowski and Walker, Tax Burden on Tobacco","POL","450POL","450CGS","453CGS","2"
"IL","Illinois","2003","OW","The Tax Burden on Tobacco","Cigarette Sales","Cigarette Consumption (Pack Sales Per Capita)","51,4",,"Pack","    (40.485010283, -88.997710178)","Table 11- Orzechowski and Walker, Tax Burden on Tobacco","POL","450POL","450CGS","453CGS","2"
"IL","Illinois","2003","OW","The Tax Burden on Tobacco","Cigarette Sales","Average Cost per pack","4,058","$","Dollars","    (40.485010283, -88.997710178)","Table 13- Orzechowski and Walker, Tax Burden on Tobacco","POL","450POL","450CGS","455CGS","1"
"IN","Indiana","2003","OW","The Tax Burden on Tobacco","Cigarette Sales","Cigarette Consumption (Pack Sales Per Capita)","101,1",,"Pack","    (39.766910452, -86.149960194)","Table 11- Orzechowski and Walker, Tax Burden on Tobacco","POL","450POL","450CGS","453CGS","2"
"IN","Indiana","2003","OW","The Tax Burden on Tobacco","Cigarette Sales","Average Cost per pack","3,514","$","Dollars","    (39.766910452, -86.149960194)","Table 13- Orzechowski and Walker, Tax Burden on Tobacco","POL","450POL","450CGS","455CGS","1"
"IA","Iowa","2003","OW","The Tax Burden on Tobacco","Cigarette Sales","Cigarette Consumption (Pack Sales Per Capita)","85,4",,"Pack","    (42.469400913, -93.816490556)","Table 11- Orzechowski and Walker, Tax Burden on Tobacco","POL","450POL","450CGS","453CGS","2"
"IA","Iowa","2003","OW","The Tax Burden on Tobacco","Cigarette Sales","Average Cost per pack","3,332","$","Dollars","    (42.469400913, -93.816490556)","Table 13- Orzechowski and Walker, Tax Burden on Tobacco","POL","450POL","450CGS","455CGS","1"
"KS","Kansas","2003","OW","The Tax Burden on Tobacco","Cigarette Sales","Cigarette Consumption (Pack Sales Per Capita)","60,7",,"Pack","    (38.3477403, -98.200781227)","Table 11- Orzechowski and Walker, Tax Burden on Tobacco","POL","450POL","450CGS","453CGS","2"
"KS","Kansas","2003","OW","The Tax Burden on Tobacco","Cigarette Sales","Average Cost per pack","3,87","$","Dollars","    (38.3477403, -98.200781227)","Table 13- Orzechowski and Walker, Tax Burden on Tobacco","POL","450POL","450CGS","455CGS","1"
"KY","Kentucky","2003","OW","The Tax Burden on Tobacco","Cigarette Sales","Average Cost per pack","3,101","$","Dollars","    (37.645970271, -84.774971048)","Table 13- Orzechowski and Walker, Tax Burden on Tobacco","POL","450POL","450CGS","455CGS","1"
"KY","Kentucky","2003","OW","The Tax Burden on Tobacco","Cigarette Sales","Cigarette Consumption (Pack Sales Per Capita)","175,8",,"Pack","    (37.645970271, -84.774971048)","Table 11- Orzechowski and Walker, Tax Burden on Tobacco","POL","450POL","450CGS","453CGS","2"
"LA","Louisiana","2003","OW","The Tax Burden on Tobacco","Cigarette Sales","Average Cost per pack","3,41","$","Dollars","    (31.312660644, -92.445680071)","Table 13- Orzechowski and Walker, Tax Burden on Tobacco","POL","450POL","450CGS","455CGS","1"
"LA","Louisiana","2003","OW","The Tax Burden on Tobacco","Cigarette Sales","Cigarette Consumption (Pack Sales Per Capita)","82,9",,"Pack","    (31.312660644, -92.445680071)","Table 11- Orzechowski and Walker, Tax Burden on Tobacco","POL","450POL","450CGS","453CGS","2"
"ME","Maine","2003","OW","The Tax Burden on Tobacco","Cigarette Sales","Average Cost per pack","4,281","$","Dollars","    (45.254228894001, -68.985031336)","Table 13- Orzechowski and Walker, Tax Burden on Tobacco","POL","450POL","450CGS","455CGS","1"
"ME","Maine","2003","OW","The Tax Burden on Tobacco","Cigarette Sales","Cigarette Consumption (Pack Sales Per Capita)","74,6",,"Pack","    (45.254228894001, -68.985031336)","Table 11- Orzechowski and Walker, Tax Burden on Tobacco","POL","450POL","450CGS","453CGS","2"
"MD","Maryland","2003","OW","The Tax Burden on Tobacco","Cigarette Sales","Average Cost per pack","4,105","$","Dollars","    (39.290580964, -76.609260111)","Table 13- Orzechowski and Walker, Tax Burden on Tobacco","POL","450POL","450CGS","455CGS","1"
"MD","Maryland","2003","OW","The Tax Burden on Tobacco","Cigarette Sales","Cigarette Consumption (Pack Sales Per Capita)","49,5",,"Pack","    (39.290580964, -76.609260111)","Table 11- Orzechowski and Walker, Tax Burden on Tobacco","POL","450POL","450CGS","453CGS","2"
"MA","Massachusetts","2003","OW","The Tax Burden on Tobacco","Cigarette Sales","Cigarette Consumption (Pack Sales Per Capita)","47,5",,"Pack","    (42.27687047, -72.082690675)","Table 11- Orzechowski and Walker, Tax Burden on Tobacco","POL","450POL","450CGS","453CGS","2"
"MA","Massachusetts","2003","OW","The Tax Burden on Tobacco","Cigarette Sales","Average Cost per pack","5,153","$","Dollars","    (42.27687047, -72.082690675)","Table 13- Orzechowski and Walker, Tax Burden on Tobacco","POL","450POL","450CGS","455CGS","1"
"MI","Michigan","2003","OW","The Tax Burden on Tobacco","Cigarette Sales","Cigarette Consumption (Pack Sales Per Capita)","72,3",,"Pack","    (44.661319543001, -84.71439027)","Table 11- Orzechowski and Walker, Tax Burden on Tobacco","POL","450POL","450CGS","453CGS","2"
"MI","Michigan","2003","OW","The Tax Burden on Tobacco","Cigarette Sales","Average Cost per pack","4,334","$","Dollars","    (44.661319543001, -84.71439027)","Table 13- Orzechowski and Walker, Tax Burden on Tobacco","POL","450POL","450CGS","455CGS","1"
"MN","Minnesota","2003","OW","The Tax Burden on Tobacco","Cigarette Sales","Cigarette Consumption (Pack Sales Per Capita)","71,7",,"Pack","    (46.355648736, -94.794200503)","Table 11- Orzechowski and Walker, Tax Burden on Tobacco","POL","450POL","450CGS","453CGS","2"
"MN","Minnesota","2003","OW","The Tax Burden on Tobacco","Cigarette Sales","Average Cost per pack","3,429","$","Dollars","    (46.355648736, -94.794200503)","Table 13- Orzechowski and Walker, Tax Burden on Tobacco","POL","450POL","450CGS","455CGS","1"
"MS","Mississippi","2003","OW","The Tax Burden on Tobacco","Cigarette Sales","Average Cost per pack","3,215","$","Dollars","    (32.745510099, -89.538030825)","Table 13- Orzechowski and Walker, Tax Burden on Tobacco","POL","450POL","450CGS","455CGS","1"
"MS","Mississippi","2003","OW","The Tax Burden on Tobacco","Cigarette Sales","Cigarette Consumption (Pack Sales Per Capita)","91,2",,"Pack","    (32.745510099, -89.538030825)","Table 11- Orzechowski and Walker, Tax Burden on Tobacco","POL","450POL","450CGS","453CGS","2"
"MO","Missouri","2003","OW","The Tax Burden on Tobacco","Cigarette Sales","Cigarette Consumption (Pack Sales Per Capita)","106,4",,"Pack","    (38.635790776, -92.566300053)","Table 11- Orzechowski and Walker, Tax Burden on Tobacco","POL","450POL","450CGS","453CGS","2"
"MO","Missouri","2003","OW","The Tax Burden on Tobacco","Cigarette Sales","Average Cost per pack","3,161","$","Dollars","    (38.635790776, -92.566300053)","Table 13- Orzechowski and Walker, Tax Burden on Tobacco","POL","450POL","450CGS","455CGS","1"
"MT","Montana","2003","OW","The Tax Burden on Tobacco","Cigarette Sales","Cigarette Consumption (Pack Sales Per Capita)","71,7",,"Pack","    (47.066528972, -109.424420645)","Table 11- Orzechowski and Walker, Tax Burden on Tobacco","POL","450POL","450CGS","453CGS","2"
"MT","Montana","2003","OW","The Tax Burden on Tobacco","Cigarette Sales","Average Cost per pack","3,834","$","Dollars","    (47.066528972, -109.424420645)","Table 13- Orzechowski and Walker, Tax Burden on Tobacco","POL","450POL","450CGS","455CGS","1"
"NE","Nebraska","2003","OW","The Tax Burden on Tobacco","Cigarette Sales","Average Cost per pack","3,791","$","Dollars","    (41.641040988001, -99.365720623)","Table 13- Orzechowski and Walker, Tax Burden on Tobacco","POL","450POL","450CGS","455CGS","1"
"NE","Nebraska","2003","OW","The Tax Burden on Tobacco","Cigarette Sales","Cigarette Consumption (Pack Sales Per Capita)","68,4",,"Pack","    (41.641040988001, -99.365720623)","Table 11- Orzechowski and Walker, Tax Burden on Tobacco","POL","450POL","450CGS","453CGS","2"
"NV","Nevada","2003","OW","The Tax Burden on Tobacco","Cigarette Sales","Cigarette Consumption (Pack Sales Per Capita)","86,6",,"Pack","    (39.49324039, -117.071840564)","Table 11- Orzechowski and Walker, Tax Burden on Tobacco","POL","450POL","450CGS","453CGS","2"
"NV","Nevada","2003","OW","The Tax Burden on Tobacco","Cigarette Sales","Average Cost per pack","3,767","$","Dollars","    (39.49324039, -117.071840564)","Table 13- Orzechowski and Walker, Tax Burden on Tobacco","POL","450POL","450CGS","455CGS","1"
"NH","New Hampshire","2003","OW","The Tax Burden on Tobacco","Cigarette Sales","Average Cost per pack","3,57","$","Dollars","    (43.655950113, -71.50036092)","Table 13- Orzechowski and Walker, Tax Burden on Tobacco","POL","450POL","450CGS","455CGS","1"
"NH","New Hampshire","2003","OW","The Tax Burden on Tobacco","Cigarette Sales","Cigarette Consumption (Pack Sales Per Capita)","146,2",,"Pack","    (43.655950113, -71.50036092)","Table 11- Orzechowski and Walker, Tax Burden on Tobacco","POL","450POL","450CGS","453CGS","2"
"NJ","New Jersey","2003","OW","The Tax Burden on Tobacco","Cigarette Sales","Average Cost per pack","5,47","$","Dollars","    (40.130570048, -74.273691288)","Table 13- Orzechowski and Walker, Tax Burden on Tobacco","POL","450POL","450CGS","455CGS","1"
"NJ","New Jersey","2003","OW","The Tax Burden on Tobacco","Cigarette Sales","Cigarette Consumption (Pack Sales Per Capita)","48,1",,"Pack","    (40.130570048, -74.273691288)","Table 11- Orzechowski and Walker, Tax Burden on Tobacco","POL","450POL","450CGS","453CGS","2"
"NM","New Mexico","2003","OW","The Tax Burden on Tobacco","Cigarette Sales","Cigarette Consumption (Pack Sales Per Capita)","53,5",,"Pack","    (34.520880952, -106.240580985)","Table 11- Orzechowski and Walker, Tax Burden on Tobacco","POL","450POL","450CGS","453CGS","2"
"NM","New Mexico","2003","OW","The Tax Burden on Tobacco","Cigarette Sales","Average Cost per pack","3,787","$","Dollars","    (34.520880952, -106.240580985)","Table 13- Orzechowski and Walker, Tax Burden on Tobacco","POL","450POL","450CGS","455CGS","1"
"NY","New York","2003","OW","The Tax Burden on Tobacco","Cigarette Sales","Cigarette Consumption (Pack Sales Per Capita)","35,3",,"Pack","    (42.827001032, -75.543970427)","Table 11- Orzechowski and Walker, Tax Burden on Tobacco","POL","450POL","450CGS","453CGS","2"
"NY","New York","2003","OW","The Tax Burden on Tobacco","Cigarette Sales","Average Cost per pack","5,54","$","Dollars","    (42.827001032, -75.543970427)","Table 13- Orzechowski and Walker, Tax Burden on Tobacco","POL","450POL","450CGS","455CGS","1"
"NC","North Carolina","2003","OW","The Tax Burden on Tobacco","Cigarette Sales","Cigarette Consumption (Pack Sales Per Capita)","97,7",,"Pack","    (35.466220975, -79.159250463)","Table 11- Orzechowski and Walker, Tax Burden on Tobacco","POL","450POL","450CGS","453CGS","2"
"NC","North Carolina","2003","OW","The Tax Burden on Tobacco","Cigarette Sales","Average Cost per pack","3,112","$","Dollars","    (35.466220975, -79.159250463)","Table 13- Orzechowski and Walker, Tax Burden on Tobacco","POL","450POL","450CGS","455CGS","1"
"ND","North Dakota","2003","OW","The Tax Burden on Tobacco","Cigarette Sales","Cigarette Consumption (Pack Sales Per Capita)","65,7",,"Pack","    (47.475319779, -100.118421049)","Table 11- Orzechowski and Walker, Tax Burden on Tobacco","POL","450POL","450CGS","453CGS","2"
"ND","North Dakota","2003","OW","The Tax Burden on Tobacco","Cigarette Sales","Average Cost per pack","3,533","$","Dollars","    (47.475319779, -100.118421049)","Table 13- Orzechowski and Walker, Tax Burden on Tobacco","POL","450POL","450CGS","455CGS","1"
"OH","Ohio","2003","OW","The Tax Burden on Tobacco","Cigarette Sales","Average Cost per pack","3,588","$","Dollars","    (40.060210141, -82.404260056)","Table 13- Orzechowski and Walker, Tax Burden on Tobacco","POL","450POL","450CGS","455CGS","1"
"OH","Ohio","2003","OW","The Tax Burden on Tobacco","Cigarette Sales","Cigarette Consumption (Pack Sales Per Capita)","90,2",,"Pack","    (40.060210141, -82.404260056)","Table 11- Orzechowski and Walker, Tax Burden on Tobacco","POL","450POL","450CGS","453CGS","2"
"OK","Oklahoma","2003","OW","The Tax Burden on Tobacco","Cigarette Sales","Average Cost per pack","3,225","$","Dollars","    (35.472031356, -97.521070214)","Table 13- Orzechowski and Walker, Tax Burden on Tobacco","POL","450POL","450CGS","455CGS","1"
"OK","Oklahoma","2003","OW","The Tax Burden on Tobacco","Cigarette Sales","Cigarette Consumption (Pack Sales Per Capita)","103",,"Pack","    (35.472031356, -97.521070214)","Table 11- Orzechowski and Walker, Tax Burden on Tobacco","POL","450POL","450CGS","453CGS","2"
"OR","Oregon","2003","OW","The Tax Burden on Tobacco","Cigarette Sales","Cigarette Consumption (Pack Sales Per Capita)","60,9",,"Pack","    (44.567449424, -120.155031326)","Table 11- Orzechowski and Walker, Tax Burden on Tobacco","POL","450POL","450CGS","453CGS","2"
"OR","Oregon","2003","OW","The Tax Burden on Tobacco","Cigarette Sales","Average Cost per pack","4,239","$","Dollars","    (44.567449424, -120.155031326)","Table 13- Orzechowski and Walker, Tax Burden on Tobacco","POL","450POL","450CGS","455CGS","1"
"PA","Pennsylvania","2003","OW","The Tax Burden on Tobacco","Cigarette Sales","Average Cost per pack","3,907","$","Dollars","    (40.793730152, -77.860700294)","Table 13- Orzechowski and Walker, Tax Burden on Tobacco","POL","450POL","450CGS","455CGS","1"
"PA","Pennsylvania","2003","OW","The Tax Burden on Tobacco","Cigarette Sales","Cigarette Consumption (Pack Sales Per Capita)","74,7",,"Pack","    (40.793730152, -77.860700294)","Table 11- Orzechowski and Walker, Tax Burden on Tobacco","POL","450POL","450CGS","453CGS","2"
"RI","Rhode Island","2003","OW","The Tax Burden on Tobacco","Cigarette Sales","Average Cost per pack","4,802","$","Dollars","    (41.708280193, -71.522470314)","Table 13- Orzechowski and Walker, Tax Burden on Tobacco","POL","450POL","450CGS","455CGS","1"
"RI","Rhode Island","2003","OW","The Tax Burden on Tobacco","Cigarette Sales","Cigarette Consumption (Pack Sales Per Capita)","67,3",,"Pack","    (41.708280193, -71.522470314)","Table 11- Orzechowski and Walker, Tax Burden on Tobacco","POL","450POL","450CGS","453CGS","2"
"SC","South Carolina","2003","OW","The Tax Burden on Tobacco","Cigarette Sales","Cigarette Consumption (Pack Sales Per Capita)","95,7",,"Pack","    (33.998821303, -81.045371207)","Table 11- Orzechowski and Walker, Tax Burden on Tobacco","POL","450POL","450CGS","453CGS","2"
"SC","South Carolina","2003","OW","The Tax Burden on Tobacco","Cigarette Sales","Average Cost per pack","3,167","$","Dollars","    (33.998821303, -81.045371207)","Table 13- Orzechowski and Walker, Tax Burden on Tobacco","POL","450POL","450CGS","455CGS","1"
"SD","South Dakota","2003","OW","The Tax Burden on Tobacco","Cigarette Sales","Cigarette Consumption (Pack Sales Per Capita)","73,2",,"Pack","    (44.353130053, -100.373530637)","Table 11- Orzechowski and Walker, Tax Burden on Tobacco","POL","450POL","450CGS","453CGS","2"
"SD","South Dakota","2003","OW","The Tax Burden on Tobacco","Cigarette Sales","Average Cost per pack","3,483","$","Dollars","    (44.353130053, -100.373530637)","Table 13- Orzechowski and Walker, Tax Burden on Tobacco","POL","450POL","450CGS","455CGS","1"
"TN","Tennessee","2003","OW","The Tax Burden on Tobacco","Cigarette Sales","Average Cost per pack","3,182","$","Dollars","    (35.68094058, -85.774490914)","Table 13- Orzechowski and Walker, Tax Burden on Tobacco","POL","450POL","450CGS","455CGS","1"
"TN","Tennessee","2003","OW","The Tax Burden on Tobacco","Cigarette Sales","Cigarette Consumption (Pack Sales Per Capita)","93,2",,"Pack","    (35.68094058, -85.774490914)","Table 11- Orzechowski and Walker, Tax Burden on Tobacco","POL","450POL","450CGS","453CGS","2"
"TX","Texas","2003","OW","The Tax Burden on Tobacco","Cigarette Sales","Average Cost per pack","3,487","$","Dollars","    (31.827240407, -99.426770206)","Table 13- Orzechowski and Walker, Tax Burden on Tobacco","POL","450POL","450CGS","455CGS","1"
"TX","Texas","2003","OW","The Tax Burden on Tobacco","Cigarette Sales","Cigarette Consumption (Pack Sales Per Capita)","58,9",,"Pack","    (31.827240407, -99.426770206)","Table 11- Orzechowski and Walker, Tax Burden on Tobacco","POL","450POL","450CGS","453CGS","2"
"UT","Utah","2003","OW","The Tax Burden on Tobacco","Cigarette Sales","Average Cost per pack","3,701","$","Dollars","    (39.360700171, -111.587130635)","Table 13- Orzechowski and Walker, Tax Burden on Tobacco","POL","450POL","450CGS","455CGS","1"
"UT","Utah","2003","OW","The Tax Burden on Tobacco","Cigarette Sales","Cigarette Consumption (Pack Sales Per Capita)","36,5",,"Pack","    (39.360700171, -111.587130635)","Table 11- Orzechowski and Walker, Tax Burden on Tobacco","POL","450POL","450CGS","453CGS","2"
"VT","Vermont","2003","OW","The Tax Burden on Tobacco","Cigarette Sales","Average Cost per pack","4,352","$","Dollars","    (43.625381239, -72.517640791)","Table 13- Orzechowski and Walker, Tax Burden on Tobacco","POL","450POL","450CGS","455CGS","1"
"VT","Vermont","2003","OW","The Tax Burden on Tobacco","Cigarette Sales","Cigarette Consumption (Pack Sales Per Capita)","77,9",,"Pack","    (43.625381239, -72.517640791)","Table 11- Orzechowski and Walker, Tax Burden on Tobacco","POL","450POL","450CGS","453CGS","2"
"VA","Virginia","2003","OW","The Tax Burden on Tobacco","Cigarette Sales","Average Cost per pack","3,218","$","Dollars","    (37.542680674, -78.457890463)","Table 13- Orzechowski and Walker, Tax Burden on Tobacco","POL","450POL","450CGS","455CGS","1"
"VA","Virginia","2003","OW","The Tax Burden on Tobacco","Cigarette Sales","Cigarette Consumption (Pack Sales Per Capita)","95,5",,"Pack","    (37.542680674, -78.457890463)","Table 11- Orzechowski and Walker, Tax Burden on Tobacco","POL","450POL","450CGS","453CGS","2"
"WA","Washington","2003","OW","The Tax Burden on Tobacco","Cigarette Sales","Average Cost per pack","4,661","$","Dollars","    (47.522278629, -120.47001079)","Table 13- Orzechowski and Walker, Tax Burden on Tobacco","POL","450POL","450CGS","455CGS","1"
"WA","Washington","2003","OW","The Tax Burden on Tobacco","Cigarette Sales","Cigarette Consumption (Pack Sales Per Capita)","40,1",,"Pack","    (47.522278629, -120.47001079)","Table 11- Orzechowski and Walker, Tax Burden on Tobacco","POL","450POL","450CGS","453CGS","2"
"WV","West Virginia","2003","OW","The Tax Burden on Tobacco","Cigarette Sales","Average Cost per pack","3,463","$","Dollars","    (38.665510202, -80.712640135)","Table 13- Orzechowski and Walker, Tax Burden on Tobacco","POL","450POL","450CGS","455CGS","1"
"WV","West Virginia","2003","OW","The Tax Burden on Tobacco","Cigarette Sales","Cigarette Consumption (Pack Sales Per Capita)","122,2",,"Pack","    (38.665510202, -80.712640135)","Table 11- Orzechowski and Walker, Tax Burden on Tobacco","POL","450POL","450CGS","453CGS","2"
"WI","Wisconsin","2003","OW","The Tax Burden on Tobacco","Cigarette Sales","Average Cost per pack","3,813","$","Dollars","    (44.393191174, -89.816370742)","Table 13- Orzechowski and Walker, Tax Burden on Tobacco","POL","450POL","450CGS","455CGS","1"
"WI","Wisconsin","2003","OW","The Tax Burden on Tobacco","Cigarette Sales","Cigarette Consumption (Pack Sales Per Capita)","71",,"Pack","    (44.393191174, -89.816370742)","Table 11- Orzechowski and Walker, Tax Burden on Tobacco","POL","450POL","450CGS","453CGS","2"
"WY","Wyoming","2003","OW","The Tax Burden on Tobacco","Cigarette Sales","Cigarette Consumption (Pack Sales Per Capita)","115,5",,"Pack","    (43.235541343, -108.109830353)","Table 11- Orzechowski and Walker, Tax Burden on Tobacco","POL","450POL","450CGS","453CGS","2"
"WY","Wyoming","2003","OW","The Tax Burden on Tobacco","Cigarette Sales","Average Cost per pack","3,556","$","Dollars","    (43.235541343, -108.109830353)","Table 13- Orzechowski and Walker, Tax Burden on Tobacco","POL","450POL","450CGS","455CGS","1"
"AL","Alabama","2002","OW","The Tax Burden on Tobacco","Cigarette Sales","Average Cost per pack","3,282","$","Dollars","    (32.840571122, -86.631860762)","Table 13- Orzechowski and Walker, Tax Burden on Tobacco","POL","450POL","450CGS","455CGS","1"
"AL","Alabama","2002","OW","The Tax Burden on Tobacco","Cigarette Sales","Cigarette Consumption (Pack Sales Per Capita)","84,8",,"Pack","    (32.840571122, -86.631860762)","Table 11- Orzechowski and Walker, Tax Burden on Tobacco","POL","450POL","450CGS","453CGS","2"
"AK","Alaska","2002","OW","The Tax Burden on Tobacco","Cigarette Sales","Cigarette Consumption (Pack Sales Per Capita)","63,7",,"Pack","    (64.845079957001, -147.722059036)","Table 11- Orzechowski and Walker, Tax Burden on Tobacco","POL","450POL","450CGS","453CGS","2"
"AK","Alaska","2002","OW","The Tax Burden on Tobacco","Cigarette Sales","Average Cost per pack","4,591","$","Dollars","    (64.845079957001, -147.722059036)","Table 13- Orzechowski and Walker, Tax Burden on Tobacco","POL","450POL","450CGS","455CGS","1"
"AZ","Arizona","2002","OW","The Tax Burden on Tobacco","Cigarette Sales","Average Cost per pack","3,85","$","Dollars","    (34.86597028, -111.763811277)","Table 13- Orzechowski and Walker, Tax Burden on Tobacco","POL","450POL","450CGS","455CGS","1"
"AZ","Arizona","2002","OW","The Tax Burden on Tobacco","Cigarette Sales","Cigarette Consumption (Pack Sales Per Capita)","52",,"Pack","    (34.86597028, -111.763811277)","Table 11- Orzechowski and Walker, Tax Burden on Tobacco","POL","450POL","450CGS","453CGS","2"
"AR","Arkansas","2002","OW","The Tax Burden on Tobacco","Cigarette Sales","Cigarette Consumption (Pack Sales Per Capita)","87,2",,"Pack","    (34.748650124, -92.274490743)","Table 11- Orzechowski and Walker, Tax Burden on Tobacco","POL","450POL","450CGS","453CGS","2"
"AR","Arkansas","2002","OW","The Tax Burden on Tobacco","Cigarette Sales","Average Cost per pack","3,522","$","Dollars","    (34.748650124, -92.274490743)","Table 13- Orzechowski and Walker, Tax Burden on Tobacco","POL","450POL","450CGS","455CGS","1"
"CA","California","2002","OW","The Tax Burden on Tobacco","Cigarette Sales","Average Cost per pack","4,081","$","Dollars","    (37.638640123, -120.999999538)","Table 13- Orzechowski and Walker, Tax Burden on Tobacco","POL","450POL","450CGS","455CGS","1"
"CA","California","2002","OW","The Tax Burden on Tobacco","Cigarette Sales","Cigarette Consumption (Pack Sales Per Capita)","35,8",,"Pack","    (37.638640123, -120.999999538)","Table 11- Orzechowski and Walker, Tax Burden on Tobacco","POL","450POL","450CGS","453CGS","2"
"CO","Colorado","2002","OW","The Tax Burden on Tobacco","Cigarette Sales","Cigarette Consumption (Pack Sales Per Capita)","66,2",,"Pack","    (38.843840757, -106.133610921)","Table 11- Orzechowski and Walker, Tax Burden on Tobacco","POL","450POL","450CGS","453CGS","2"
"CO","Colorado","2002","OW","The Tax Burden on Tobacco","Cigarette Sales","Average Cost per pack","3,264","$","Dollars","    (38.843840757, -106.133610921)","Table 13- Orzechowski and Walker, Tax Burden on Tobacco","POL","450POL","450CGS","455CGS","1"
"CT","Connecticut","2002","OW","The Tax Burden on Tobacco","Cigarette Sales","Cigarette Consumption (Pack Sales Per Capita)","66,4",,"Pack","    (41.56266102, -72.649840952)","Table 11- Orzechowski and Walker, Tax Burden on Tobacco","POL","450POL","450CGS","453CGS","2"
"CT","Connecticut","2002","OW","The Tax Burden on Tobacco","Cigarette Sales","Average Cost per pack","4,318","$","Dollars","    (41.56266102, -72.649840952)","Table 13- Orzechowski and Walker, Tax Burden on Tobacco","POL","450POL","450CGS","455CGS","1"
"DE","Delaware","2002","OW","The Tax Burden on Tobacco","Cigarette Sales","Cigarette Consumption (Pack Sales Per Capita)","142,4",,"Pack","    (39.008830667, -75.577741168)","Table 11- Orzechowski and Walker, Tax Burden on Tobacco","POL","450POL","450CGS","453CGS","2"
"DE","Delaware","2002","OW","The Tax Burden on Tobacco","Cigarette Sales","Average Cost per pack","3,23","$","Dollars","    (39.008830667, -75.577741168)","Table 13- Orzechowski and Walker, Tax Burden on Tobacco","POL","450POL","450CGS","455CGS","1"
"DC","District of Columbia","2002","OW","The Tax Burden on Tobacco","Cigarette Sales","Average Cost per pack","3,811","$","Dollars","    (38.890371385, -77.031961127)","Table 13- Orzechowski and Walker, Tax Burden on Tobacco","POL","450POL","450CGS","455CGS","1"
"DC","District of Columbia","2002","OW","The Tax Burden on Tobacco","Cigarette Sales","Cigarette Consumption (Pack Sales Per Capita)","44,4",,"Pack","    (38.890371385, -77.031961127)","Table 11- Orzechowski and Walker, Tax Burden on Tobacco","POL","450POL","450CGS","453CGS","2"
"FL","Florida","2002","OW","The Tax Burden on Tobacco","Cigarette Sales","Cigarette Consumption (Pack Sales Per Capita)","77,9",,"Pack","    (28.932040377, -81.928960539)","Table 11- Orzechowski and Walker, Tax Burden on Tobacco","POL","450POL","450CGS","453CGS","2"
"FL","Florida","2002","OW","The Tax Burden on Tobacco","Cigarette Sales","Average Cost per pack","3,391","$","Dollars","    (28.932040377, -81.928960539)","Table 13- Orzechowski and Walker, Tax Burden on Tobacco","POL","450POL","450CGS","455CGS","1"
"GA","Georgia","2002","OW","The Tax Burden on Tobacco","Cigarette Sales","Cigarette Consumption (Pack Sales Per Capita)","79,5",,"Pack","    (32.839681093, -83.627580346)","Table 11- Orzechowski and Walker, Tax Burden on Tobacco","POL","450POL","450CGS","453CGS","2"
"GA","Georgia","2002","OW","The Tax Burden on Tobacco","Cigarette Sales","Average Cost per pack","3,156","$","Dollars","    (32.839681093, -83.627580346)","Table 13- Orzechowski and Walker, Tax Burden on Tobacco","POL","450POL","450CGS","455CGS","1"
"HI","Hawaii","2002","OW","The Tax Burden on Tobacco","Cigarette Sales","Average Cost per pack","4,544","$","Dollars","    (21.304850435, -157.857749403)","Table 13- Orzechowski and Walker, Tax Burden on Tobacco","POL","450POL","450CGS","455CGS","1"
"HI","Hawaii","2002","OW","The Tax Burden on Tobacco","Cigarette Sales","Cigarette Consumption (Pack Sales Per Capita)","51,1",,"Pack","    (21.304850435, -157.857749403)","Table 11- Orzechowski and Walker, Tax Burden on Tobacco","POL","450POL","450CGS","453CGS","2"
"ID","Idaho","2002","OW","The Tax Burden on Tobacco","Cigarette Sales","Cigarette Consumption (Pack Sales Per Capita)","63,3",,"Pack","    (43.682630005, -114.363730042)","Table 11- Orzechowski and Walker, Tax Burden on Tobacco","POL","450POL","450CGS","453CGS","2"
"ID","Idaho","2002","OW","The Tax Burden on Tobacco","Cigarette Sales","Average Cost per pack","3,181","$","Dollars","    (43.682630005, -114.363730042)","Table 13- Orzechowski and Walker, Tax Burden on Tobacco","POL","450POL","450CGS","455CGS","1"
"IL","Illinois","2002","OW","The Tax Burden on Tobacco","Cigarette Sales","Cigarette Consumption (Pack Sales Per Capita)","70,9",,"Pack","    (40.485010283, -88.997710178)","Table 11- Orzechowski and Walker, Tax Burden on Tobacco","POL","450POL","450CGS","453CGS","2"
"IL","Illinois","2002","OW","The Tax Burden on Tobacco","Cigarette Sales","Average Cost per pack","4,038","$","Dollars","    (40.485010283, -88.997710178)","Table 13- Orzechowski and Walker, Tax Burden on Tobacco","POL","450POL","450CGS","455CGS","1"
"IN","Indiana","2002","OW","The Tax Burden on Tobacco","Cigarette Sales","Cigarette Consumption (Pack Sales Per Capita)","121,4",,"Pack","    (39.766910452, -86.149960194)","Table 11- Orzechowski and Walker, Tax Burden on Tobacco","POL","450POL","450CGS","453CGS","2"
"IN","Indiana","2002","OW","The Tax Burden on Tobacco","Cigarette Sales","Average Cost per pack","3,574","$","Dollars","    (39.766910452, -86.149960194)","Table 13- Orzechowski and Walker, Tax Burden on Tobacco","POL","450POL","450CGS","455CGS","1"
"IA","Iowa","2002","OW","The Tax Burden on Tobacco","Cigarette Sales","Average Cost per pack","3,314","$","Dollars","    (42.469400913, -93.816490556)","Table 13- Orzechowski and Walker, Tax Burden on Tobacco","POL","450POL","450CGS","455CGS","1"
"IA","Iowa","2002","OW","The Tax Burden on Tobacco","Cigarette Sales","Cigarette Consumption (Pack Sales Per Capita)","85,4",,"Pack","    (42.469400913, -93.816490556)","Table 11- Orzechowski and Walker, Tax Burden on Tobacco","POL","450POL","450CGS","453CGS","2"
"KS","Kansas","2002","OW","The Tax Burden on Tobacco","Cigarette Sales","Cigarette Consumption (Pack Sales Per Capita)","77,5",,"Pack","    (38.3477403, -98.200781227)","Table 11- Orzechowski and Walker, Tax Burden on Tobacco","POL","450POL","450CGS","453CGS","2"
"KS","Kansas","2002","OW","The Tax Burden on Tobacco","Cigarette Sales","Average Cost per pack","3,726","$","Dollars","    (38.3477403, -98.200781227)","Table 13- Orzechowski and Walker, Tax Burden on Tobacco","POL","450POL","450CGS","455CGS","1"
"KY","Kentucky","2002","OW","The Tax Burden on Tobacco","Cigarette Sales","Cigarette Consumption (Pack Sales Per Capita)","140,8",,"Pack","    (37.645970271, -84.774971048)","Table 11- Orzechowski and Walker, Tax Burden on Tobacco","POL","450POL","450CGS","453CGS","2"
"KY","Kentucky","2002","OW","The Tax Burden on Tobacco","Cigarette Sales","Average Cost per pack","2,977","$","Dollars","    (37.645970271, -84.774971048)","Table 13- Orzechowski and Walker, Tax Burden on Tobacco","POL","450POL","450CGS","455CGS","1"
"LA","Louisiana","2002","OW","The Tax Burden on Tobacco","Cigarette Sales","Average Cost per pack","3,332","$","Dollars","    (31.312660644, -92.445680071)","Table 13- Orzechowski and Walker, Tax Burden on Tobacco","POL","450POL","450CGS","455CGS","1"
"LA","Louisiana","2002","OW","The Tax Burden on Tobacco","Cigarette Sales","Cigarette Consumption (Pack Sales Per Capita)","97",,"Pack","    (31.312660644, -92.445680071)","Table 11- Orzechowski and Walker, Tax Burden on Tobacco","POL","450POL","450CGS","453CGS","2"
"ME","Maine","2002","OW","The Tax Burden on Tobacco","Cigarette Sales","Cigarette Consumption (Pack Sales Per Capita)","79,6",,"Pack","    (45.254228894001, -68.985031336)","Table 11- Orzechowski and Walker, Tax Burden on Tobacco","POL","450POL","450CGS","453CGS","2"
"ME","Maine","2002","OW","The Tax Burden on Tobacco","Cigarette Sales","Average Cost per pack","4,176","$","Dollars","    (45.254228894001, -68.985031336)","Table 13- Orzechowski and Walker, Tax Burden on Tobacco","POL","450POL","450CGS","455CGS","1"
"MD","Maryland","2002","OW","The Tax Burden on Tobacco","Cigarette Sales","Average Cost per pack","4,009","$","Dollars","    (39.290580964, -76.609260111)","Table 13- Orzechowski and Walker, Tax Burden on Tobacco","POL","450POL","450CGS","455CGS","1"
"MD","Maryland","2002","OW","The Tax Burden on Tobacco","Cigarette Sales","Cigarette Consumption (Pack Sales Per Capita)","56",,"Pack","    (39.290580964, -76.609260111)","Table 11- Orzechowski and Walker, Tax Burden on Tobacco","POL","450POL","450CGS","453CGS","2"
"MA","Massachusetts","2002","OW","The Tax Burden on Tobacco","Cigarette Sales","Average Cost per pack","4,843","$","Dollars","    (42.27687047, -72.082690675)","Table 13- Orzechowski and Walker, Tax Burden on Tobacco","POL","450POL","450CGS","455CGS","1"
"MA","Massachusetts","2002","OW","The Tax Burden on Tobacco","Cigarette Sales","Cigarette Consumption (Pack Sales Per Capita)","55,5",,"Pack","    (42.27687047, -72.082690675)","Table 11- Orzechowski and Walker, Tax Burden on Tobacco","POL","450POL","450CGS","453CGS","2"
"MI","Michigan","2002","OW","The Tax Burden on Tobacco","Cigarette Sales","Cigarette Consumption (Pack Sales Per Capita)","78,1",,"Pack","    (44.661319543001, -84.71439027)","Table 11- Orzechowski and Walker, Tax Burden on Tobacco","POL","450POL","450CGS","453CGS","2"
"MI","Michigan","2002","OW","The Tax Burden on Tobacco","Cigarette Sales","Average Cost per pack","4,345","$","Dollars","    (44.661319543001, -84.71439027)","Table 13- Orzechowski and Walker, Tax Burden on Tobacco","POL","450POL","450CGS","455CGS","1"
"MN","Minnesota","2002","OW","The Tax Burden on Tobacco","Cigarette Sales","Cigarette Consumption (Pack Sales Per Capita)","71",,"Pack","    (46.355648736, -94.794200503)","Table 11- Orzechowski and Walker, Tax Burden on Tobacco","POL","450POL","450CGS","453CGS","2"
"MN","Minnesota","2002","OW","The Tax Burden on Tobacco","Cigarette Sales","Average Cost per pack","3,523","$","Dollars","    (46.355648736, -94.794200503)","Table 13- Orzechowski and Walker, Tax Burden on Tobacco","POL","450POL","450CGS","455CGS","1"
"MS","Mississippi","2002","OW","The Tax Burden on Tobacco","Cigarette Sales","Average Cost per pack","3,193","$","Dollars","    (32.745510099, -89.538030825)","Table 13- Orzechowski and Walker, Tax Burden on Tobacco","POL","450POL","450CGS","455CGS","1"
"MS","Mississippi","2002","OW","The Tax Burden on Tobacco","Cigarette Sales","Cigarette Consumption (Pack Sales Per Capita)","91,5",,"Pack","    (32.745510099, -89.538030825)","Table 11- Orzechowski and Walker, Tax Burden on Tobacco","POL","450POL","450CGS","453CGS","2"
"MO","Missouri","2002","OW","The Tax Burden on Tobacco","Cigarette Sales","Cigarette Consumption (Pack Sales Per Capita)","99,2",,"Pack","    (38.635790776, -92.566300053)","Table 11- Orzechowski and Walker, Tax Burden on Tobacco","POL","450POL","450CGS","453CGS","2"
"MO","Missouri","2002","OW","The Tax Burden on Tobacco","Cigarette Sales","Average Cost per pack","3,081","$","Dollars","    (38.635790776, -92.566300053)","Table 13- Orzechowski and Walker, Tax Burden on Tobacco","POL","450POL","450CGS","455CGS","1"
"MT","Montana","2002","OW","The Tax Burden on Tobacco","Cigarette Sales","Average Cost per pack","3,217","$","Dollars","    (47.066528972, -109.424420645)","Table 13- Orzechowski and Walker, Tax Burden on Tobacco","POL","450POL","450CGS","455CGS","1"
"MT","Montana","2002","OW","The Tax Burden on Tobacco","Cigarette Sales","Cigarette Consumption (Pack Sales Per Capita)","74,4",,"Pack","    (47.066528972, -109.424420645)","Table 11- Orzechowski and Walker, Tax Burden on Tobacco","POL","450POL","450CGS","453CGS","2"
"NE","Nebraska","2002","OW","The Tax Burden on Tobacco","Cigarette Sales","Cigarette Consumption (Pack Sales Per Capita)","77,3",,"Pack","    (41.641040988001, -99.365720623)","Table 11- Orzechowski and Walker, Tax Burden on Tobacco","POL","450POL","450CGS","453CGS","2"
"NE","Nebraska","2002","OW","The Tax Burden on Tobacco","Cigarette Sales","Average Cost per pack","3,867","$","Dollars","    (41.641040988001, -99.365720623)","Table 13- Orzechowski and Walker, Tax Burden on Tobacco","POL","450POL","450CGS","455CGS","1"
"NV","Nevada","2002","OW","The Tax Burden on Tobacco","Cigarette Sales","Cigarette Consumption (Pack Sales Per Capita)","82,2",,"Pack","    (39.49324039, -117.071840564)","Table 11- Orzechowski and Walker, Tax Burden on Tobacco","POL","450POL","450CGS","453CGS","2"
"NV","Nevada","2002","OW","The Tax Burden on Tobacco","Cigarette Sales","Average Cost per pack","3,308","$","Dollars","    (39.49324039, -117.071840564)","Table 13- Orzechowski and Walker, Tax Burden on Tobacco","POL","450POL","450CGS","455CGS","1"
"NH","New Hampshire","2002","OW","The Tax Burden on Tobacco","Cigarette Sales","Average Cost per pack","3,577","$","Dollars","    (43.655950113, -71.50036092)","Table 13- Orzechowski and Walker, Tax Burden on Tobacco","POL","450POL","450CGS","455CGS","1"
"NH","New Hampshire","2002","OW","The Tax Burden on Tobacco","Cigarette Sales","Cigarette Consumption (Pack Sales Per Capita)","131,6",,"Pack","    (43.655950113, -71.50036092)","Table 11- Orzechowski and Walker, Tax Burden on Tobacco","POL","450POL","450CGS","453CGS","2"
"NJ","New Jersey","2002","OW","The Tax Burden on Tobacco","Cigarette Sales","Average Cost per pack","4,632","$","Dollars","    (40.130570048, -74.273691288)","Table 13- Orzechowski and Walker, Tax Burden on Tobacco","POL","450POL","450CGS","455CGS","1"
"NJ","New Jersey","2002","OW","The Tax Burden on Tobacco","Cigarette Sales","Cigarette Consumption (Pack Sales Per Capita)","58,4",,"Pack","    (40.130570048, -74.273691288)","Table 11- Orzechowski and Walker, Tax Burden on Tobacco","POL","450POL","450CGS","453CGS","2"
"NM","New Mexico","2002","OW","The Tax Burden on Tobacco","Cigarette Sales","Cigarette Consumption (Pack Sales Per Capita)","52,2",,"Pack","    (34.520880952, -106.240580985)","Table 11- Orzechowski and Walker, Tax Burden on Tobacco","POL","450POL","450CGS","453CGS","2"
"NM","New Mexico","2002","OW","The Tax Burden on Tobacco","Cigarette Sales","Average Cost per pack","3,345","$","Dollars","    (34.520880952, -106.240580985)","Table 13- Orzechowski and Walker, Tax Burden on Tobacco","POL","450POL","450CGS","455CGS","1"
"NY","New York","2002","OW","The Tax Burden on Tobacco","Cigarette Sales","Average Cost per pack","5,684","$","Dollars","    (42.827001032, -75.543970427)","Table 13- Orzechowski and Walker, Tax Burden on Tobacco","POL","450POL","450CGS","455CGS","1"
"NY","New York","2002","OW","The Tax Burden on Tobacco","Cigarette Sales","Cigarette Consumption (Pack Sales Per Capita)","46,5",,"Pack","    (42.827001032, -75.543970427)","Table 11- Orzechowski and Walker, Tax Burden on Tobacco","POL","450POL","450CGS","453CGS","2"
"NC","North Carolina","2002","OW","The Tax Burden on Tobacco","Cigarette Sales","Cigarette Consumption (Pack Sales Per Capita)","98,5",,"Pack","    (35.466220975, -79.159250463)","Table 11- Orzechowski and Walker, Tax Burden on Tobacco","POL","450POL","450CGS","453CGS","2"
"NC","North Carolina","2002","OW","The Tax Burden on Tobacco","Cigarette Sales","Average Cost per pack","3,072","$","Dollars","    (35.466220975, -79.159250463)","Table 13- Orzechowski and Walker, Tax Burden on Tobacco","POL","450POL","450CGS","455CGS","1"
"ND","North Dakota","2002","OW","The Tax Burden on Tobacco","Cigarette Sales","Cigarette Consumption (Pack Sales Per Capita)","68,5",,"Pack","    (47.475319779, -100.118421049)","Table 11- Orzechowski and Walker, Tax Burden on Tobacco","POL","450POL","450CGS","453CGS","2"
"ND","North Dakota","2002","OW","The Tax Burden on Tobacco","Cigarette Sales","Average Cost per pack","3,604","$","Dollars","    (47.475319779, -100.118421049)","Table 13- Orzechowski and Walker, Tax Burden on Tobacco","POL","450POL","450CGS","455CGS","1"
"OH","Ohio","2002","OW","The Tax Burden on Tobacco","Cigarette Sales","Cigarette Consumption (Pack Sales Per Capita)","96,8",,"Pack","    (40.060210141, -82.404260056)","Table 11- Orzechowski and Walker, Tax Burden on Tobacco","POL","450POL","450CGS","453CGS","2"
"OH","Ohio","2002","OW","The Tax Burden on Tobacco","Cigarette Sales","Average Cost per pack","3,592","$","Dollars","    (40.060210141, -82.404260056)","Table 13- Orzechowski and Walker, Tax Burden on Tobacco","POL","450POL","450CGS","455CGS","1"
"OK","Oklahoma","2002","OW","The Tax Burden on Tobacco","Cigarette Sales","Cigarette Consumption (Pack Sales Per Capita)","102",,"Pack","    (35.472031356, -97.521070214)","Table 11- Orzechowski and Walker, Tax Burden on Tobacco","POL","450POL","450CGS","453CGS","2"
"OK","Oklahoma","2002","OW","The Tax Burden on Tobacco","Cigarette Sales","Average Cost per pack","3,211","$","Dollars","    (35.472031356, -97.521070214)","Table 13- Orzechowski and Walker, Tax Burden on Tobacco","POL","450POL","450CGS","455CGS","1"
"OR","Oregon","2002","OW","The Tax Burden on Tobacco","Cigarette Sales","Average Cost per pack","4,045","$","Dollars","    (44.567449424, -120.155031326)","Table 13- Orzechowski and Walker, Tax Burden on Tobacco","POL","450POL","450CGS","455CGS","1"
"OR","Oregon","2002","OW","The Tax Burden on Tobacco","Cigarette Sales","Cigarette Consumption (Pack Sales Per Capita)","66,6",,"Pack","    (44.567449424, -120.155031326)","Table 11- Orzechowski and Walker, Tax Burden on Tobacco","POL","450POL","450CGS","453CGS","2"
"PA","Pennsylvania","2002","OW","The Tax Burden on Tobacco","Cigarette Sales","Average Cost per pack","3,977","$","Dollars","    (40.793730152, -77.860700294)","Table 13- Orzechowski and Walker, Tax Burden on Tobacco","POL","450POL","450CGS","455CGS","1"
"PA","Pennsylvania","2002","OW","The Tax Burden on Tobacco","Cigarette Sales","Cigarette Consumption (Pack Sales Per Capita)","86,9",,"Pack","    (40.793730152, -77.860700294)","Table 11- Orzechowski and Walker, Tax Burden on Tobacco","POL","450POL","450CGS","453CGS","2"
"RI","Rhode Island","2002","OW","The Tax Burden on Tobacco","Cigarette Sales","Cigarette Consumption (Pack Sales Per Capita)","74,7",,"Pack","    (41.708280193, -71.522470314)","Table 11- Orzechowski and Walker, Tax Burden on Tobacco","POL","450POL","450CGS","453CGS","2"
"RI","Rhode Island","2002","OW","The Tax Burden on Tobacco","Cigarette Sales","Average Cost per pack","4,42","$","Dollars","    (41.708280193, -71.522470314)","Table 13- Orzechowski and Walker, Tax Burden on Tobacco","POL","450POL","450CGS","455CGS","1"
"SC","South Carolina","2002","OW","The Tax Burden on Tobacco","Cigarette Sales","Cigarette Consumption (Pack Sales Per Capita)","97,5",,"Pack","    (33.998821303, -81.045371207)","Table 11- Orzechowski and Walker, Tax Burden on Tobacco","POL","450POL","450CGS","453CGS","2"
"SC","South Carolina","2002","OW","The Tax Burden on Tobacco","Cigarette Sales","Average Cost per pack","3,106","$","Dollars","    (33.998821303, -81.045371207)","Table 13- Orzechowski and Walker, Tax Burden on Tobacco","POL","450POL","450CGS","455CGS","1"
"SD","South Dakota","2002","OW","The Tax Burden on Tobacco","Cigarette Sales","Cigarette Consumption (Pack Sales Per Capita)","75,4",,"Pack","    (44.353130053, -100.373530637)","Table 11- Orzechowski and Walker, Tax Burden on Tobacco","POL","450POL","450CGS","453CGS","2"
"SD","South Dakota","2002","OW","The Tax Burden on Tobacco","Cigarette Sales","Average Cost per pack","3,405","$","Dollars","    (44.353130053, -100.373530637)","Table 13- Orzechowski and Walker, Tax Burden on Tobacco","POL","450POL","450CGS","455CGS","1"
"TN","Tennessee","2002","OW","The Tax Burden on Tobacco","Cigarette Sales","Cigarette Consumption (Pack Sales Per Capita)","103,4",,"Pack","    (35.68094058, -85.774490914)","Table 11- Orzechowski and Walker, Tax Burden on Tobacco","POL","450POL","450CGS","453CGS","2"
"TN","Tennessee","2002","OW","The Tax Burden on Tobacco","Cigarette Sales","Average Cost per pack","3,269","$","Dollars","    (35.68094058, -85.774490914)","Table 13- Orzechowski and Walker, Tax Burden on Tobacco","POL","450POL","450CGS","455CGS","1"
"TX","Texas","2002","OW","The Tax Burden on Tobacco","Cigarette Sales","Cigarette Consumption (Pack Sales Per Capita)","58,3",,"Pack","    (31.827240407, -99.426770206)","Table 11- Orzechowski and Walker, Tax Burden on Tobacco","POL","450POL","450CGS","453CGS","2"
"TX","Texas","2002","OW","The Tax Burden on Tobacco","Cigarette Sales","Average Cost per pack","3,531","$","Dollars","    (31.827240407, -99.426770206)","Table 13- Orzechowski and Walker, Tax Burden on Tobacco","POL","450POL","450CGS","455CGS","1"
"UT","Utah","2002","OW","The Tax Burden on Tobacco","Cigarette Sales","Average Cost per pack","3,812","$","Dollars","    (39.360700171, -111.587130635)","Table 13- Orzechowski and Walker, Tax Burden on Tobacco","POL","450POL","450CGS","455CGS","1"
"UT","Utah","2002","OW","The Tax Burden on Tobacco","Cigarette Sales","Cigarette Consumption (Pack Sales Per Capita)","40,1",,"Pack","    (39.360700171, -111.587130635)","Table 11- Orzechowski and Walker, Tax Burden on Tobacco","POL","450POL","450CGS","453CGS","2"
"VT","Vermont","2002","OW","The Tax Burden on Tobacco","Cigarette Sales","Cigarette Consumption (Pack Sales Per Capita)","93",,"Pack","    (43.625381239, -72.517640791)","Table 11- Orzechowski and Walker, Tax Burden on Tobacco","POL","450POL","450CGS","453CGS","2"
"VT","Vermont","2002","OW","The Tax Burden on Tobacco","Cigarette Sales","Average Cost per pack","3,903","$","Dollars","    (43.625381239, -72.517640791)","Table 13- Orzechowski and Walker, Tax Burden on Tobacco","POL","450POL","450CGS","455CGS","1"
"VA","Virginia","2002","OW","The Tax Burden on Tobacco","Cigarette Sales","Average Cost per pack","3,076","$","Dollars","    (37.542680674, -78.457890463)","Table 13- Orzechowski and Walker, Tax Burden on Tobacco","POL","450POL","450CGS","455CGS","1"
"VA","Virginia","2002","OW","The Tax Burden on Tobacco","Cigarette Sales","Cigarette Consumption (Pack Sales Per Capita)","92,1",,"Pack","    (37.542680674, -78.457890463)","Table 11- Orzechowski and Walker, Tax Burden on Tobacco","POL","450POL","450CGS","453CGS","2"
"WA","Washington","2002","OW","The Tax Burden on Tobacco","Cigarette Sales","Cigarette Consumption (Pack Sales Per Capita)","45",,"Pack","    (47.522278629, -120.47001079)","Table 11- Orzechowski and Walker, Tax Burden on Tobacco","POL","450POL","450CGS","453CGS","2"
"WA","Washington","2002","OW","The Tax Burden on Tobacco","Cigarette Sales","Average Cost per pack","4,773","$","Dollars","    (47.522278629, -120.47001079)","Table 13- Orzechowski and Walker, Tax Burden on Tobacco","POL","450POL","450CGS","455CGS","1"
"WV","West Virginia","2002","OW","The Tax Burden on Tobacco","Cigarette Sales","Cigarette Consumption (Pack Sales Per Capita)","110,7",,"Pack","    (38.665510202, -80.712640135)","Table 11- Orzechowski and Walker, Tax Burden on Tobacco","POL","450POL","450CGS","453CGS","2"
"WV","West Virginia","2002","OW","The Tax Burden on Tobacco","Cigarette Sales","Average Cost per pack","3,046","$","Dollars","    (38.665510202, -80.712640135)","Table 13- Orzechowski and Walker, Tax Burden on Tobacco","POL","450POL","450CGS","455CGS","1"
"WI","Wisconsin","2002","OW","The Tax Burden on Tobacco","Cigarette Sales","Cigarette Consumption (Pack Sales Per Capita)","75,3",,"Pack","    (44.393191174, -89.816370742)","Table 11- Orzechowski and Walker, Tax Burden on Tobacco","POL","450POL","450CGS","453CGS","2"
"WI","Wisconsin","2002","OW","The Tax Burden on Tobacco","Cigarette Sales","Average Cost per pack","3,951","$","Dollars","    (44.393191174, -89.816370742)","Table 13- Orzechowski and Walker, Tax Burden on Tobacco","POL","450POL","450CGS","455CGS","1"
"WY","Wyoming","2002","OW","The Tax Burden on Tobacco","Cigarette Sales","Cigarette Consumption (Pack Sales Per Capita)","93,2",,"Pack","    (43.235541343, -108.109830353)","Table 11- Orzechowski and Walker, Tax Burden on Tobacco","POL","450POL","450CGS","453CGS","2"
"WY","Wyoming","2002","OW","The Tax Burden on Tobacco","Cigarette Sales","Average Cost per pack","3,139","$","Dollars","    (43.235541343, -108.109830353)","Table 13- Orzechowski and Walker, Tax Burden on Tobacco","POL","450POL","450CGS","455CGS","1"
"AL","Alabama","2001","OW","The Tax Burden on Tobacco","Cigarette Sales","Cigarette Consumption (Pack Sales Per Capita)","90,5",,"Pack","    (32.840571122, -86.631860762)","Table 11- Orzechowski and Walker, Tax Burden on Tobacco","POL","450POL","450CGS","453CGS","2"
"AL","Alabama","2001","OW","The Tax Burden on Tobacco","Cigarette Sales","Average Cost per pack","3,23","$","Dollars","    (32.840571122, -86.631860762)","Table 13- Orzechowski and Walker, Tax Burden on Tobacco","POL","450POL","450CGS","455CGS","1"
"AK","Alaska","2001","OW","The Tax Burden on Tobacco","Cigarette Sales","Average Cost per pack","4,433","$","Dollars","    (64.845079957001, -147.722059036)","Table 13- Orzechowski and Walker, Tax Burden on Tobacco","POL","450POL","450CGS","455CGS","1"
"AK","Alaska","2001","OW","The Tax Burden on Tobacco","Cigarette Sales","Cigarette Consumption (Pack Sales Per Capita)","65,2",,"Pack","    (64.845079957001, -147.722059036)","Table 11- Orzechowski and Walker, Tax Burden on Tobacco","POL","450POL","450CGS","453CGS","2"
"AZ","Arizona","2001","OW","The Tax Burden on Tobacco","Cigarette Sales","Average Cost per pack","3,606","$","Dollars","    (34.86597028, -111.763811277)","Table 13- Orzechowski and Walker, Tax Burden on Tobacco","POL","450POL","450CGS","455CGS","1"
"AZ","Arizona","2001","OW","The Tax Burden on Tobacco","Cigarette Sales","Cigarette Consumption (Pack Sales Per Capita)","54,1",,"Pack","    (34.86597028, -111.763811277)","Table 11- Orzechowski and Walker, Tax Burden on Tobacco","POL","450POL","450CGS","453CGS","2"
"AR","Arkansas","2001","OW","The Tax Burden on Tobacco","Cigarette Sales","Cigarette Consumption (Pack Sales Per Capita)","101,7",,"Pack","    (34.748650124, -92.274490743)","Table 11- Orzechowski and Walker, Tax Burden on Tobacco","POL","450POL","450CGS","453CGS","2"
"AR","Arkansas","2001","OW","The Tax Burden on Tobacco","Cigarette Sales","Average Cost per pack","3,3","$","Dollars","    (34.748650124, -92.274490743)","Table 13- Orzechowski and Walker, Tax Burden on Tobacco","POL","450POL","450CGS","455CGS","1"
"CA","California","2001","OW","The Tax Burden on Tobacco","Cigarette Sales","Cigarette Consumption (Pack Sales Per Capita)","38",,"Pack","    (37.638640123, -120.999999538)","Table 11- Orzechowski and Walker, Tax Burden on Tobacco","POL","450POL","450CGS","453CGS","2"
"CA","California","2001","OW","The Tax Burden on Tobacco","Cigarette Sales","Average Cost per pack","3,977","$","Dollars","    (37.638640123, -120.999999538)","Table 13- Orzechowski and Walker, Tax Burden on Tobacco","POL","450POL","450CGS","455CGS","1"
"CO","Colorado","2001","OW","The Tax Burden on Tobacco","Cigarette Sales","Cigarette Consumption (Pack Sales Per Capita)","70,4",,"Pack","    (38.843840757, -106.133610921)","Table 11- Orzechowski and Walker, Tax Burden on Tobacco","POL","450POL","450CGS","453CGS","2"
"CO","Colorado","2001","OW","The Tax Burden on Tobacco","Cigarette Sales","Average Cost per pack","3,061","$","Dollars","    (38.843840757, -106.133610921)","Table 13- Orzechowski and Walker, Tax Burden on Tobacco","POL","450POL","450CGS","455CGS","1"
"CT","Connecticut","2001","OW","The Tax Burden on Tobacco","Cigarette Sales","Average Cost per pack","3,545","$","Dollars","    (41.56266102, -72.649840952)","Table 13- Orzechowski and Walker, Tax Burden on Tobacco","POL","450POL","450CGS","455CGS","1"
"CT","Connecticut","2001","OW","The Tax Burden on Tobacco","Cigarette Sales","Cigarette Consumption (Pack Sales Per Capita)","68,7",,"Pack","    (41.56266102, -72.649840952)","Table 11- Orzechowski and Walker, Tax Burden on Tobacco","POL","450POL","450CGS","453CGS","2"
"DE","Delaware","2001","OW","The Tax Burden on Tobacco","Cigarette Sales","Cigarette Consumption (Pack Sales Per Capita)","141,4",,"Pack","    (39.008830667, -75.577741168)","Table 11- Orzechowski and Walker, Tax Burden on Tobacco","POL","450POL","450CGS","453CGS","2"
"DE","Delaware","2001","OW","The Tax Burden on Tobacco","Cigarette Sales","Average Cost per pack","3,171","$","Dollars","    (39.008830667, -75.577741168)","Table 13- Orzechowski and Walker, Tax Burden on Tobacco","POL","450POL","450CGS","455CGS","1"
"DC","District of Columbia","2001","OW","The Tax Burden on Tobacco","Cigarette Sales","Cigarette Consumption (Pack Sales Per Capita)","43,9",,"Pack","    (38.890371385, -77.031961127)","Table 11- Orzechowski and Walker, Tax Burden on Tobacco","POL","450POL","450CGS","453CGS","2"
"DC","District of Columbia","2001","OW","The Tax Burden on Tobacco","Cigarette Sales","Average Cost per pack","3,714","$","Dollars","    (38.890371385, -77.031961127)","Table 13- Orzechowski and Walker, Tax Burden on Tobacco","POL","450POL","450CGS","455CGS","1"
"FL","Florida","2001","OW","The Tax Burden on Tobacco","Cigarette Sales","Average Cost per pack","3,324","$","Dollars","    (28.932040377, -81.928960539)","Table 13- Orzechowski and Walker, Tax Burden on Tobacco","POL","450POL","450CGS","455CGS","1"
"FL","Florida","2001","OW","The Tax Burden on Tobacco","Cigarette Sales","Cigarette Consumption (Pack Sales Per Capita)","78,6",,"Pack","    (28.932040377, -81.928960539)","Table 11- Orzechowski and Walker, Tax Burden on Tobacco","POL","450POL","450CGS","453CGS","2"
"GA","Georgia","2001","OW","The Tax Burden on Tobacco","Cigarette Sales","Average Cost per pack","3,069","$","Dollars","    (32.839681093, -83.627580346)","Table 13- Orzechowski and Walker, Tax Burden on Tobacco","POL","450POL","450CGS","455CGS","1"
"GA","Georgia","2001","OW","The Tax Burden on Tobacco","Cigarette Sales","Cigarette Consumption (Pack Sales Per Capita)","85,9",,"Pack","    (32.839681093, -83.627580346)","Table 11- Orzechowski and Walker, Tax Burden on Tobacco","POL","450POL","450CGS","453CGS","2"
"HI","Hawaii","2001","OW","The Tax Burden on Tobacco","Cigarette Sales","Cigarette Consumption (Pack Sales Per Capita)","42,8",,"Pack","    (21.304850435, -157.857749403)","Table 11- Orzechowski and Walker, Tax Burden on Tobacco","POL","450POL","450CGS","453CGS","2"
"HI","Hawaii","2001","OW","The Tax Burden on Tobacco","Cigarette Sales","Average Cost per pack","4,153","$","Dollars","    (21.304850435, -157.857749403)","Table 13- Orzechowski and Walker, Tax Burden on Tobacco","POL","450POL","450CGS","455CGS","1"
"ID","Idaho","2001","OW","The Tax Burden on Tobacco","Cigarette Sales","Cigarette Consumption (Pack Sales Per Capita)","66,7",,"Pack","    (43.682630005, -114.363730042)","Table 11- Orzechowski and Walker, Tax Burden on Tobacco","POL","450POL","450CGS","453CGS","2"
"ID","Idaho","2001","OW","The Tax Burden on Tobacco","Cigarette Sales","Average Cost per pack","3,049","$","Dollars","    (43.682630005, -114.363730042)","Table 13- Orzechowski and Walker, Tax Burden on Tobacco","POL","450POL","450CGS","455CGS","1"
"IL","Illinois","2001","OW","The Tax Burden on Tobacco","Cigarette Sales","Cigarette Consumption (Pack Sales Per Capita)","67,1",,"Pack","    (40.485010283, -88.997710178)","Table 11- Orzechowski and Walker, Tax Burden on Tobacco","POL","450POL","450CGS","453CGS","2"
"IL","Illinois","2001","OW","The Tax Burden on Tobacco","Cigarette Sales","Average Cost per pack","3,491","$","Dollars","    (40.485010283, -88.997710178)","Table 13- Orzechowski and Walker, Tax Burden on Tobacco","POL","450POL","450CGS","455CGS","1"
"IN","Indiana","2001","OW","The Tax Burden on Tobacco","Cigarette Sales","Cigarette Consumption (Pack Sales Per Capita)","121,4",,"Pack","    (39.766910452, -86.149960194)","Table 11- Orzechowski and Walker, Tax Burden on Tobacco","POL","450POL","450CGS","453CGS","2"
"IN","Indiana","2001","OW","The Tax Burden on Tobacco","Cigarette Sales","Average Cost per pack","3,02","$","Dollars","    (39.766910452, -86.149960194)","Table 13- Orzechowski and Walker, Tax Burden on Tobacco","POL","450POL","450CGS","455CGS","1"
"IA","Iowa","2001","OW","The Tax Burden on Tobacco","Cigarette Sales","Cigarette Consumption (Pack Sales Per Capita)","86,5",,"Pack","    (42.469400913, -93.816490556)","Table 11- Orzechowski and Walker, Tax Burden on Tobacco","POL","450POL","450CGS","453CGS","2"
"IA","Iowa","2001","OW","The Tax Burden on Tobacco","Cigarette Sales","Average Cost per pack","3,195","$","Dollars","    (42.469400913, -93.816490556)","Table 13- Orzechowski and Walker, Tax Burden on Tobacco","POL","450POL","450CGS","455CGS","1"
"KS","Kansas","2001","OW","The Tax Burden on Tobacco","Cigarette Sales","Average Cost per pack","3","$","Dollars","    (38.3477403, -98.200781227)","Table 13- Orzechowski and Walker, Tax Burden on Tobacco","POL","450POL","450CGS","455CGS","1"
"KS","Kansas","2001","OW","The Tax Burden on Tobacco","Cigarette Sales","Cigarette Consumption (Pack Sales Per Capita)","78,1",,"Pack","    (38.3477403, -98.200781227)","Table 11- Orzechowski and Walker, Tax Burden on Tobacco","POL","450POL","450CGS","453CGS","2"
"KY","Kentucky","2001","OW","The Tax Burden on Tobacco","Cigarette Sales","Cigarette Consumption (Pack Sales Per Capita)","152,6",,"Pack","    (37.645970271, -84.774971048)","Table 11- Orzechowski and Walker, Tax Burden on Tobacco","POL","450POL","450CGS","453CGS","2"
"KY","Kentucky","2001","OW","The Tax Burden on Tobacco","Cigarette Sales","Average Cost per pack","2,927","$","Dollars","    (37.645970271, -84.774971048)","Table 13- Orzechowski and Walker, Tax Burden on Tobacco","POL","450POL","450CGS","455CGS","1"
"LA","Louisiana","2001","OW","The Tax Burden on Tobacco","Cigarette Sales","Average Cost per pack","3,122","$","Dollars","    (31.312660644, -92.445680071)","Table 13- Orzechowski and Walker, Tax Burden on Tobacco","POL","450POL","450CGS","455CGS","1"
"LA","Louisiana","2001","OW","The Tax Burden on Tobacco","Cigarette Sales","Cigarette Consumption (Pack Sales Per Capita)","83,1",,"Pack","    (31.312660644, -92.445680071)","Table 11- Orzechowski and Walker, Tax Burden on Tobacco","POL","450POL","450CGS","453CGS","2"
"ME","Maine","2001","OW","The Tax Burden on Tobacco","Cigarette Sales","Average Cost per pack","3,926","$","Dollars","    (45.254228894001, -68.985031336)","Table 13- Orzechowski and Walker, Tax Burden on Tobacco","POL","450POL","450CGS","455CGS","1"
"ME","Maine","2001","OW","The Tax Burden on Tobacco","Cigarette Sales","Cigarette Consumption (Pack Sales Per Capita)","81,2",,"Pack","    (45.254228894001, -68.985031336)","Table 11- Orzechowski and Walker, Tax Burden on Tobacco","POL","450POL","450CGS","453CGS","2"
"MD","Maryland","2001","OW","The Tax Burden on Tobacco","Cigarette Sales","Cigarette Consumption (Pack Sales Per Capita)","58,1",,"Pack","    (39.290580964, -76.609260111)","Table 11- Orzechowski and Walker, Tax Burden on Tobacco","POL","450POL","450CGS","453CGS","2"
"MD","Maryland","2001","OW","The Tax Burden on Tobacco","Cigarette Sales","Average Cost per pack","3,697","$","Dollars","    (39.290580964, -76.609260111)","Table 13- Orzechowski and Walker, Tax Burden on Tobacco","POL","450POL","450CGS","455CGS","1"
"MA","Massachusetts","2001","OW","The Tax Burden on Tobacco","Cigarette Sales","Average Cost per pack","3,994","$","Dollars","    (42.27687047, -72.082690675)","Table 13- Orzechowski and Walker, Tax Burden on Tobacco","POL","450POL","450CGS","455CGS","1"
"MA","Massachusetts","2001","OW","The Tax Burden on Tobacco","Cigarette Sales","Cigarette Consumption (Pack Sales Per Capita)","54,8",,"Pack","    (42.27687047, -72.082690675)","Table 11- Orzechowski and Walker, Tax Burden on Tobacco","POL","450POL","450CGS","453CGS","2"
"MI","Michigan","2001","OW","The Tax Burden on Tobacco","Cigarette Sales","Cigarette Consumption (Pack Sales Per Capita)","79,2",,"Pack","    (44.661319543001, -84.71439027)","Table 11- Orzechowski and Walker, Tax Burden on Tobacco","POL","450POL","450CGS","453CGS","2"
"MI","Michigan","2001","OW","The Tax Burden on Tobacco","Cigarette Sales","Average Cost per pack","3,793","$","Dollars","    (44.661319543001, -84.71439027)","Table 13- Orzechowski and Walker, Tax Burden on Tobacco","POL","450POL","450CGS","455CGS","1"
"MN","Minnesota","2001","OW","The Tax Burden on Tobacco","Cigarette Sales","Cigarette Consumption (Pack Sales Per Capita)","74,2",,"Pack","    (46.355648736, -94.794200503)","Table 11- Orzechowski and Walker, Tax Burden on Tobacco","POL","450POL","450CGS","453CGS","2"
"MN","Minnesota","2001","OW","The Tax Burden on Tobacco","Cigarette Sales","Average Cost per pack","3,476","$","Dollars","    (46.355648736, -94.794200503)","Table 13- Orzechowski and Walker, Tax Burden on Tobacco","POL","450POL","450CGS","455CGS","1"
"MS","Mississippi","2001","OW","The Tax Burden on Tobacco","Cigarette Sales","Average Cost per pack","3,089","$","Dollars","    (32.745510099, -89.538030825)","Table 13- Orzechowski and Walker, Tax Burden on Tobacco","POL","450POL","450CGS","455CGS","1"
"MS","Mississippi","2001","OW","The Tax Burden on Tobacco","Cigarette Sales","Cigarette Consumption (Pack Sales Per Capita)","93,9",,"Pack","    (32.745510099, -89.538030825)","Table 11- Orzechowski and Walker, Tax Burden on Tobacco","POL","450POL","450CGS","453CGS","2"
"MO","Missouri","2001","OW","The Tax Burden on Tobacco","Cigarette Sales","Cigarette Consumption (Pack Sales Per Capita)","107,8",,"Pack","    (38.635790776, -92.566300053)","Table 11- Orzechowski and Walker, Tax Burden on Tobacco","POL","450POL","450CGS","453CGS","2"
"MO","Missouri","2001","OW","The Tax Burden on Tobacco","Cigarette Sales","Average Cost per pack","3,04","$","Dollars","    (38.635790776, -92.566300053)","Table 13- Orzechowski and Walker, Tax Burden on Tobacco","POL","450POL","450CGS","455CGS","1"
"MT","Montana","2001","OW","The Tax Burden on Tobacco","Cigarette Sales","Average Cost per pack","3,093","$","Dollars","    (47.066528972, -109.424420645)","Table 13- Orzechowski and Walker, Tax Burden on Tobacco","POL","450POL","450CGS","455CGS","1"
"MT","Montana","2001","OW","The Tax Burden on Tobacco","Cigarette Sales","Cigarette Consumption (Pack Sales Per Capita)","74,8",,"Pack","    (47.066528972, -109.424420645)","Table 11- Orzechowski and Walker, Tax Burden on Tobacco","POL","450POL","450CGS","453CGS","2"
"NE","Nebraska","2001","OW","The Tax Burden on Tobacco","Cigarette Sales","Average Cost per pack","3,278","$","Dollars","    (41.641040988001, -99.365720623)","Table 13- Orzechowski and Walker, Tax Burden on Tobacco","POL","450POL","450CGS","455CGS","1"
"NE","Nebraska","2001","OW","The Tax Burden on Tobacco","Cigarette Sales","Cigarette Consumption (Pack Sales Per Capita)","69,8",,"Pack","    (41.641040988001, -99.365720623)","Table 11- Orzechowski and Walker, Tax Burden on Tobacco","POL","450POL","450CGS","453CGS","2"
"NV","Nevada","2001","OW","The Tax Burden on Tobacco","Cigarette Sales","Average Cost per pack","3,221","$","Dollars","    (39.49324039, -117.071840564)","Table 13- Orzechowski and Walker, Tax Burden on Tobacco","POL","450POL","450CGS","455CGS","1"
"NV","Nevada","2001","OW","The Tax Burden on Tobacco","Cigarette Sales","Cigarette Consumption (Pack Sales Per Capita)","90,5",,"Pack","    (39.49324039, -117.071840564)","Table 11- Orzechowski and Walker, Tax Burden on Tobacco","POL","450POL","450CGS","453CGS","2"
"NH","New Hampshire","2001","OW","The Tax Burden on Tobacco","Cigarette Sales","Cigarette Consumption (Pack Sales Per Capita)","136,1",,"Pack","    (43.655950113, -71.50036092)","Table 11- Orzechowski and Walker, Tax Burden on Tobacco","POL","450POL","450CGS","453CGS","2"
"NH","New Hampshire","2001","OW","The Tax Burden on Tobacco","Cigarette Sales","Average Cost per pack","3,529","$","Dollars","    (43.655950113, -71.50036092)","Table 13- Orzechowski and Walker, Tax Burden on Tobacco","POL","450POL","450CGS","455CGS","1"
"NJ","New Jersey","2001","OW","The Tax Burden on Tobacco","Cigarette Sales","Average Cost per pack","3,798","$","Dollars","    (40.130570048, -74.273691288)","Table 13- Orzechowski and Walker, Tax Burden on Tobacco","POL","450POL","450CGS","455CGS","1"
"NJ","New Jersey","2001","OW","The Tax Burden on Tobacco","Cigarette Sales","Cigarette Consumption (Pack Sales Per Capita)","57,7",,"Pack","    (40.130570048, -74.273691288)","Table 11- Orzechowski and Walker, Tax Burden on Tobacco","POL","450POL","450CGS","453CGS","2"
"NM","New Mexico","2001","OW","The Tax Burden on Tobacco","Cigarette Sales","Average Cost per pack","3,203","$","Dollars","    (34.520880952, -106.240580985)","Table 13- Orzechowski and Walker, Tax Burden on Tobacco","POL","450POL","450CGS","455CGS","1"
"NM","New Mexico","2001","OW","The Tax Burden on Tobacco","Cigarette Sales","Cigarette Consumption (Pack Sales Per Capita)","53,7",,"Pack","    (34.520880952, -106.240580985)","Table 11- Orzechowski and Walker, Tax Burden on Tobacco","POL","450POL","450CGS","453CGS","2"
"NY","New York","2001","OW","The Tax Burden on Tobacco","Cigarette Sales","Average Cost per pack","4,313","$","Dollars","    (42.827001032, -75.543970427)","Table 13- Orzechowski and Walker, Tax Burden on Tobacco","POL","450POL","450CGS","455CGS","1"
"NY","New York","2001","OW","The Tax Burden on Tobacco","Cigarette Sales","Cigarette Consumption (Pack Sales Per Capita)","48",,"Pack","    (42.827001032, -75.543970427)","Table 11- Orzechowski and Walker, Tax Burden on Tobacco","POL","450POL","450CGS","453CGS","2"
"NC","North Carolina","2001","OW","The Tax Burden on Tobacco","Cigarette Sales","Cigarette Consumption (Pack Sales Per Capita)","100,1",,"Pack","    (35.466220975, -79.159250463)","Table 11- Orzechowski and Walker, Tax Burden on Tobacco","POL","450POL","450CGS","453CGS","2"
"NC","North Carolina","2001","OW","The Tax Burden on Tobacco","Cigarette Sales","Average Cost per pack","2,912","$","Dollars","    (35.466220975, -79.159250463)","Table 13- Orzechowski and Walker, Tax Burden on Tobacco","POL","450POL","450CGS","455CGS","1"
"ND","North Dakota","2001","OW","The Tax Burden on Tobacco","Cigarette Sales","Cigarette Consumption (Pack Sales Per Capita)","70,1",,"Pack","    (47.475319779, -100.118421049)","Table 11- Orzechowski and Walker, Tax Burden on Tobacco","POL","450POL","450CGS","453CGS","2"
"ND","North Dakota","2001","OW","The Tax Burden on Tobacco","Cigarette Sales","Average Cost per pack","3,383","$","Dollars","    (47.475319779, -100.118421049)","Table 13- Orzechowski and Walker, Tax Burden on Tobacco","POL","450POL","450CGS","455CGS","1"
"OH","Ohio","2001","OW","The Tax Burden on Tobacco","Cigarette Sales","Cigarette Consumption (Pack Sales Per Capita)","100",,"Pack","    (40.060210141, -82.404260056)","Table 11- Orzechowski and Walker, Tax Burden on Tobacco","POL","450POL","450CGS","453CGS","2"
"OH","Ohio","2001","OW","The Tax Burden on Tobacco","Cigarette Sales","Average Cost per pack","3,102","$","Dollars","    (40.060210141, -82.404260056)","Table 13- Orzechowski and Walker, Tax Burden on Tobacco","POL","450POL","450CGS","455CGS","1"
"OK","Oklahoma","2001","OW","The Tax Burden on Tobacco","Cigarette Sales","Cigarette Consumption (Pack Sales Per Capita)","108,1",,"Pack","    (35.472031356, -97.521070214)","Table 11- Orzechowski and Walker, Tax Burden on Tobacco","POL","450POL","450CGS","453CGS","2"
"OK","Oklahoma","2001","OW","The Tax Burden on Tobacco","Cigarette Sales","Average Cost per pack","3,138","$","Dollars","    (35.472031356, -97.521070214)","Table 13- Orzechowski and Walker, Tax Burden on Tobacco","POL","450POL","450CGS","455CGS","1"
"OR","Oregon","2001","OW","The Tax Burden on Tobacco","Cigarette Sales","Cigarette Consumption (Pack Sales Per Capita)","68,6",,"Pack","    (44.567449424, -120.155031326)","Table 11- Orzechowski and Walker, Tax Burden on Tobacco","POL","450POL","450CGS","453CGS","2"
"OR","Oregon","2001","OW","The Tax Burden on Tobacco","Cigarette Sales","Average Cost per pack","3,623","$","Dollars","    (44.567449424, -120.155031326)","Table 13- Orzechowski and Walker, Tax Burden on Tobacco","POL","450POL","450CGS","455CGS","1"
"PA","Pennsylvania","2001","OW","The Tax Burden on Tobacco","Cigarette Sales","Average Cost per pack","3,195","$","Dollars","    (40.793730152, -77.860700294)","Table 13- Orzechowski and Walker, Tax Burden on Tobacco","POL","450POL","450CGS","455CGS","1"
"PA","Pennsylvania","2001","OW","The Tax Burden on Tobacco","Cigarette Sales","Cigarette Consumption (Pack Sales Per Capita)","86,8",,"Pack","    (40.793730152, -77.860700294)","Table 11- Orzechowski and Walker, Tax Burden on Tobacco","POL","450POL","450CGS","453CGS","2"
"RI","Rhode Island","2001","OW","The Tax Burden on Tobacco","Cigarette Sales","Cigarette Consumption (Pack Sales Per Capita)","79,5",,"Pack","    (41.708280193, -71.522470314)","Table 11- Orzechowski and Walker, Tax Burden on Tobacco","POL","450POL","450CGS","453CGS","2"
"RI","Rhode Island","2001","OW","The Tax Burden on Tobacco","Cigarette Sales","Average Cost per pack","3,869","$","Dollars","    (41.708280193, -71.522470314)","Table 13- Orzechowski and Walker, Tax Burden on Tobacco","POL","450POL","450CGS","455CGS","1"
"SC","South Carolina","2001","OW","The Tax Burden on Tobacco","Cigarette Sales","Cigarette Consumption (Pack Sales Per Capita)","96,6",,"Pack","    (33.998821303, -81.045371207)","Table 11- Orzechowski and Walker, Tax Burden on Tobacco","POL","450POL","450CGS","453CGS","2"
"SC","South Carolina","2001","OW","The Tax Burden on Tobacco","Cigarette Sales","Average Cost per pack","3,024","$","Dollars","    (33.998821303, -81.045371207)","Table 13- Orzechowski and Walker, Tax Burden on Tobacco","POL","450POL","450CGS","455CGS","1"
"SD","South Dakota","2001","OW","The Tax Burden on Tobacco","Cigarette Sales","Average Cost per pack","3,275","$","Dollars","    (44.353130053, -100.373530637)","Table 13- Orzechowski and Walker, Tax Burden on Tobacco","POL","450POL","450CGS","455CGS","1"
"SD","South Dakota","2001","OW","The Tax Burden on Tobacco","Cigarette Sales","Cigarette Consumption (Pack Sales Per Capita)","78,1",,"Pack","    (44.353130053, -100.373530637)","Table 11- Orzechowski and Walker, Tax Burden on Tobacco","POL","450POL","450CGS","453CGS","2"
"TN","Tennessee","2001","OW","The Tax Burden on Tobacco","Cigarette Sales","Cigarette Consumption (Pack Sales Per Capita)","103,5",,"Pack","    (35.68094058, -85.774490914)","Table 11- Orzechowski and Walker, Tax Burden on Tobacco","POL","450POL","450CGS","453CGS","2"
"TN","Tennessee","2001","OW","The Tax Burden on Tobacco","Cigarette Sales","Average Cost per pack","3,071","$","Dollars","    (35.68094058, -85.774490914)","Table 13- Orzechowski and Walker, Tax Burden on Tobacco","POL","450POL","450CGS","455CGS","1"
"TX","Texas","2001","OW","The Tax Burden on Tobacco","Cigarette Sales","Cigarette Consumption (Pack Sales Per Capita)","62,1",,"Pack","    (31.827240407, -99.426770206)","Table 11- Orzechowski and Walker, Tax Burden on Tobacco","POL","450POL","450CGS","453CGS","2"
"TX","Texas","2001","OW","The Tax Burden on Tobacco","Cigarette Sales","Average Cost per pack","3,267","$","Dollars","    (31.827240407, -99.426770206)","Table 13- Orzechowski and Walker, Tax Burden on Tobacco","POL","450POL","450CGS","455CGS","1"
"UT","Utah","2001","OW","The Tax Burden on Tobacco","Cigarette Sales","Average Cost per pack","3,358","$","Dollars","    (39.360700171, -111.587130635)","Table 13- Orzechowski and Walker, Tax Burden on Tobacco","POL","450POL","450CGS","455CGS","1"
"UT","Utah","2001","OW","The Tax Burden on Tobacco","Cigarette Sales","Cigarette Consumption (Pack Sales Per Capita)","38,7",,"Pack","    (39.360700171, -111.587130635)","Table 11- Orzechowski and Walker, Tax Burden on Tobacco","POL","450POL","450CGS","453CGS","2"
"VT","Vermont","2001","OW","The Tax Burden on Tobacco","Cigarette Sales","Average Cost per pack","3,549","$","Dollars","    (43.625381239, -72.517640791)","Table 13- Orzechowski and Walker, Tax Burden on Tobacco","POL","450POL","450CGS","455CGS","1"
"VT","Vermont","2001","OW","The Tax Burden on Tobacco","Cigarette Sales","Cigarette Consumption (Pack Sales Per Capita)","94,3",,"Pack","    (43.625381239, -72.517640791)","Table 11- Orzechowski and Walker, Tax Burden on Tobacco","POL","450POL","450CGS","453CGS","2"
"VA","Virginia","2001","OW","The Tax Burden on Tobacco","Cigarette Sales","Cigarette Consumption (Pack Sales Per Capita)","94,1",,"Pack","    (37.542680674, -78.457890463)","Table 11- Orzechowski and Walker, Tax Burden on Tobacco","POL","450POL","450CGS","453CGS","2"
"VA","Virginia","2001","OW","The Tax Burden on Tobacco","Cigarette Sales","Average Cost per pack","2,945","$","Dollars","    (37.542680674, -78.457890463)","Table 13- Orzechowski and Walker, Tax Burden on Tobacco","POL","450POL","450CGS","455CGS","1"
"WA","Washington","2001","OW","The Tax Burden on Tobacco","Cigarette Sales","Average Cost per pack","3,953","$","Dollars","    (47.522278629, -120.47001079)","Table 13- Orzechowski and Walker, Tax Burden on Tobacco","POL","450POL","450CGS","455CGS","1"
"WA","Washington","2001","OW","The Tax Burden on Tobacco","Cigarette Sales","Cigarette Consumption (Pack Sales Per Capita)","50,2",,"Pack","    (47.522278629, -120.47001079)","Table 11- Orzechowski and Walker, Tax Burden on Tobacco","POL","450POL","450CGS","453CGS","2"
"WV","West Virginia","2001","OW","The Tax Burden on Tobacco","Cigarette Sales","Average Cost per pack","2,942","$","Dollars","    (38.665510202, -80.712640135)","Table 13- Orzechowski and Walker, Tax Burden on Tobacco","POL","450POL","450CGS","455CGS","1"
"WV","West Virginia","2001","OW","The Tax Burden on Tobacco","Cigarette Sales","Cigarette Consumption (Pack Sales Per Capita)","109,4",,"Pack","    (38.665510202, -80.712640135)","Table 11- Orzechowski and Walker, Tax Burden on Tobacco","POL","450POL","450CGS","453CGS","2"
"WI","Wisconsin","2001","OW","The Tax Burden on Tobacco","Cigarette Sales","Average Cost per pack","3,846","$","Dollars","    (44.393191174, -89.816370742)","Table 13- Orzechowski and Walker, Tax Burden on Tobacco","POL","450POL","450CGS","455CGS","1"
"WI","Wisconsin","2001","OW","The Tax Burden on Tobacco","Cigarette Sales","Cigarette Consumption (Pack Sales Per Capita)","78,2",,"Pack","    (44.393191174, -89.816370742)","Table 11- Orzechowski and Walker, Tax Burden on Tobacco","POL","450POL","450CGS","453CGS","2"
"WY","Wyoming","2001","OW","The Tax Burden on Tobacco","Cigarette Sales","Average Cost per pack","3,103","$","Dollars","    (43.235541343, -108.109830353)","Table 13- Orzechowski and Walker, Tax Burden on Tobacco","POL","450POL","450CGS","455CGS","1"
"WY","Wyoming","2001","OW","The Tax Burden on Tobacco","Cigarette Sales","Cigarette Consumption (Pack Sales Per Capita)","92,9",,"Pack","    (43.235541343, -108.109830353)","Table 11- Orzechowski and Walker, Tax Burden on Tobacco","POL","450POL","450CGS","453CGS","2"
"AL","Alabama","2000","OW","The Tax Burden on Tobacco","Cigarette Sales","Average Cost per pack","2,884","$","Dollars","    (32.840571122, -86.631860762)","Table 13- Orzechowski and Walker, Tax Burden on Tobacco","POL","450POL","450CGS","455CGS","1"
"AL","Alabama","2000","OW","The Tax Burden on Tobacco","Cigarette Sales","Cigarette Consumption (Pack Sales Per Capita)","96,2",,"Pack","    (32.840571122, -86.631860762)","Table 11- Orzechowski and Walker, Tax Burden on Tobacco","POL","450POL","450CGS","453CGS","2"
"AK","Alaska","2000","OW","The Tax Burden on Tobacco","Cigarette Sales","Average Cost per pack","4,397","$","Dollars","    (64.845079957001, -147.722059036)","Table 13- Orzechowski and Walker, Tax Burden on Tobacco","POL","450POL","450CGS","455CGS","1"
"AK","Alaska","2000","OW","The Tax Burden on Tobacco","Cigarette Sales","Cigarette Consumption (Pack Sales Per Capita)","66",,"Pack","    (64.845079957001, -147.722059036)","Table 11- Orzechowski and Walker, Tax Burden on Tobacco","POL","450POL","450CGS","453CGS","2"
"AZ","Arizona","2000","OW","The Tax Burden on Tobacco","Cigarette Sales","Average Cost per pack","3,458","$","Dollars","    (34.86597028, -111.763811277)","Table 13- Orzechowski and Walker, Tax Burden on Tobacco","POL","450POL","450CGS","455CGS","1"
"AZ","Arizona","2000","OW","The Tax Burden on Tobacco","Cigarette Sales","Cigarette Consumption (Pack Sales Per Capita)","58,5",,"Pack","    (34.86597028, -111.763811277)","Table 11- Orzechowski and Walker, Tax Burden on Tobacco","POL","450POL","450CGS","453CGS","2"
"AR","Arkansas","2000","OW","The Tax Burden on Tobacco","Cigarette Sales","Average Cost per pack","2,944","$","Dollars","    (34.748650124, -92.274490743)","Table 13- Orzechowski and Walker, Tax Burden on Tobacco","POL","450POL","450CGS","455CGS","1"
"AR","Arkansas","2000","OW","The Tax Burden on Tobacco","Cigarette Sales","Cigarette Consumption (Pack Sales Per Capita)","99,4",,"Pack","    (34.748650124, -92.274490743)","Table 11- Orzechowski and Walker, Tax Burden on Tobacco","POL","450POL","450CGS","453CGS","2"
"CA","California","2000","OW","The Tax Burden on Tobacco","Cigarette Sales","Average Cost per pack","3,655","$","Dollars","    (37.638640123, -120.999999538)","Table 13- Orzechowski and Walker, Tax Burden on Tobacco","POL","450POL","450CGS","455CGS","1"
"CA","California","2000","OW","The Tax Burden on Tobacco","Cigarette Sales","Cigarette Consumption (Pack Sales Per Capita)","41,6",,"Pack","    (37.638640123, -120.999999538)","Table 11- Orzechowski and Walker, Tax Burden on Tobacco","POL","450POL","450CGS","453CGS","2"
"CO","Colorado","2000","OW","The Tax Burden on Tobacco","Cigarette Sales","Average Cost per pack","2,933","$","Dollars","    (38.843840757, -106.133610921)","Table 13- Orzechowski and Walker, Tax Burden on Tobacco","POL","450POL","450CGS","455CGS","1"
"CO","Colorado","2000","OW","The Tax Burden on Tobacco","Cigarette Sales","Cigarette Consumption (Pack Sales Per Capita)","73",,"Pack","    (38.843840757, -106.133610921)","Table 11- Orzechowski and Walker, Tax Burden on Tobacco","POL","450POL","450CGS","453CGS","2"
"CT","Connecticut","2000","OW","The Tax Burden on Tobacco","Cigarette Sales","Cigarette Consumption (Pack Sales Per Capita)","71,4",,"Pack","    (41.56266102, -72.649840952)","Table 11- Orzechowski and Walker, Tax Burden on Tobacco","POL","450POL","450CGS","453CGS","2"
"CT","Connecticut","2000","OW","The Tax Burden on Tobacco","Cigarette Sales","Average Cost per pack","3,192","$","Dollars","    (41.56266102, -72.649840952)","Table 13- Orzechowski and Walker, Tax Burden on Tobacco","POL","450POL","450CGS","455CGS","1"
"DE","Delaware","2000","OW","The Tax Burden on Tobacco","Cigarette Sales","Cigarette Consumption (Pack Sales Per Capita)","140,7",,"Pack","    (39.008830667, -75.577741168)","Table 11- Orzechowski and Walker, Tax Burden on Tobacco","POL","450POL","450CGS","453CGS","2"
"DE","Delaware","2000","OW","The Tax Burden on Tobacco","Cigarette Sales","Average Cost per pack","2,887","$","Dollars","    (39.008830667, -75.577741168)","Table 13- Orzechowski and Walker, Tax Burden on Tobacco","POL","450POL","450CGS","455CGS","1"
"DC","District of Columbia","2000","OW","The Tax Burden on Tobacco","Cigarette Sales","Cigarette Consumption (Pack Sales Per Capita)","50,2",,"Pack","    (38.890371385, -77.031961127)","Table 11- Orzechowski and Walker, Tax Burden on Tobacco","POL","450POL","450CGS","453CGS","2"
"DC","District of Columbia","2000","OW","The Tax Burden on Tobacco","Cigarette Sales","Average Cost per pack","3,554","$","Dollars","    (38.890371385, -77.031961127)","Table 13- Orzechowski and Walker, Tax Burden on Tobacco","POL","450POL","450CGS","455CGS","1"
"FL","Florida","2000","OW","The Tax Burden on Tobacco","Cigarette Sales","Cigarette Consumption (Pack Sales Per Capita)","82,5",,"Pack","    (28.932040377, -81.928960539)","Table 11- Orzechowski and Walker, Tax Burden on Tobacco","POL","450POL","450CGS","453CGS","2"
"FL","Florida","2000","OW","The Tax Burden on Tobacco","Cigarette Sales","Average Cost per pack","3,023","$","Dollars","    (28.932040377, -81.928960539)","Table 13- Orzechowski and Walker, Tax Burden on Tobacco","POL","450POL","450CGS","455CGS","1"
"GA","Georgia","2000","OW","The Tax Burden on Tobacco","Cigarette Sales","Cigarette Consumption (Pack Sales Per Capita)","88,1",,"Pack","    (32.839681093, -83.627580346)","Table 11- Orzechowski and Walker, Tax Burden on Tobacco","POL","450POL","450CGS","453CGS","2"
"GA","Georgia","2000","OW","The Tax Burden on Tobacco","Cigarette Sales","Average Cost per pack","2,878","$","Dollars","    (32.839681093, -83.627580346)","Table 13- Orzechowski and Walker, Tax Burden on Tobacco","POL","450POL","450CGS","455CGS","1"
"HI","Hawaii","2000","OW","The Tax Burden on Tobacco","Cigarette Sales","Cigarette Consumption (Pack Sales Per Capita)","31,9",,"Pack","    (21.304850435, -157.857749403)","Table 11- Orzechowski and Walker, Tax Burden on Tobacco","POL","450POL","450CGS","453CGS","2"
"HI","Hawaii","2000","OW","The Tax Burden on Tobacco","Cigarette Sales","Average Cost per pack","4,051","$","Dollars","    (21.304850435, -157.857749403)","Table 13- Orzechowski and Walker, Tax Burden on Tobacco","POL","450POL","450CGS","455CGS","1"
"ID","Idaho","2000","OW","The Tax Burden on Tobacco","Cigarette Sales","Cigarette Consumption (Pack Sales Per Capita)","66,9",,"Pack","    (43.682630005, -114.363730042)","Table 11- Orzechowski and Walker, Tax Burden on Tobacco","POL","450POL","450CGS","453CGS","2"
"ID","Idaho","2000","OW","The Tax Burden on Tobacco","Cigarette Sales","Average Cost per pack","2,911","$","Dollars","    (43.682630005, -114.363730042)","Table 13- Orzechowski and Walker, Tax Burden on Tobacco","POL","450POL","450CGS","455CGS","1"
"IL","Illinois","2000","OW","The Tax Burden on Tobacco","Cigarette Sales","Average Cost per pack","3,238","$","Dollars","    (40.485010283, -88.997710178)","Table 13- Orzechowski and Walker, Tax Burden on Tobacco","POL","450POL","450CGS","455CGS","1"
"IL","Illinois","2000","OW","The Tax Burden on Tobacco","Cigarette Sales","Cigarette Consumption (Pack Sales Per Capita)","70",,"Pack","    (40.485010283, -88.997710178)","Table 11- Orzechowski and Walker, Tax Burden on Tobacco","POL","450POL","450CGS","453CGS","2"
"IN","Indiana","2000","OW","The Tax Burden on Tobacco","Cigarette Sales","Cigarette Consumption (Pack Sales Per Capita)","125,5",,"Pack","    (39.766910452, -86.149960194)","Table 11- Orzechowski and Walker, Tax Burden on Tobacco","POL","450POL","450CGS","453CGS","2"
"IN","Indiana","2000","OW","The Tax Burden on Tobacco","Cigarette Sales","Average Cost per pack","2,704","$","Dollars","    (39.766910452, -86.149960194)","Table 13- Orzechowski and Walker, Tax Burden on Tobacco","POL","450POL","450CGS","455CGS","1"
"IA","Iowa","2000","OW","The Tax Burden on Tobacco","Cigarette Sales","Cigarette Consumption (Pack Sales Per Capita)","88,9",,"Pack","    (42.469400913, -93.816490556)","Table 11- Orzechowski and Walker, Tax Burden on Tobacco","POL","450POL","450CGS","453CGS","2"
"IA","Iowa","2000","OW","The Tax Burden on Tobacco","Cigarette Sales","Average Cost per pack","2,994","$","Dollars","    (42.469400913, -93.816490556)","Table 13- Orzechowski and Walker, Tax Burden on Tobacco","POL","450POL","450CGS","455CGS","1"
"KS","Kansas","2000","OW","The Tax Burden on Tobacco","Cigarette Sales","Cigarette Consumption (Pack Sales Per Capita)","79,8",,"Pack","    (38.3477403, -98.200781227)","Table 11- Orzechowski and Walker, Tax Burden on Tobacco","POL","450POL","450CGS","453CGS","2"
"KS","Kansas","2000","OW","The Tax Burden on Tobacco","Cigarette Sales","Average Cost per pack","2,941","$","Dollars","    (38.3477403, -98.200781227)","Table 13- Orzechowski and Walker, Tax Burden on Tobacco","POL","450POL","450CGS","455CGS","1"
"KY","Kentucky","2000","OW","The Tax Burden on Tobacco","Cigarette Sales","Cigarette Consumption (Pack Sales Per Capita)","156,2",,"Pack","    (37.645970271, -84.774971048)","Table 11- Orzechowski and Walker, Tax Burden on Tobacco","POL","450POL","450CGS","453CGS","2"
"KY","Kentucky","2000","OW","The Tax Burden on Tobacco","Cigarette Sales","Average Cost per pack","2,586","$","Dollars","    (37.645970271, -84.774971048)","Table 13- Orzechowski and Walker, Tax Burden on Tobacco","POL","450POL","450CGS","455CGS","1"
"LA","Louisiana","2000","OW","The Tax Burden on Tobacco","Cigarette Sales","Cigarette Consumption (Pack Sales Per Capita)","104,3",,"Pack","    (31.312660644, -92.445680071)","Table 11- Orzechowski and Walker, Tax Burden on Tobacco","POL","450POL","450CGS","453CGS","2"
"LA","Louisiana","2000","OW","The Tax Burden on Tobacco","Cigarette Sales","Average Cost per pack","2,951","$","Dollars","    (31.312660644, -92.445680071)","Table 13- Orzechowski and Walker, Tax Burden on Tobacco","POL","450POL","450CGS","455CGS","1"
"ME","Maine","2000","OW","The Tax Burden on Tobacco","Cigarette Sales","Average Cost per pack","3,532","$","Dollars","    (45.254228894001, -68.985031336)","Table 13- Orzechowski and Walker, Tax Burden on Tobacco","POL","450POL","450CGS","455CGS","1"
"ME","Maine","2000","OW","The Tax Burden on Tobacco","Cigarette Sales","Cigarette Consumption (Pack Sales Per Capita)","82,9",,"Pack","    (45.254228894001, -68.985031336)","Table 11- Orzechowski and Walker, Tax Burden on Tobacco","POL","450POL","450CGS","453CGS","2"
"MD","Maryland","2000","OW","The Tax Burden on Tobacco","Cigarette Sales","Cigarette Consumption (Pack Sales Per Capita)","57,7",,"Pack","    (39.290580964, -76.609260111)","Table 11- Orzechowski and Walker, Tax Burden on Tobacco","POL","450POL","450CGS","453CGS","2"
"MD","Maryland","2000","OW","The Tax Burden on Tobacco","Cigarette Sales","Average Cost per pack","3,449","$","Dollars","    (39.290580964, -76.609260111)","Table 13- Orzechowski and Walker, Tax Burden on Tobacco","POL","450POL","450CGS","455CGS","1"
"MA","Massachusetts","2000","OW","The Tax Burden on Tobacco","Cigarette Sales","Average Cost per pack","3,843","$","Dollars","    (42.27687047, -72.082690675)","Table 13- Orzechowski and Walker, Tax Burden on Tobacco","POL","450POL","450CGS","455CGS","1"
"MA","Massachusetts","2000","OW","The Tax Burden on Tobacco","Cigarette Sales","Cigarette Consumption (Pack Sales Per Capita)","58,3",,"Pack","    (42.27687047, -72.082690675)","Table 11- Orzechowski and Walker, Tax Burden on Tobacco","POL","450POL","450CGS","453CGS","2"
"MI","Michigan","2000","OW","The Tax Burden on Tobacco","Cigarette Sales","Average Cost per pack","3,455","$","Dollars","    (44.661319543001, -84.71439027)","Table 13- Orzechowski and Walker, Tax Burden on Tobacco","POL","450POL","450CGS","455CGS","1"
"MI","Michigan","2000","OW","The Tax Burden on Tobacco","Cigarette Sales","Cigarette Consumption (Pack Sales Per Capita)","83,7",,"Pack","    (44.661319543001, -84.71439027)","Table 11- Orzechowski and Walker, Tax Burden on Tobacco","POL","450POL","450CGS","453CGS","2"
"MN","Minnesota","2000","OW","The Tax Burden on Tobacco","Cigarette Sales","Cigarette Consumption (Pack Sales Per Capita)","76",,"Pack","    (46.355648736, -94.794200503)","Table 11- Orzechowski and Walker, Tax Burden on Tobacco","POL","450POL","450CGS","453CGS","2"
"MN","Minnesota","2000","OW","The Tax Burden on Tobacco","Cigarette Sales","Average Cost per pack","3,188","$","Dollars","    (46.355648736, -94.794200503)","Table 13- Orzechowski and Walker, Tax Burden on Tobacco","POL","450POL","450CGS","455CGS","1"
"MS","Mississippi","2000","OW","The Tax Burden on Tobacco","Cigarette Sales","Cigarette Consumption (Pack Sales Per Capita)","97,2",,"Pack","    (32.745510099, -89.538030825)","Table 11- Orzechowski and Walker, Tax Burden on Tobacco","POL","450POL","450CGS","453CGS","2"
"MS","Mississippi","2000","OW","The Tax Burden on Tobacco","Cigarette Sales","Average Cost per pack","2,8","$","Dollars","    (32.745510099, -89.538030825)","Table 13- Orzechowski and Walker, Tax Burden on Tobacco","POL","450POL","450CGS","455CGS","1"
"MO","Missouri","2000","OW","The Tax Burden on Tobacco","Cigarette Sales","Cigarette Consumption (Pack Sales Per Capita)","113,8",,"Pack","    (38.635790776, -92.566300053)","Table 11- Orzechowski and Walker, Tax Burden on Tobacco","POL","450POL","450CGS","453CGS","2"
"MO","Missouri","2000","OW","The Tax Burden on Tobacco","Cigarette Sales","Average Cost per pack","2,822","$","Dollars","    (38.635790776, -92.566300053)","Table 13- Orzechowski and Walker, Tax Burden on Tobacco","POL","450POL","450CGS","455CGS","1"
"MT","Montana","2000","OW","The Tax Burden on Tobacco","Cigarette Sales","Average Cost per pack","2,71","$","Dollars","    (47.066528972, -109.424420645)","Table 13- Orzechowski and Walker, Tax Burden on Tobacco","POL","450POL","450CGS","455CGS","1"
"MT","Montana","2000","OW","The Tax Burden on Tobacco","Cigarette Sales","Cigarette Consumption (Pack Sales Per Capita)","75,5",,"Pack","    (47.066528972, -109.424420645)","Table 11- Orzechowski and Walker, Tax Burden on Tobacco","POL","450POL","450CGS","453CGS","2"
"NE","Nebraska","2000","OW","The Tax Burden on Tobacco","Cigarette Sales","Cigarette Consumption (Pack Sales Per Capita)","77,6",,"Pack","    (41.641040988001, -99.365720623)","Table 11- Orzechowski and Walker, Tax Burden on Tobacco","POL","450POL","450CGS","453CGS","2"
"NE","Nebraska","2000","OW","The Tax Burden on Tobacco","Cigarette Sales","Average Cost per pack","3,095","$","Dollars","    (41.641040988001, -99.365720623)","Table 13- Orzechowski and Walker, Tax Burden on Tobacco","POL","450POL","450CGS","455CGS","1"
"NV","Nevada","2000","OW","The Tax Burden on Tobacco","Cigarette Sales","Average Cost per pack","3,184","$","Dollars","    (39.49324039, -117.071840564)","Table 13- Orzechowski and Walker, Tax Burden on Tobacco","POL","450POL","450CGS","455CGS","1"
"NV","Nevada","2000","OW","The Tax Burden on Tobacco","Cigarette Sales","Cigarette Consumption (Pack Sales Per Capita)","93,2",,"Pack","    (39.49324039, -117.071840564)","Table 11- Orzechowski and Walker, Tax Burden on Tobacco","POL","450POL","450CGS","453CGS","2"
"NH","New Hampshire","2000","OW","The Tax Burden on Tobacco","Cigarette Sales","Cigarette Consumption (Pack Sales Per Capita)","147,3",,"Pack","    (43.655950113, -71.50036092)","Table 11- Orzechowski and Walker, Tax Burden on Tobacco","POL","450POL","450CGS","453CGS","2"
"NH","New Hampshire","2000","OW","The Tax Burden on Tobacco","Cigarette Sales","Average Cost per pack","3,215","$","Dollars","    (43.655950113, -71.50036092)","Table 13- Orzechowski and Walker, Tax Burden on Tobacco","POL","450POL","450CGS","455CGS","1"
"NJ","New Jersey","2000","OW","The Tax Burden on Tobacco","Cigarette Sales","Average Cost per pack","3,637","$","Dollars","    (40.130570048, -74.273691288)","Table 13- Orzechowski and Walker, Tax Burden on Tobacco","POL","450POL","450CGS","455CGS","1"
"NJ","New Jersey","2000","OW","The Tax Burden on Tobacco","Cigarette Sales","Cigarette Consumption (Pack Sales Per Capita)","60,1",,"Pack","    (40.130570048, -74.273691288)","Table 11- Orzechowski and Walker, Tax Burden on Tobacco","POL","450POL","450CGS","453CGS","2"
"NM","New Mexico","2000","OW","The Tax Burden on Tobacco","Cigarette Sales","Cigarette Consumption (Pack Sales Per Capita)","53,8",,"Pack","    (34.520880952, -106.240580985)","Table 11- Orzechowski and Walker, Tax Burden on Tobacco","POL","450POL","450CGS","453CGS","2"
"NM","New Mexico","2000","OW","The Tax Burden on Tobacco","Cigarette Sales","Average Cost per pack","2,916","$","Dollars","    (34.520880952, -106.240580985)","Table 13- Orzechowski and Walker, Tax Burden on Tobacco","POL","450POL","450CGS","455CGS","1"
"NY","New York","2000","OW","The Tax Burden on Tobacco","Cigarette Sales","Cigarette Consumption (Pack Sales Per Capita)","57,8",,"Pack","    (42.827001032, -75.543970427)","Table 11- Orzechowski and Walker, Tax Burden on Tobacco","POL","450POL","450CGS","453CGS","2"
"NY","New York","2000","OW","The Tax Burden on Tobacco","Cigarette Sales","Average Cost per pack","3,985","$","Dollars","    (42.827001032, -75.543970427)","Table 13- Orzechowski and Walker, Tax Burden on Tobacco","POL","450POL","450CGS","455CGS","1"
"NC","North Carolina","2000","OW","The Tax Burden on Tobacco","Cigarette Sales","Cigarette Consumption (Pack Sales Per Capita)","109",,"Pack","    (35.466220975, -79.159250463)","Table 11- Orzechowski and Walker, Tax Burden on Tobacco","POL","450POL","450CGS","453CGS","2"
"NC","North Carolina","2000","OW","The Tax Burden on Tobacco","Cigarette Sales","Average Cost per pack","2,767","$","Dollars","    (35.466220975, -79.159250463)","Table 13- Orzechowski and Walker, Tax Burden on Tobacco","POL","450POL","450CGS","455CGS","1"
"ND","North Dakota","2000","OW","The Tax Burden on Tobacco","Cigarette Sales","Cigarette Consumption (Pack Sales Per Capita)","72,5",,"Pack","    (47.475319779, -100.118421049)","Table 11- Orzechowski and Walker, Tax Burden on Tobacco","POL","450POL","450CGS","453CGS","2"
"ND","North Dakota","2000","OW","The Tax Burden on Tobacco","Cigarette Sales","Average Cost per pack","3,069","$","Dollars","    (47.475319779, -100.118421049)","Table 13- Orzechowski and Walker, Tax Burden on Tobacco","POL","450POL","450CGS","455CGS","1"
"OH","Ohio","2000","OW","The Tax Burden on Tobacco","Cigarette Sales","Average Cost per pack","2,793","$","Dollars","    (40.060210141, -82.404260056)","Table 13- Orzechowski and Walker, Tax Burden on Tobacco","POL","450POL","450CGS","455CGS","1"
"OH","Ohio","2000","OW","The Tax Burden on Tobacco","Cigarette Sales","Cigarette Consumption (Pack Sales Per Capita)","99,9",,"Pack","    (40.060210141, -82.404260056)","Table 11- Orzechowski and Walker, Tax Burden on Tobacco","POL","450POL","450CGS","453CGS","2"
"OK","Oklahoma","2000","OW","The Tax Burden on Tobacco","Cigarette Sales","Average Cost per pack","2,904","$","Dollars","    (35.472031356, -97.521070214)","Table 13- Orzechowski and Walker, Tax Burden on Tobacco","POL","450POL","450CGS","455CGS","1"
"OK","Oklahoma","2000","OW","The Tax Burden on Tobacco","Cigarette Sales","Cigarette Consumption (Pack Sales Per Capita)","108,9",,"Pack","    (35.472031356, -97.521070214)","Table 11- Orzechowski and Walker, Tax Burden on Tobacco","POL","450POL","450CGS","453CGS","2"
"OR","Oregon","2000","OW","The Tax Burden on Tobacco","Cigarette Sales","Cigarette Consumption (Pack Sales Per Capita)","72",,"Pack","    (44.567449424, -120.155031326)","Table 11- Orzechowski and Walker, Tax Burden on Tobacco","POL","450POL","450CGS","453CGS","2"
"OR","Oregon","2000","OW","The Tax Burden on Tobacco","Cigarette Sales","Average Cost per pack","3,456","$","Dollars","    (44.567449424, -120.155031326)","Table 13- Orzechowski and Walker, Tax Burden on Tobacco","POL","450POL","450CGS","455CGS","1"
"PA","Pennsylvania","2000","OW","The Tax Burden on Tobacco","Cigarette Sales","Average Cost per pack","2,919","$","Dollars","    (40.793730152, -77.860700294)","Table 13- Orzechowski and Walker, Tax Burden on Tobacco","POL","450POL","450CGS","455CGS","1"
"PA","Pennsylvania","2000","OW","The Tax Burden on Tobacco","Cigarette Sales","Cigarette Consumption (Pack Sales Per Capita)","87,9",,"Pack","    (40.793730152, -77.860700294)","Table 11- Orzechowski and Walker, Tax Burden on Tobacco","POL","450POL","450CGS","453CGS","2"
"RI","Rhode Island","2000","OW","The Tax Burden on Tobacco","Cigarette Sales","Cigarette Consumption (Pack Sales Per Capita)","83,1",,"Pack","    (41.708280193, -71.522470314)","Table 11- Orzechowski and Walker, Tax Burden on Tobacco","POL","450POL","450CGS","453CGS","2"
"RI","Rhode Island","2000","OW","The Tax Burden on Tobacco","Cigarette Sales","Average Cost per pack","3,382","$","Dollars","    (41.708280193, -71.522470314)","Table 13- Orzechowski and Walker, Tax Burden on Tobacco","POL","450POL","450CGS","455CGS","1"
"SC","South Carolina","2000","OW","The Tax Burden on Tobacco","Cigarette Sales","Average Cost per pack","2,783","$","Dollars","    (33.998821303, -81.045371207)","Table 13- Orzechowski and Walker, Tax Burden on Tobacco","POL","450POL","450CGS","455CGS","1"
"SC","South Carolina","2000","OW","The Tax Burden on Tobacco","Cigarette Sales","Cigarette Consumption (Pack Sales Per Capita)","103,9",,"Pack","    (33.998821303, -81.045371207)","Table 11- Orzechowski and Walker, Tax Burden on Tobacco","POL","450POL","450CGS","453CGS","2"
"SD","South Dakota","2000","OW","The Tax Burden on Tobacco","Cigarette Sales","Average Cost per pack","3,04","$","Dollars","    (44.353130053, -100.373530637)","Table 13- Orzechowski and Walker, Tax Burden on Tobacco","POL","450POL","450CGS","455CGS","1"
"SD","South Dakota","2000","OW","The Tax Burden on Tobacco","Cigarette Sales","Cigarette Consumption (Pack Sales Per Capita)","75,1",,"Pack","    (44.353130053, -100.373530637)","Table 11- Orzechowski and Walker, Tax Burden on Tobacco","POL","450POL","450CGS","453CGS","2"
"TN","Tennessee","2000","OW","The Tax Burden on Tobacco","Cigarette Sales","Cigarette Consumption (Pack Sales Per Capita)","108,7",,"Pack","    (35.68094058, -85.774490914)","Table 11- Orzechowski and Walker, Tax Burden on Tobacco","POL","450POL","450CGS","453CGS","2"
"TN","Tennessee","2000","OW","The Tax Burden on Tobacco","Cigarette Sales","Average Cost per pack","2,815","$","Dollars","    (35.68094058, -85.774490914)","Table 13- Orzechowski and Walker, Tax Burden on Tobacco","POL","450POL","450CGS","455CGS","1"
"TX","Texas","2000","OW","The Tax Burden on Tobacco","Cigarette Sales","Cigarette Consumption (Pack Sales Per Capita)","69,3",,"Pack","    (31.827240407, -99.426770206)","Table 11- Orzechowski and Walker, Tax Burden on Tobacco","POL","450POL","450CGS","453CGS","2"
"TX","Texas","2000","OW","The Tax Burden on Tobacco","Cigarette Sales","Average Cost per pack","3,112","$","Dollars","    (31.827240407, -99.426770206)","Table 13- Orzechowski and Walker, Tax Burden on Tobacco","POL","450POL","450CGS","455CGS","1"
"UT","Utah","2000","OW","The Tax Burden on Tobacco","Cigarette Sales","Cigarette Consumption (Pack Sales Per Capita)","40,7",,"Pack","    (39.360700171, -111.587130635)","Table 11- Orzechowski and Walker, Tax Burden on Tobacco","POL","450POL","450CGS","453CGS","2"
"UT","Utah","2000","OW","The Tax Burden on Tobacco","Cigarette Sales","Average Cost per pack","3,312","$","Dollars","    (39.360700171, -111.587130635)","Table 13- Orzechowski and Walker, Tax Burden on Tobacco","POL","450POL","450CGS","455CGS","1"
"VT","Vermont","2000","OW","The Tax Burden on Tobacco","Cigarette Sales","Average Cost per pack","3,232","$","Dollars","    (43.625381239, -72.517640791)","Table 13- Orzechowski and Walker, Tax Burden on Tobacco","POL","450POL","450CGS","455CGS","1"
"VT","Vermont","2000","OW","The Tax Burden on Tobacco","Cigarette Sales","Cigarette Consumption (Pack Sales Per Capita)","88,9",,"Pack","    (43.625381239, -72.517640791)","Table 11- Orzechowski and Walker, Tax Burden on Tobacco","POL","450POL","450CGS","453CGS","2"
"VA","Virginia","2000","OW","The Tax Burden on Tobacco","Cigarette Sales","Cigarette Consumption (Pack Sales Per Capita)","96,7",,"Pack","    (37.542680674, -78.457890463)","Table 11- Orzechowski and Walker, Tax Burden on Tobacco","POL","450POL","450CGS","453CGS","2"
"VA","Virginia","2000","OW","The Tax Burden on Tobacco","Cigarette Sales","Average Cost per pack","2,754","$","Dollars","    (37.542680674, -78.457890463)","Table 13- Orzechowski and Walker, Tax Burden on Tobacco","POL","450POL","450CGS","455CGS","1"
"WA","Washington","2000","OW","The Tax Burden on Tobacco","Cigarette Sales","Cigarette Consumption (Pack Sales Per Capita)","52,8",,"Pack","    (47.522278629, -120.47001079)","Table 11- Orzechowski and Walker, Tax Burden on Tobacco","POL","450POL","450CGS","453CGS","2"
"WA","Washington","2000","OW","The Tax Burden on Tobacco","Cigarette Sales","Average Cost per pack","3,816","$","Dollars","    (47.522278629, -120.47001079)","Table 13- Orzechowski and Walker, Tax Burden on Tobacco","POL","450POL","450CGS","455CGS","1"
"WV","West Virginia","2000","OW","The Tax Burden on Tobacco","Cigarette Sales","Cigarette Consumption (Pack Sales Per Capita)","107,9",,"Pack","    (38.665510202, -80.712640135)","Table 11- Orzechowski and Walker, Tax Burden on Tobacco","POL","450POL","450CGS","453CGS","2"
"WV","West Virginia","2000","OW","The Tax Burden on Tobacco","Cigarette Sales","Average Cost per pack","2,758","$","Dollars","    (38.665510202, -80.712640135)","Table 13- Orzechowski and Walker, Tax Burden on Tobacco","POL","450POL","450CGS","455CGS","1"
"WI","Wisconsin","2000","OW","The Tax Burden on Tobacco","Cigarette Sales","Cigarette Consumption (Pack Sales Per Capita)","80,1",,"Pack","    (44.393191174, -89.816370742)","Table 11- Orzechowski and Walker, Tax Burden on Tobacco","POL","450POL","450CGS","453CGS","2"
"WI","Wisconsin","2000","OW","The Tax Burden on Tobacco","Cigarette Sales","Average Cost per pack","3,304","$","Dollars","    (44.393191174, -89.816370742)","Table 13- Orzechowski and Walker, Tax Burden on Tobacco","POL","450POL","450CGS","455CGS","1"
"WY","Wyoming","2000","OW","The Tax Burden on Tobacco","Cigarette Sales","Average Cost per pack","2,912","$","Dollars","    (43.235541343, -108.109830353)","Table 13- Orzechowski and Walker, Tax Burden on Tobacco","POL","450POL","450CGS","455CGS","1"
"WY","Wyoming","2000","OW","The Tax Burden on Tobacco","Cigarette Sales","Cigarette Consumption (Pack Sales Per Capita)","90,5",,"Pack","    (43.235541343, -108.109830353)","Table 11- Orzechowski and Walker, Tax Burden on Tobacco","POL","450POL","450CGS","453CGS","2"
"AL","Alabama","1999","OW","The Tax Burden on Tobacco","Cigarette Sales","Cigarette Consumption (Pack Sales Per Capita)","100,7",,"Pack","    (32.840571122, -86.631860762)","Table 11- Orzechowski and Walker, Tax Burden on Tobacco","POL","450POL","450CGS","453CGS","2"
"AL","Alabama","1999","OW","The Tax Burden on Tobacco","Cigarette Sales","Average Cost per pack","2,707","$","Dollars","    (32.840571122, -86.631860762)","Table 13- Orzechowski and Walker, Tax Burden on Tobacco","POL","450POL","450CGS","455CGS","1"
"AK","Alaska","1999","OW","The Tax Burden on Tobacco","Cigarette Sales","Cigarette Consumption (Pack Sales Per Capita)","70,5",,"Pack","    (64.845079957001, -147.722059036)","Table 11- Orzechowski and Walker, Tax Burden on Tobacco","POL","450POL","450CGS","453CGS","2"
"AK","Alaska","1999","OW","The Tax Burden on Tobacco","Cigarette Sales","Average Cost per pack","4,047","$","Dollars","    (64.845079957001, -147.722059036)","Table 13- Orzechowski and Walker, Tax Burden on Tobacco","POL","450POL","450CGS","455CGS","1"
"AZ","Arizona","1999","OW","The Tax Burden on Tobacco","Cigarette Sales","Average Cost per pack","3,177","$","Dollars","    (34.86597028, -111.763811277)","Table 13- Orzechowski and Walker, Tax Burden on Tobacco","POL","450POL","450CGS","455CGS","1"
"AZ","Arizona","1999","OW","The Tax Burden on Tobacco","Cigarette Sales","Cigarette Consumption (Pack Sales Per Capita)","61,7",,"Pack","    (34.86597028, -111.763811277)","Table 11- Orzechowski and Walker, Tax Burden on Tobacco","POL","450POL","450CGS","453CGS","2"
"AR","Arkansas","1999","OW","The Tax Burden on Tobacco","Cigarette Sales","Average Cost per pack","2,793","$","Dollars","    (34.748650124, -92.274490743)","Table 13- Orzechowski and Walker, Tax Burden on Tobacco","POL","450POL","450CGS","455CGS","1"
"AR","Arkansas","1999","OW","The Tax Burden on Tobacco","Cigarette Sales","Cigarette Consumption (Pack Sales Per Capita)","104,8",,"Pack","    (34.748650124, -92.274490743)","Table 11- Orzechowski and Walker, Tax Burden on Tobacco","POL","450POL","450CGS","453CGS","2"
"CA","California","1999","OW","The Tax Burden on Tobacco","Cigarette Sales","Cigarette Consumption (Pack Sales Per Capita)","47,2",,"Pack","    (37.638640123, -120.999999538)","Table 11- Orzechowski and Walker, Tax Burden on Tobacco","POL","450POL","450CGS","453CGS","2"
"CA","California","1999","OW","The Tax Burden on Tobacco","Cigarette Sales","Average Cost per pack","3,512","$","Dollars","    (37.638640123, -120.999999538)","Table 13- Orzechowski and Walker, Tax Burden on Tobacco","POL","450POL","450CGS","455CGS","1"
"CO","Colorado","1999","OW","The Tax Burden on Tobacco","Cigarette Sales","Cigarette Consumption (Pack Sales Per Capita)","79,6",,"Pack","    (38.843840757, -106.133610921)","Table 11- Orzechowski and Walker, Tax Burden on Tobacco","POL","450POL","450CGS","453CGS","2"
"CO","Colorado","1999","OW","The Tax Burden on Tobacco","Cigarette Sales","Average Cost per pack","2,813","$","Dollars","    (38.843840757, -106.133610921)","Table 13- Orzechowski and Walker, Tax Burden on Tobacco","POL","450POL","450CGS","455CGS","1"
"CT","Connecticut","1999","OW","The Tax Burden on Tobacco","Cigarette Sales","Average Cost per pack","3,123","$","Dollars","    (41.56266102, -72.649840952)","Table 13- Orzechowski and Walker, Tax Burden on Tobacco","POL","450POL","450CGS","455CGS","1"
"CT","Connecticut","1999","OW","The Tax Burden on Tobacco","Cigarette Sales","Cigarette Consumption (Pack Sales Per Capita)","73,4",,"Pack","    (41.56266102, -72.649840952)","Table 11- Orzechowski and Walker, Tax Burden on Tobacco","POL","450POL","450CGS","453CGS","2"
"DE","Delaware","1999","OW","The Tax Burden on Tobacco","Cigarette Sales","Cigarette Consumption (Pack Sales Per Capita)","139,5",,"Pack","    (39.008830667, -75.577741168)","Table 11- Orzechowski and Walker, Tax Burden on Tobacco","POL","450POL","450CGS","453CGS","2"
"DE","Delaware","1999","OW","The Tax Burden on Tobacco","Cigarette Sales","Average Cost per pack","2,762","$","Dollars","    (39.008830667, -75.577741168)","Table 13- Orzechowski and Walker, Tax Burden on Tobacco","POL","450POL","450CGS","455CGS","1"
"DC","District of Columbia","1999","OW","The Tax Burden on Tobacco","Cigarette Sales","Cigarette Consumption (Pack Sales Per Capita)","50,8",,"Pack","    (38.890371385, -77.031961127)","Table 11- Orzechowski and Walker, Tax Burden on Tobacco","POL","450POL","450CGS","453CGS","2"
"DC","District of Columbia","1999","OW","The Tax Burden on Tobacco","Cigarette Sales","Average Cost per pack","3,24","$","Dollars","    (38.890371385, -77.031961127)","Table 13- Orzechowski and Walker, Tax Burden on Tobacco","POL","450POL","450CGS","455CGS","1"
"FL","Florida","1999","OW","The Tax Burden on Tobacco","Cigarette Sales","Average Cost per pack","2,863","$","Dollars","    (28.932040377, -81.928960539)","Table 13- Orzechowski and Walker, Tax Burden on Tobacco","POL","450POL","450CGS","455CGS","1"
"FL","Florida","1999","OW","The Tax Burden on Tobacco","Cigarette Sales","Cigarette Consumption (Pack Sales Per Capita)","88,2",,"Pack","    (28.932040377, -81.928960539)","Table 11- Orzechowski and Walker, Tax Burden on Tobacco","POL","450POL","450CGS","453CGS","2"
"GA","Georgia","1999","OW","The Tax Burden on Tobacco","Cigarette Sales","Average Cost per pack","2,574","$","Dollars","    (32.839681093, -83.627580346)","Table 13- Orzechowski and Walker, Tax Burden on Tobacco","POL","450POL","450CGS","455CGS","1"
"GA","Georgia","1999","OW","The Tax Burden on Tobacco","Cigarette Sales","Cigarette Consumption (Pack Sales Per Capita)","97,1",,"Pack","    (32.839681093, -83.627580346)","Table 11- Orzechowski and Walker, Tax Burden on Tobacco","POL","450POL","450CGS","453CGS","2"
"HI","Hawaii","1999","OW","The Tax Burden on Tobacco","Cigarette Sales","Cigarette Consumption (Pack Sales Per Capita)","32,5",,"Pack","    (21.304850435, -157.857749403)","Table 11- Orzechowski and Walker, Tax Burden on Tobacco","POL","450POL","450CGS","453CGS","2"
"HI","Hawaii","1999","OW","The Tax Burden on Tobacco","Cigarette Sales","Average Cost per pack","3,733","$","Dollars","    (21.304850435, -157.857749403)","Table 13- Orzechowski and Walker, Tax Burden on Tobacco","POL","450POL","450CGS","455CGS","1"
"ID","Idaho","1999","OW","The Tax Burden on Tobacco","Cigarette Sales","Cigarette Consumption (Pack Sales Per Capita)","75,1",,"Pack","    (43.682630005, -114.363730042)","Table 11- Orzechowski and Walker, Tax Burden on Tobacco","POL","450POL","450CGS","453CGS","2"
"ID","Idaho","1999","OW","The Tax Burden on Tobacco","Cigarette Sales","Average Cost per pack","2,759","$","Dollars","    (43.682630005, -114.363730042)","Table 13- Orzechowski and Walker, Tax Burden on Tobacco","POL","450POL","450CGS","455CGS","1"
"IL","Illinois","1999","OW","The Tax Burden on Tobacco","Cigarette Sales","Cigarette Consumption (Pack Sales Per Capita)","72,2",,"Pack","    (40.485010283, -88.997710178)","Table 11- Orzechowski and Walker, Tax Burden on Tobacco","POL","450POL","450CGS","453CGS","2"
"IL","Illinois","1999","OW","The Tax Burden on Tobacco","Cigarette Sales","Average Cost per pack","3,127","$","Dollars","    (40.485010283, -88.997710178)","Table 13- Orzechowski and Walker, Tax Burden on Tobacco","POL","450POL","450CGS","455CGS","1"
"IN","Indiana","1999","OW","The Tax Burden on Tobacco","Cigarette Sales","Cigarette Consumption (Pack Sales Per Capita)","133,3",,"Pack","    (39.766910452, -86.149960194)","Table 11- Orzechowski and Walker, Tax Burden on Tobacco","POL","450POL","450CGS","453CGS","2"
"IN","Indiana","1999","OW","The Tax Burden on Tobacco","Cigarette Sales","Average Cost per pack","2,602","$","Dollars","    (39.766910452, -86.149960194)","Table 13- Orzechowski and Walker, Tax Burden on Tobacco","POL","450POL","450CGS","455CGS","1"
"IA","Iowa","1999","OW","The Tax Burden on Tobacco","Cigarette Sales","Cigarette Consumption (Pack Sales Per Capita)","91,7",,"Pack","    (42.469400913, -93.816490556)","Table 11- Orzechowski and Walker, Tax Burden on Tobacco","POL","450POL","450CGS","453CGS","2"
"IA","Iowa","1999","OW","The Tax Burden on Tobacco","Cigarette Sales","Average Cost per pack","2,863","$","Dollars","    (42.469400913, -93.816490556)","Table 13- Orzechowski and Walker, Tax Burden on Tobacco","POL","450POL","450CGS","455CGS","1"
"KS","Kansas","1999","OW","The Tax Burden on Tobacco","Cigarette Sales","Average Cost per pack","2,712","$","Dollars","    (38.3477403, -98.200781227)","Table 13- Orzechowski and Walker, Tax Burden on Tobacco","POL","450POL","450CGS","455CGS","1"
"KS","Kansas","1999","OW","The Tax Burden on Tobacco","Cigarette Sales","Cigarette Consumption (Pack Sales Per Capita)","83,3",,"Pack","    (38.3477403, -98.200781227)","Table 11- Orzechowski and Walker, Tax Burden on Tobacco","POL","450POL","450CGS","453CGS","2"
"KY","Kentucky","1999","OW","The Tax Burden on Tobacco","Cigarette Sales","Cigarette Consumption (Pack Sales Per Capita)","165,3",,"Pack","    (37.645970271, -84.774971048)","Table 11- Orzechowski and Walker, Tax Burden on Tobacco","POL","450POL","450CGS","453CGS","2"
"KY","Kentucky","1999","OW","The Tax Burden on Tobacco","Cigarette Sales","Average Cost per pack","2,434","$","Dollars","    (37.645970271, -84.774971048)","Table 13- Orzechowski and Walker, Tax Burden on Tobacco","POL","450POL","450CGS","455CGS","1"
"LA","Louisiana","1999","OW","The Tax Burden on Tobacco","Cigarette Sales","Cigarette Consumption (Pack Sales Per Capita)","101",,"Pack","    (31.312660644, -92.445680071)","Table 11- Orzechowski and Walker, Tax Burden on Tobacco","POL","450POL","450CGS","453CGS","2"
"LA","Louisiana","1999","OW","The Tax Burden on Tobacco","Cigarette Sales","Average Cost per pack","2,812","$","Dollars","    (31.312660644, -92.445680071)","Table 13- Orzechowski and Walker, Tax Burden on Tobacco","POL","450POL","450CGS","455CGS","1"
"ME","Maine","1999","OW","The Tax Burden on Tobacco","Cigarette Sales","Average Cost per pack","3,305","$","Dollars","    (45.254228894001, -68.985031336)","Table 13- Orzechowski and Walker, Tax Burden on Tobacco","POL","450POL","450CGS","455CGS","1"
"ME","Maine","1999","OW","The Tax Burden on Tobacco","Cigarette Sales","Cigarette Consumption (Pack Sales Per Capita)","85,5",,"Pack","    (45.254228894001, -68.985031336)","Table 11- Orzechowski and Walker, Tax Burden on Tobacco","POL","450POL","450CGS","453CGS","2"
"MD","Maryland","1999","OW","The Tax Burden on Tobacco","Cigarette Sales","Average Cost per pack","3,152","$","Dollars","    (39.290580964, -76.609260111)","Table 13- Orzechowski and Walker, Tax Burden on Tobacco","POL","450POL","450CGS","455CGS","1"
"MD","Maryland","1999","OW","The Tax Burden on Tobacco","Cigarette Sales","Cigarette Consumption (Pack Sales Per Capita)","71,4",,"Pack","    (39.290580964, -76.609260111)","Table 11- Orzechowski and Walker, Tax Burden on Tobacco","POL","450POL","450CGS","453CGS","2"
"MA","Massachusetts","1999","OW","The Tax Burden on Tobacco","Cigarette Sales","Cigarette Consumption (Pack Sales Per Capita)","60,4",,"Pack","    (42.27687047, -72.082690675)","Table 11- Orzechowski and Walker, Tax Burden on Tobacco","POL","450POL","450CGS","453CGS","2"
"MA","Massachusetts","1999","OW","The Tax Burden on Tobacco","Cigarette Sales","Average Cost per pack","3,523","$","Dollars","    (42.27687047, -72.082690675)","Table 13- Orzechowski and Walker, Tax Burden on Tobacco","POL","450POL","450CGS","455CGS","1"
"MI","Michigan","1999","OW","The Tax Burden on Tobacco","Cigarette Sales","Average Cost per pack","3,338","$","Dollars","    (44.661319543001, -84.71439027)","Table 13- Orzechowski and Walker, Tax Burden on Tobacco","POL","450POL","450CGS","455CGS","1"
"MI","Michigan","1999","OW","The Tax Burden on Tobacco","Cigarette Sales","Cigarette Consumption (Pack Sales Per Capita)","81,7",,"Pack","    (44.661319543001, -84.71439027)","Table 11- Orzechowski and Walker, Tax Burden on Tobacco","POL","450POL","450CGS","453CGS","2"
"MN","Minnesota","1999","OW","The Tax Burden on Tobacco","Cigarette Sales","Cigarette Consumption (Pack Sales Per Capita)","80,7",,"Pack","    (46.355648736, -94.794200503)","Table 11- Orzechowski and Walker, Tax Burden on Tobacco","POL","450POL","450CGS","453CGS","2"
"MN","Minnesota","1999","OW","The Tax Burden on Tobacco","Cigarette Sales","Average Cost per pack","3,036","$","Dollars","    (46.355648736, -94.794200503)","Table 13- Orzechowski and Walker, Tax Burden on Tobacco","POL","450POL","450CGS","455CGS","1"
"MS","Mississippi","1999","OW","The Tax Burden on Tobacco","Cigarette Sales","Average Cost per pack","2,72","$","Dollars","    (32.745510099, -89.538030825)","Table 13- Orzechowski and Walker, Tax Burden on Tobacco","POL","450POL","450CGS","455CGS","1"
"MS","Mississippi","1999","OW","The Tax Burden on Tobacco","Cigarette Sales","Cigarette Consumption (Pack Sales Per Capita)","103,9",,"Pack","    (32.745510099, -89.538030825)","Table 11- Orzechowski and Walker, Tax Burden on Tobacco","POL","450POL","450CGS","453CGS","2"
"MO","Missouri","1999","OW","The Tax Burden on Tobacco","Cigarette Sales","Average Cost per pack","2,588","$","Dollars","    (38.635790776, -92.566300053)","Table 13- Orzechowski and Walker, Tax Burden on Tobacco","POL","450POL","450CGS","455CGS","1"
"MO","Missouri","1999","OW","The Tax Burden on Tobacco","Cigarette Sales","Cigarette Consumption (Pack Sales Per Capita)","118",,"Pack","    (38.635790776, -92.566300053)","Table 11- Orzechowski and Walker, Tax Burden on Tobacco","POL","450POL","450CGS","453CGS","2"
"MT","Montana","1999","OW","The Tax Burden on Tobacco","Cigarette Sales","Average Cost per pack","2,607","$","Dollars","    (47.066528972, -109.424420645)","Table 13- Orzechowski and Walker, Tax Burden on Tobacco","POL","450POL","450CGS","455CGS","1"
"MT","Montana","1999","OW","The Tax Burden on Tobacco","Cigarette Sales","Cigarette Consumption (Pack Sales Per Capita)","82,6",,"Pack","    (47.066528972, -109.424420645)","Table 11- Orzechowski and Walker, Tax Burden on Tobacco","POL","450POL","450CGS","453CGS","2"
"NE","Nebraska","1999","OW","The Tax Burden on Tobacco","Cigarette Sales","Cigarette Consumption (Pack Sales Per Capita)","86,8",,"Pack","    (41.641040988001, -99.365720623)","Table 11- Orzechowski and Walker, Tax Burden on Tobacco","POL","450POL","450CGS","453CGS","2"
"NE","Nebraska","1999","OW","The Tax Burden on Tobacco","Cigarette Sales","Average Cost per pack","2,883","$","Dollars","    (41.641040988001, -99.365720623)","Table 13- Orzechowski and Walker, Tax Burden on Tobacco","POL","450POL","450CGS","455CGS","1"
"NV","Nevada","1999","OW","The Tax Burden on Tobacco","Cigarette Sales","Average Cost per pack","3,035","$","Dollars","    (39.49324039, -117.071840564)","Table 13- Orzechowski and Walker, Tax Burden on Tobacco","POL","450POL","450CGS","455CGS","1"
"NV","Nevada","1999","OW","The Tax Burden on Tobacco","Cigarette Sales","Cigarette Consumption (Pack Sales Per Capita)","103,9",,"Pack","    (39.49324039, -117.071840564)","Table 11- Orzechowski and Walker, Tax Burden on Tobacco","POL","450POL","450CGS","453CGS","2"
"NH","New Hampshire","1999","OW","The Tax Burden on Tobacco","Cigarette Sales","Cigarette Consumption (Pack Sales Per Capita)","171,7",,"Pack","    (43.655950113, -71.50036092)","Table 11- Orzechowski and Walker, Tax Burden on Tobacco","POL","450POL","450CGS","453CGS","2"
"NH","New Hampshire","1999","OW","The Tax Burden on Tobacco","Cigarette Sales","Average Cost per pack","3,139","$","Dollars","    (43.655950113, -71.50036092)","Table 13- Orzechowski and Walker, Tax Burden on Tobacco","POL","450POL","450CGS","455CGS","1"
"NJ","New Jersey","1999","OW","The Tax Burden on Tobacco","Cigarette Sales","Average Cost per pack","3,397","$","Dollars","    (40.130570048, -74.273691288)","Table 13- Orzechowski and Walker, Tax Burden on Tobacco","POL","450POL","450CGS","455CGS","1"
"NJ","New Jersey","1999","OW","The Tax Burden on Tobacco","Cigarette Sales","Cigarette Consumption (Pack Sales Per Capita)","63,6",,"Pack","    (40.130570048, -74.273691288)","Table 11- Orzechowski and Walker, Tax Burden on Tobacco","POL","450POL","450CGS","453CGS","2"
"NM","New Mexico","1999","OW","The Tax Burden on Tobacco","Cigarette Sales","Average Cost per pack","2,798","$","Dollars","    (34.520880952, -106.240580985)","Table 13- Orzechowski and Walker, Tax Burden on Tobacco","POL","450POL","450CGS","455CGS","1"
"NM","New Mexico","1999","OW","The Tax Burden on Tobacco","Cigarette Sales","Cigarette Consumption (Pack Sales Per Capita)","59,7",,"Pack","    (34.520880952, -106.240580985)","Table 11- Orzechowski and Walker, Tax Burden on Tobacco","POL","450POL","450CGS","453CGS","2"
"NY","New York","1999","OW","The Tax Burden on Tobacco","Cigarette Sales","Average Cost per pack","3,268","$","Dollars","    (42.827001032, -75.543970427)","Table 13- Orzechowski and Walker, Tax Burden on Tobacco","POL","450POL","450CGS","455CGS","1"
"NY","New York","1999","OW","The Tax Burden on Tobacco","Cigarette Sales","Cigarette Consumption (Pack Sales Per Capita)","62,9",,"Pack","    (42.827001032, -75.543970427)","Table 11- Orzechowski and Walker, Tax Burden on Tobacco","POL","450POL","450CGS","453CGS","2"
"NC","North Carolina","1999","OW","The Tax Burden on Tobacco","Cigarette Sales","Average Cost per pack","2,573","$","Dollars","    (35.466220975, -79.159250463)","Table 13- Orzechowski and Walker, Tax Burden on Tobacco","POL","450POL","450CGS","455CGS","1"
"NC","North Carolina","1999","OW","The Tax Burden on Tobacco","Cigarette Sales","Cigarette Consumption (Pack Sales Per Capita)","113,1",,"Pack","    (35.466220975, -79.159250463)","Table 11- Orzechowski and Walker, Tax Burden on Tobacco","POL","450POL","450CGS","453CGS","2"
"ND","North Dakota","1999","OW","The Tax Burden on Tobacco","Cigarette Sales","Average Cost per pack","2,975","$","Dollars","    (47.475319779, -100.118421049)","Table 13- Orzechowski and Walker, Tax Burden on Tobacco","POL","450POL","450CGS","455CGS","1"
"ND","North Dakota","1999","OW","The Tax Burden on Tobacco","Cigarette Sales","Cigarette Consumption (Pack Sales Per Capita)","74,7",,"Pack","    (47.475319779, -100.118421049)","Table 11- Orzechowski and Walker, Tax Burden on Tobacco","POL","450POL","450CGS","453CGS","2"
"OH","Ohio","1999","OW","The Tax Burden on Tobacco","Cigarette Sales","Average Cost per pack","2,654","$","Dollars","    (40.060210141, -82.404260056)","Table 13- Orzechowski and Walker, Tax Burden on Tobacco","POL","450POL","450CGS","455CGS","1"
"OH","Ohio","1999","OW","The Tax Burden on Tobacco","Cigarette Sales","Cigarette Consumption (Pack Sales Per Capita)","104",,"Pack","    (40.060210141, -82.404260056)","Table 11- Orzechowski and Walker, Tax Burden on Tobacco","POL","450POL","450CGS","453CGS","2"
"OK","Oklahoma","1999","OW","The Tax Burden on Tobacco","Cigarette Sales","Average Cost per pack","2,726","$","Dollars","    (35.472031356, -97.521070214)","Table 13- Orzechowski and Walker, Tax Burden on Tobacco","POL","450POL","450CGS","455CGS","1"
"OK","Oklahoma","1999","OW","The Tax Burden on Tobacco","Cigarette Sales","Cigarette Consumption (Pack Sales Per Capita)","111,4",,"Pack","    (35.472031356, -97.521070214)","Table 11- Orzechowski and Walker, Tax Burden on Tobacco","POL","450POL","450CGS","453CGS","2"
"OR","Oregon","1999","OW","The Tax Burden on Tobacco","Cigarette Sales","Cigarette Consumption (Pack Sales Per Capita)","79,9",,"Pack","    (44.567449424, -120.155031326)","Table 11- Orzechowski and Walker, Tax Burden on Tobacco","POL","450POL","450CGS","453CGS","2"
"OR","Oregon","1999","OW","The Tax Burden on Tobacco","Cigarette Sales","Average Cost per pack","3,242","$","Dollars","    (44.567449424, -120.155031326)","Table 13- Orzechowski and Walker, Tax Burden on Tobacco","POL","450POL","450CGS","455CGS","1"
"PA","Pennsylvania","1999","OW","The Tax Burden on Tobacco","Cigarette Sales","Cigarette Consumption (Pack Sales Per Capita)","91,1",,"Pack","    (40.793730152, -77.860700294)","Table 11- Orzechowski and Walker, Tax Burden on Tobacco","POL","450POL","450CGS","453CGS","2"
"PA","Pennsylvania","1999","OW","The Tax Burden on Tobacco","Cigarette Sales","Average Cost per pack","2,801","$","Dollars","    (40.793730152, -77.860700294)","Table 13- Orzechowski and Walker, Tax Burden on Tobacco","POL","450POL","450CGS","455CGS","1"
"RI","Rhode Island","1999","OW","The Tax Burden on Tobacco","Cigarette Sales","Average Cost per pack","3,229","$","Dollars","    (41.708280193, -71.522470314)","Table 13- Orzechowski and Walker, Tax Burden on Tobacco","POL","450POL","450CGS","455CGS","1"
"RI","Rhode Island","1999","OW","The Tax Burden on Tobacco","Cigarette Sales","Cigarette Consumption (Pack Sales Per Capita)","86,9",,"Pack","    (41.708280193, -71.522470314)","Table 11- Orzechowski and Walker, Tax Burden on Tobacco","POL","450POL","450CGS","453CGS","2"
"SC","South Carolina","1999","OW","The Tax Burden on Tobacco","Cigarette Sales","Cigarette Consumption (Pack Sales Per Capita)","109,4",,"Pack","    (33.998821303, -81.045371207)","Table 11- Orzechowski and Walker, Tax Burden on Tobacco","POL","450POL","450CGS","453CGS","2"
"SC","South Carolina","1999","OW","The Tax Burden on Tobacco","Cigarette Sales","Average Cost per pack","2,553","$","Dollars","    (33.998821303, -81.045371207)","Table 13- Orzechowski and Walker, Tax Burden on Tobacco","POL","450POL","450CGS","455CGS","1"
"SD","South Dakota","1999","OW","The Tax Burden on Tobacco","Cigarette Sales","Average Cost per pack","2,729","$","Dollars","    (44.353130053, -100.373530637)","Table 13- Orzechowski and Walker, Tax Burden on Tobacco","POL","450POL","450CGS","455CGS","1"
"SD","South Dakota","1999","OW","The Tax Burden on Tobacco","Cigarette Sales","Cigarette Consumption (Pack Sales Per Capita)","83,5",,"Pack","    (44.353130053, -100.373530637)","Table 11- Orzechowski and Walker, Tax Burden on Tobacco","POL","450POL","450CGS","453CGS","2"
"TN","Tennessee","1999","OW","The Tax Burden on Tobacco","Cigarette Sales","Cigarette Consumption (Pack Sales Per Capita)","115,8",,"Pack","    (35.68094058, -85.774490914)","Table 11- Orzechowski and Walker, Tax Burden on Tobacco","POL","450POL","450CGS","453CGS","2"
"TN","Tennessee","1999","OW","The Tax Burden on Tobacco","Cigarette Sales","Average Cost per pack","2,612","$","Dollars","    (35.68094058, -85.774490914)","Table 13- Orzechowski and Walker, Tax Burden on Tobacco","POL","450POL","450CGS","455CGS","1"
"TX","Texas","1999","OW","The Tax Burden on Tobacco","Cigarette Sales","Average Cost per pack","2,923","$","Dollars","    (31.827240407, -99.426770206)","Table 13- Orzechowski and Walker, Tax Burden on Tobacco","POL","450POL","450CGS","455CGS","1"
"TX","Texas","1999","OW","The Tax Burden on Tobacco","Cigarette Sales","Cigarette Consumption (Pack Sales Per Capita)","67,8",,"Pack","    (31.827240407, -99.426770206)","Table 11- Orzechowski and Walker, Tax Burden on Tobacco","POL","450POL","450CGS","453CGS","2"
"UT","Utah","1999","OW","The Tax Burden on Tobacco","Cigarette Sales","Cigarette Consumption (Pack Sales Per Capita)","43,9",,"Pack","    (39.360700171, -111.587130635)","Table 11- Orzechowski and Walker, Tax Burden on Tobacco","POL","450POL","450CGS","453CGS","2"
"UT","Utah","1999","OW","The Tax Burden on Tobacco","Cigarette Sales","Average Cost per pack","3,129","$","Dollars","    (39.360700171, -111.587130635)","Table 13- Orzechowski and Walker, Tax Burden on Tobacco","POL","450POL","450CGS","455CGS","1"
"VT","Vermont","1999","OW","The Tax Burden on Tobacco","Cigarette Sales","Cigarette Consumption (Pack Sales Per Capita)","94,1",,"Pack","    (43.625381239, -72.517640791)","Table 11- Orzechowski and Walker, Tax Burden on Tobacco","POL","450POL","450CGS","453CGS","2"
"VT","Vermont","1999","OW","The Tax Burden on Tobacco","Cigarette Sales","Average Cost per pack","3,011","$","Dollars","    (43.625381239, -72.517640791)","Table 13- Orzechowski and Walker, Tax Burden on Tobacco","POL","450POL","450CGS","455CGS","1"
"VA","Virginia","1999","OW","The Tax Burden on Tobacco","Cigarette Sales","Cigarette Consumption (Pack Sales Per Capita)","102,1",,"Pack","    (37.542680674, -78.457890463)","Table 11- Orzechowski and Walker, Tax Burden on Tobacco","POL","450POL","450CGS","453CGS","2"
"VA","Virginia","1999","OW","The Tax Burden on Tobacco","Cigarette Sales","Average Cost per pack","2,528","$","Dollars","    (37.542680674, -78.457890463)","Table 13- Orzechowski and Walker, Tax Burden on Tobacco","POL","450POL","450CGS","455CGS","1"
"WA","Washington","1999","OW","The Tax Burden on Tobacco","Cigarette Sales","Cigarette Consumption (Pack Sales Per Capita)","55,1",,"Pack","    (47.522278629, -120.47001079)","Table 11- Orzechowski and Walker, Tax Burden on Tobacco","POL","450POL","450CGS","453CGS","2"
"WA","Washington","1999","OW","The Tax Burden on Tobacco","Cigarette Sales","Average Cost per pack","3,598","$","Dollars","    (47.522278629, -120.47001079)","Table 13- Orzechowski and Walker, Tax Burden on Tobacco","POL","450POL","450CGS","455CGS","1"
"WV","West Virginia","1999","OW","The Tax Burden on Tobacco","Cigarette Sales","Average Cost per pack","2,537","$","Dollars","    (38.665510202, -80.712640135)","Table 13- Orzechowski and Walker, Tax Burden on Tobacco","POL","450POL","450CGS","455CGS","1"
"WV","West Virginia","1999","OW","The Tax Burden on Tobacco","Cigarette Sales","Cigarette Consumption (Pack Sales Per Capita)","112,4",,"Pack","    (38.665510202, -80.712640135)","Table 11- Orzechowski and Walker, Tax Burden on Tobacco","POL","450POL","450CGS","453CGS","2"
"WI","Wisconsin","1999","OW","The Tax Burden on Tobacco","Cigarette Sales","Average Cost per pack","3,128","$","Dollars","    (44.393191174, -89.816370742)","Table 13- Orzechowski and Walker, Tax Burden on Tobacco","POL","450POL","450CGS","455CGS","1"
"WI","Wisconsin","1999","OW","The Tax Burden on Tobacco","Cigarette Sales","Cigarette Consumption (Pack Sales Per Capita)","84,4",,"Pack","    (44.393191174, -89.816370742)","Table 11- Orzechowski and Walker, Tax Burden on Tobacco","POL","450POL","450CGS","453CGS","2"
"WY","Wyoming","1999","OW","The Tax Burden on Tobacco","Cigarette Sales","Cigarette Consumption (Pack Sales Per Capita)","104,8",,"Pack","    (43.235541343, -108.109830353)","Table 11- Orzechowski and Walker, Tax Burden on Tobacco","POL","450POL","450CGS","453CGS","2"
"WY","Wyoming","1999","OW","The Tax Burden on Tobacco","Cigarette Sales","Average Cost per pack","2,671","$","Dollars","    (43.235541343, -108.109830353)","Table 13- Orzechowski and Walker, Tax Burden on Tobacco","POL","450POL","450CGS","455CGS","1"
"AL","Alabama","1998","OW","The Tax Burden on Tobacco","Cigarette Sales","Average Cost per pack","1,956","$","Dollars","    (32.840571122, -86.631860762)","Table 13- Orzechowski and Walker, Tax Burden on Tobacco","POL","450POL","450CGS","455CGS","1"
"AL","Alabama","1998","OW","The Tax Burden on Tobacco","Cigarette Sales","Cigarette Consumption (Pack Sales Per Capita)","106,2",,"Pack","    (32.840571122, -86.631860762)","Table 11- Orzechowski and Walker, Tax Burden on Tobacco","POL","450POL","450CGS","453CGS","2"
"AK","Alaska","1998","OW","The Tax Burden on Tobacco","Cigarette Sales","Average Cost per pack","3,276","$","Dollars","    (64.845079957001, -147.722059036)","Table 13- Orzechowski and Walker, Tax Burden on Tobacco","POL","450POL","450CGS","455CGS","1"
"AK","Alaska","1998","OW","The Tax Burden on Tobacco","Cigarette Sales","Cigarette Consumption (Pack Sales Per Capita)","78,6",,"Pack","    (64.845079957001, -147.722059036)","Table 11- Orzechowski and Walker, Tax Burden on Tobacco","POL","450POL","450CGS","453CGS","2"
"AZ","Arizona","1998","OW","The Tax Burden on Tobacco","Cigarette Sales","Cigarette Consumption (Pack Sales Per Capita)","66",,"Pack","    (34.86597028, -111.763811277)","Table 11- Orzechowski and Walker, Tax Burden on Tobacco","POL","450POL","450CGS","453CGS","2"
"AZ","Arizona","1998","OW","The Tax Burden on Tobacco","Cigarette Sales","Average Cost per pack","2,501","$","Dollars","    (34.86597028, -111.763811277)","Table 13- Orzechowski and Walker, Tax Burden on Tobacco","POL","450POL","450CGS","455CGS","1"
"AR","Arkansas","1998","OW","The Tax Burden on Tobacco","Cigarette Sales","Cigarette Consumption (Pack Sales Per Capita)","109,5",,"Pack","    (34.748650124, -92.274490743)","Table 11- Orzechowski and Walker, Tax Burden on Tobacco","POL","450POL","450CGS","453CGS","2"
"AR","Arkansas","1998","OW","The Tax Burden on Tobacco","Cigarette Sales","Average Cost per pack","2,069","$","Dollars","    (34.748650124, -92.274490743)","Table 13- Orzechowski and Walker, Tax Burden on Tobacco","POL","450POL","450CGS","455CGS","1"
"CA","California","1998","OW","The Tax Burden on Tobacco","Cigarette Sales","Cigarette Consumption (Pack Sales Per Capita)","52,3",,"Pack","    (37.638640123, -120.999999538)","Table 11- Orzechowski and Walker, Tax Burden on Tobacco","POL","450POL","450CGS","453CGS","2"
"CA","California","1998","OW","The Tax Burden on Tobacco","Cigarette Sales","Average Cost per pack","2,249","$","Dollars","    (37.638640123, -120.999999538)","Table 13- Orzechowski and Walker, Tax Burden on Tobacco","POL","450POL","450CGS","455CGS","1"
"CO","Colorado","1998","OW","The Tax Burden on Tobacco","Cigarette Sales","Average Cost per pack","2,042","$","Dollars","    (38.843840757, -106.133610921)","Table 13- Orzechowski and Walker, Tax Burden on Tobacco","POL","450POL","450CGS","455CGS","1"
"CO","Colorado","1998","OW","The Tax Burden on Tobacco","Cigarette Sales","Cigarette Consumption (Pack Sales Per Capita)","81,2",,"Pack","    (38.843840757, -106.133610921)","Table 11- Orzechowski and Walker, Tax Burden on Tobacco","POL","450POL","450CGS","453CGS","2"
"CT","Connecticut","1998","OW","The Tax Burden on Tobacco","Cigarette Sales","Average Cost per pack","2,365","$","Dollars","    (41.56266102, -72.649840952)","Table 13- Orzechowski and Walker, Tax Burden on Tobacco","POL","450POL","450CGS","455CGS","1"
"CT","Connecticut","1998","OW","The Tax Burden on Tobacco","Cigarette Sales","Cigarette Consumption (Pack Sales Per Capita)","75,5",,"Pack","    (41.56266102, -72.649840952)","Table 11- Orzechowski and Walker, Tax Burden on Tobacco","POL","450POL","450CGS","453CGS","2"
"DE","Delaware","1998","OW","The Tax Burden on Tobacco","Cigarette Sales","Cigarette Consumption (Pack Sales Per Capita)","132,8",,"Pack","    (39.008830667, -75.577741168)","Table 11- Orzechowski and Walker, Tax Burden on Tobacco","POL","450POL","450CGS","453CGS","2"
"DE","Delaware","1998","OW","The Tax Burden on Tobacco","Cigarette Sales","Average Cost per pack","1,983","$","Dollars","    (39.008830667, -75.577741168)","Table 13- Orzechowski and Walker, Tax Burden on Tobacco","POL","450POL","450CGS","455CGS","1"
"DC","District of Columbia","1998","OW","The Tax Burden on Tobacco","Cigarette Sales","Average Cost per pack","2,533","$","Dollars","    (38.890371385, -77.031961127)","Table 13- Orzechowski and Walker, Tax Burden on Tobacco","POL","450POL","450CGS","455CGS","1"
"DC","District of Columbia","1998","OW","The Tax Burden on Tobacco","Cigarette Sales","Cigarette Consumption (Pack Sales Per Capita)","50,9",,"Pack","    (38.890371385, -77.031961127)","Table 11- Orzechowski and Walker, Tax Burden on Tobacco","POL","450POL","450CGS","453CGS","2"
"FL","Florida","1998","OW","The Tax Burden on Tobacco","Cigarette Sales","Average Cost per pack","2,156","$","Dollars","    (28.932040377, -81.928960539)","Table 13- Orzechowski and Walker, Tax Burden on Tobacco","POL","450POL","450CGS","455CGS","1"
"FL","Florida","1998","OW","The Tax Burden on Tobacco","Cigarette Sales","Cigarette Consumption (Pack Sales Per Capita)","91,7",,"Pack","    (28.932040377, -81.928960539)","Table 11- Orzechowski and Walker, Tax Burden on Tobacco","POL","450POL","450CGS","453CGS","2"
"GA","Georgia","1998","OW","The Tax Burden on Tobacco","Cigarette Sales","Cigarette Consumption (Pack Sales Per Capita)","100,5",,"Pack","    (32.839681093, -83.627580346)","Table 11- Orzechowski and Walker, Tax Burden on Tobacco","POL","450POL","450CGS","453CGS","2"
"GA","Georgia","1998","OW","The Tax Burden on Tobacco","Cigarette Sales","Average Cost per pack","1,88","$","Dollars","    (32.839681093, -83.627580346)","Table 13- Orzechowski and Walker, Tax Burden on Tobacco","POL","450POL","450CGS","455CGS","1"
"HI","Hawaii","1998","OW","The Tax Burden on Tobacco","Cigarette Sales","Average Cost per pack","3,017","$","Dollars","    (21.304850435, -157.857749403)","Table 13- Orzechowski and Walker, Tax Burden on Tobacco","POL","450POL","450CGS","455CGS","1"
"HI","Hawaii","1998","OW","The Tax Burden on Tobacco","Cigarette Sales","Cigarette Consumption (Pack Sales Per Capita)","35,5",,"Pack","    (21.304850435, -157.857749403)","Table 11- Orzechowski and Walker, Tax Burden on Tobacco","POL","450POL","450CGS","453CGS","2"
"ID","Idaho","1998","OW","The Tax Burden on Tobacco","Cigarette Sales","Cigarette Consumption (Pack Sales Per Capita)","78,9",,"Pack","    (43.682630005, -114.363730042)","Table 11- Orzechowski and Walker, Tax Burden on Tobacco","POL","450POL","450CGS","453CGS","2"
"ID","Idaho","1998","OW","The Tax Burden on Tobacco","Cigarette Sales","Average Cost per pack","2,107","$","Dollars","    (43.682630005, -114.363730042)","Table 13- Orzechowski and Walker, Tax Burden on Tobacco","POL","450POL","450CGS","455CGS","1"
"IL","Illinois","1998","OW","The Tax Burden on Tobacco","Cigarette Sales","Cigarette Consumption (Pack Sales Per Capita)","80,3",,"Pack","    (40.485010283, -88.997710178)","Table 11- Orzechowski and Walker, Tax Burden on Tobacco","POL","450POL","450CGS","453CGS","2"
"IL","Illinois","1998","OW","The Tax Burden on Tobacco","Cigarette Sales","Average Cost per pack","2,405","$","Dollars","    (40.485010283, -88.997710178)","Table 13- Orzechowski and Walker, Tax Burden on Tobacco","POL","450POL","450CGS","455CGS","1"
"IN","Indiana","1998","OW","The Tax Burden on Tobacco","Cigarette Sales","Average Cost per pack","1,9","$","Dollars","    (39.766910452, -86.149960194)","Table 13- Orzechowski and Walker, Tax Burden on Tobacco","POL","450POL","450CGS","455CGS","1"
"IN","Indiana","1998","OW","The Tax Burden on Tobacco","Cigarette Sales","Cigarette Consumption (Pack Sales Per Capita)","135,9",,"Pack","    (39.766910452, -86.149960194)","Table 11- Orzechowski and Walker, Tax Burden on Tobacco","POL","450POL","450CGS","453CGS","2"
"IA","Iowa","1998","OW","The Tax Burden on Tobacco","Cigarette Sales","Average Cost per pack","2,13","$","Dollars","    (42.469400913, -93.816490556)","Table 13- Orzechowski and Walker, Tax Burden on Tobacco","POL","450POL","450CGS","455CGS","1"
"IA","Iowa","1998","OW","The Tax Burden on Tobacco","Cigarette Sales","Cigarette Consumption (Pack Sales Per Capita)","94",,"Pack","    (42.469400913, -93.816490556)","Table 11- Orzechowski and Walker, Tax Burden on Tobacco","POL","450POL","450CGS","453CGS","2"
"KS","Kansas","1998","OW","The Tax Burden on Tobacco","Cigarette Sales","Cigarette Consumption (Pack Sales Per Capita)","87,6",,"Pack","    (38.3477403, -98.200781227)","Table 11- Orzechowski and Walker, Tax Burden on Tobacco","POL","450POL","450CGS","453CGS","2"
"KS","Kansas","1998","OW","The Tax Burden on Tobacco","Cigarette Sales","Average Cost per pack","2,07","$","Dollars","    (38.3477403, -98.200781227)","Table 13- Orzechowski and Walker, Tax Burden on Tobacco","POL","450POL","450CGS","455CGS","1"
"KY","Kentucky","1998","OW","The Tax Burden on Tobacco","Cigarette Sales","Cigarette Consumption (Pack Sales Per Capita)","171,3",,"Pack","    (37.645970271, -84.774971048)","Table 11- Orzechowski and Walker, Tax Burden on Tobacco","POL","450POL","450CGS","453CGS","2"
"KY","Kentucky","1998","OW","The Tax Burden on Tobacco","Cigarette Sales","Average Cost per pack","1,792","$","Dollars","    (37.645970271, -84.774971048)","Table 13- Orzechowski and Walker, Tax Burden on Tobacco","POL","450POL","450CGS","455CGS","1"
"LA","Louisiana","1998","OW","The Tax Burden on Tobacco","Cigarette Sales","Cigarette Consumption (Pack Sales Per Capita)","103,2",,"Pack","    (31.312660644, -92.445680071)","Table 11- Orzechowski and Walker, Tax Burden on Tobacco","POL","450POL","450CGS","453CGS","2"
"LA","Louisiana","1998","OW","The Tax Burden on Tobacco","Cigarette Sales","Average Cost per pack","2,08","$","Dollars","    (31.312660644, -92.445680071)","Table 13- Orzechowski and Walker, Tax Burden on Tobacco","POL","450POL","450CGS","455CGS","1"
"ME","Maine","1998","OW","The Tax Burden on Tobacco","Cigarette Sales","Average Cost per pack","2,678","$","Dollars","    (45.254228894001, -68.985031336)","Table 13- Orzechowski and Walker, Tax Burden on Tobacco","POL","450POL","450CGS","455CGS","1"
"ME","Maine","1998","OW","The Tax Burden on Tobacco","Cigarette Sales","Cigarette Consumption (Pack Sales Per Capita)","94,5",,"Pack","    (45.254228894001, -68.985031336)","Table 11- Orzechowski and Walker, Tax Burden on Tobacco","POL","450POL","450CGS","453CGS","2"
"MD","Maryland","1998","OW","The Tax Burden on Tobacco","Cigarette Sales","Average Cost per pack","2,195","$","Dollars","    (39.290580964, -76.609260111)","Table 13- Orzechowski and Walker, Tax Burden on Tobacco","POL","450POL","450CGS","455CGS","1"
"MD","Maryland","1998","OW","The Tax Burden on Tobacco","Cigarette Sales","Cigarette Consumption (Pack Sales Per Capita)","72",,"Pack","    (39.290580964, -76.609260111)","Table 11- Orzechowski and Walker, Tax Burden on Tobacco","POL","450POL","450CGS","453CGS","2"
"MA","Massachusetts","1998","OW","The Tax Burden on Tobacco","Cigarette Sales","Average Cost per pack","2,822","$","Dollars","    (42.27687047, -72.082690675)","Table 13- Orzechowski and Walker, Tax Burden on Tobacco","POL","450POL","450CGS","455CGS","1"
"MA","Massachusetts","1998","OW","The Tax Burden on Tobacco","Cigarette Sales","Cigarette Consumption (Pack Sales Per Capita)","63,6",,"Pack","    (42.27687047, -72.082690675)","Table 11- Orzechowski and Walker, Tax Burden on Tobacco","POL","450POL","450CGS","453CGS","2"
"MI","Michigan","1998","OW","The Tax Burden on Tobacco","Cigarette Sales","Average Cost per pack","2,613","$","Dollars","    (44.661319543001, -84.71439027)","Table 13- Orzechowski and Walker, Tax Burden on Tobacco","POL","450POL","450CGS","455CGS","1"
"MI","Michigan","1998","OW","The Tax Burden on Tobacco","Cigarette Sales","Cigarette Consumption (Pack Sales Per Capita)","73,7",,"Pack","    (44.661319543001, -84.71439027)","Table 11- Orzechowski and Walker, Tax Burden on Tobacco","POL","450POL","450CGS","453CGS","2"
"MN","Minnesota","1998","OW","The Tax Burden on Tobacco","Cigarette Sales","Cigarette Consumption (Pack Sales Per Capita)","83,2",,"Pack","    (46.355648736, -94.794200503)","Table 11- Orzechowski and Walker, Tax Burden on Tobacco","POL","450POL","450CGS","453CGS","2"
"MN","Minnesota","1998","OW","The Tax Burden on Tobacco","Cigarette Sales","Average Cost per pack","2,274","$","Dollars","    (46.355648736, -94.794200503)","Table 13- Orzechowski and Walker, Tax Burden on Tobacco","POL","450POL","450CGS","455CGS","1"
"MS","Mississippi","1998","OW","The Tax Burden on Tobacco","Cigarette Sales","Cigarette Consumption (Pack Sales Per Capita)","107",,"Pack","    (32.745510099, -89.538030825)","Table 11- Orzechowski and Walker, Tax Burden on Tobacco","POL","450POL","450CGS","453CGS","2"
"MS","Mississippi","1998","OW","The Tax Burden on Tobacco","Cigarette Sales","Average Cost per pack","1,995","$","Dollars","    (32.745510099, -89.538030825)","Table 13- Orzechowski and Walker, Tax Burden on Tobacco","POL","450POL","450CGS","455CGS","1"
"MO","Missouri","1998","OW","The Tax Burden on Tobacco","Cigarette Sales","Average Cost per pack","1,97","$","Dollars","    (38.635790776, -92.566300053)","Table 13- Orzechowski and Walker, Tax Burden on Tobacco","POL","450POL","450CGS","455CGS","1"
"MO","Missouri","1998","OW","The Tax Burden on Tobacco","Cigarette Sales","Cigarette Consumption (Pack Sales Per Capita)","120,1",,"Pack","    (38.635790776, -92.566300053)","Table 11- Orzechowski and Walker, Tax Burden on Tobacco","POL","450POL","450CGS","453CGS","2"
"MT","Montana","1998","OW","The Tax Burden on Tobacco","Cigarette Sales","Cigarette Consumption (Pack Sales Per Capita)","89,1",,"Pack","    (47.066528972, -109.424420645)","Table 11- Orzechowski and Walker, Tax Burden on Tobacco","POL","450POL","450CGS","453CGS","2"
"MT","Montana","1998","OW","The Tax Burden on Tobacco","Cigarette Sales","Average Cost per pack","1,963","$","Dollars","    (47.066528972, -109.424420645)","Table 13- Orzechowski and Walker, Tax Burden on Tobacco","POL","450POL","450CGS","455CGS","1"
"NE","Nebraska","1998","OW","The Tax Burden on Tobacco","Cigarette Sales","Average Cost per pack","2,146","$","Dollars","    (41.641040988001, -99.365720623)","Table 13- Orzechowski and Walker, Tax Burden on Tobacco","POL","450POL","450CGS","455CGS","1"
"NE","Nebraska","1998","OW","The Tax Burden on Tobacco","Cigarette Sales","Cigarette Consumption (Pack Sales Per Capita)","79,7",,"Pack","    (41.641040988001, -99.365720623)","Table 11- Orzechowski and Walker, Tax Burden on Tobacco","POL","450POL","450CGS","453CGS","2"
"NV","Nevada","1998","OW","The Tax Burden on Tobacco","Cigarette Sales","Cigarette Consumption (Pack Sales Per Capita)","102,4",,"Pack","    (39.49324039, -117.071840564)","Table 11- Orzechowski and Walker, Tax Burden on Tobacco","POL","450POL","450CGS","453CGS","2"
"NV","Nevada","1998","OW","The Tax Burden on Tobacco","Cigarette Sales","Average Cost per pack","2,258","$","Dollars","    (39.49324039, -117.071840564)","Table 13- Orzechowski and Walker, Tax Burden on Tobacco","POL","450POL","450CGS","455CGS","1"
"NH","New Hampshire","1998","OW","The Tax Burden on Tobacco","Cigarette Sales","Average Cost per pack","2,228","$","Dollars","    (43.655950113, -71.50036092)","Table 13- Orzechowski and Walker, Tax Burden on Tobacco","POL","450POL","450CGS","455CGS","1"
"NH","New Hampshire","1998","OW","The Tax Burden on Tobacco","Cigarette Sales","Cigarette Consumption (Pack Sales Per Capita)","173,8",,"Pack","    (43.655950113, -71.50036092)","Table 11- Orzechowski and Walker, Tax Burden on Tobacco","POL","450POL","450CGS","453CGS","2"
"NJ","New Jersey","1998","OW","The Tax Burden on Tobacco","Cigarette Sales","Cigarette Consumption (Pack Sales Per Capita)","72,6",,"Pack","    (40.130570048, -74.273691288)","Table 11- Orzechowski and Walker, Tax Burden on Tobacco","POL","450POL","450CGS","453CGS","2"
"NJ","New Jersey","1998","OW","The Tax Burden on Tobacco","Cigarette Sales","Average Cost per pack","2,732","$","Dollars","    (40.130570048, -74.273691288)","Table 13- Orzechowski and Walker, Tax Burden on Tobacco","POL","450POL","450CGS","455CGS","1"
"NM","New Mexico","1998","OW","The Tax Burden on Tobacco","Cigarette Sales","Cigarette Consumption (Pack Sales Per Capita)","62,6",,"Pack","    (34.520880952, -106.240580985)","Table 11- Orzechowski and Walker, Tax Burden on Tobacco","POL","450POL","450CGS","453CGS","2"
"NM","New Mexico","1998","OW","The Tax Burden on Tobacco","Cigarette Sales","Average Cost per pack","2,018","$","Dollars","    (34.520880952, -106.240580985)","Table 13- Orzechowski and Walker, Tax Burden on Tobacco","POL","450POL","450CGS","455CGS","1"
"NY","New York","1998","OW","The Tax Burden on Tobacco","Cigarette Sales","Cigarette Consumption (Pack Sales Per Capita)","64,9",,"Pack","    (42.827001032, -75.543970427)","Table 11- Orzechowski and Walker, Tax Burden on Tobacco","POL","450POL","450CGS","453CGS","2"
"NY","New York","1998","OW","The Tax Burden on Tobacco","Cigarette Sales","Average Cost per pack","2,536","$","Dollars","    (42.827001032, -75.543970427)","Table 13- Orzechowski and Walker, Tax Burden on Tobacco","POL","450POL","450CGS","455CGS","1"
"NC","North Carolina","1998","OW","The Tax Burden on Tobacco","Cigarette Sales","Cigarette Consumption (Pack Sales Per Capita)","126",,"Pack","    (35.466220975, -79.159250463)","Table 11- Orzechowski and Walker, Tax Burden on Tobacco","POL","450POL","450CGS","453CGS","2"
"NC","North Carolina","1998","OW","The Tax Burden on Tobacco","Cigarette Sales","Average Cost per pack","1,868","$","Dollars","    (35.466220975, -79.159250463)","Table 13- Orzechowski and Walker, Tax Burden on Tobacco","POL","450POL","450CGS","455CGS","1"
"ND","North Dakota","1998","OW","The Tax Burden on Tobacco","Cigarette Sales","Average Cost per pack","2,236","$","Dollars","    (47.475319779, -100.118421049)","Table 13- Orzechowski and Walker, Tax Burden on Tobacco","POL","450POL","450CGS","455CGS","1"
"ND","North Dakota","1998","OW","The Tax Burden on Tobacco","Cigarette Sales","Cigarette Consumption (Pack Sales Per Capita)","79,1",,"Pack","    (47.475319779, -100.118421049)","Table 11- Orzechowski and Walker, Tax Burden on Tobacco","POL","450POL","450CGS","453CGS","2"
"OH","Ohio","1998","OW","The Tax Burden on Tobacco","Cigarette Sales","Cigarette Consumption (Pack Sales Per Capita)","106,4",,"Pack","    (40.060210141, -82.404260056)","Table 11- Orzechowski and Walker, Tax Burden on Tobacco","POL","450POL","450CGS","453CGS","2"
"OH","Ohio","1998","OW","The Tax Burden on Tobacco","Cigarette Sales","Average Cost per pack","1,932","$","Dollars","    (40.060210141, -82.404260056)","Table 13- Orzechowski and Walker, Tax Burden on Tobacco","POL","450POL","450CGS","455CGS","1"
"OK","Oklahoma","1998","OW","The Tax Burden on Tobacco","Cigarette Sales","Cigarette Consumption (Pack Sales Per Capita)","112,2",,"Pack","    (35.472031356, -97.521070214)","Table 11- Orzechowski and Walker, Tax Burden on Tobacco","POL","450POL","450CGS","453CGS","2"
"OK","Oklahoma","1998","OW","The Tax Burden on Tobacco","Cigarette Sales","Average Cost per pack","2,034","$","Dollars","    (35.472031356, -97.521070214)","Table 13- Orzechowski and Walker, Tax Burden on Tobacco","POL","450POL","450CGS","455CGS","1"
"OR","Oregon","1998","OW","The Tax Burden on Tobacco","Cigarette Sales","Cigarette Consumption (Pack Sales Per Capita)","84,2",,"Pack","    (44.567449424, -120.155031326)","Table 11- Orzechowski and Walker, Tax Burden on Tobacco","POL","450POL","450CGS","453CGS","2"
"OR","Oregon","1998","OW","The Tax Burden on Tobacco","Cigarette Sales","Average Cost per pack","2,583","$","Dollars","    (44.567449424, -120.155031326)","Table 13- Orzechowski and Walker, Tax Burden on Tobacco","POL","450POL","450CGS","455CGS","1"
"PA","Pennsylvania","1998","OW","The Tax Burden on Tobacco","Cigarette Sales","Cigarette Consumption (Pack Sales Per Capita)","92,1",,"Pack","    (40.793730152, -77.860700294)","Table 11- Orzechowski and Walker, Tax Burden on Tobacco","POL","450POL","450CGS","453CGS","2"
"PA","Pennsylvania","1998","OW","The Tax Burden on Tobacco","Cigarette Sales","Average Cost per pack","2,05","$","Dollars","    (40.793730152, -77.860700294)","Table 13- Orzechowski and Walker, Tax Burden on Tobacco","POL","450POL","450CGS","455CGS","1"
"RI","Rhode Island","1998","OW","The Tax Burden on Tobacco","Cigarette Sales","Average Cost per pack","2,517","$","Dollars","    (41.708280193, -71.522470314)","Table 13- Orzechowski and Walker, Tax Burden on Tobacco","POL","450POL","450CGS","455CGS","1"
"RI","Rhode Island","1998","OW","The Tax Burden on Tobacco","Cigarette Sales","Cigarette Consumption (Pack Sales Per Capita)","88,7",,"Pack","    (41.708280193, -71.522470314)","Table 11- Orzechowski and Walker, Tax Burden on Tobacco","POL","450POL","450CGS","453CGS","2"
"SC","South Carolina","1998","OW","The Tax Burden on Tobacco","Cigarette Sales","Cigarette Consumption (Pack Sales Per Capita)","126,9",,"Pack","    (33.998821303, -81.045371207)","Table 11- Orzechowski and Walker, Tax Burden on Tobacco","POL","450POL","450CGS","453CGS","2"
"SC","South Carolina","1998","OW","The Tax Burden on Tobacco","Cigarette Sales","Average Cost per pack","1,796","$","Dollars","    (33.998821303, -81.045371207)","Table 13- Orzechowski and Walker, Tax Burden on Tobacco","POL","450POL","450CGS","455CGS","1"
"SD","South Dakota","1998","OW","The Tax Burden on Tobacco","Cigarette Sales","Cigarette Consumption (Pack Sales Per Capita)","88,3",,"Pack","    (44.353130053, -100.373530637)","Table 11- Orzechowski and Walker, Tax Burden on Tobacco","POL","450POL","450CGS","453CGS","2"
"SD","South Dakota","1998","OW","The Tax Burden on Tobacco","Cigarette Sales","Average Cost per pack","2,079","$","Dollars","    (44.353130053, -100.373530637)","Table 13- Orzechowski and Walker, Tax Burden on Tobacco","POL","450POL","450CGS","455CGS","1"
"TN","Tennessee","1998","OW","The Tax Burden on Tobacco","Cigarette Sales","Cigarette Consumption (Pack Sales Per Capita)","119,7",,"Pack","    (35.68094058, -85.774490914)","Table 11- Orzechowski and Walker, Tax Burden on Tobacco","POL","450POL","450CGS","453CGS","2"
"TN","Tennessee","1998","OW","The Tax Burden on Tobacco","Cigarette Sales","Average Cost per pack","1,895","$","Dollars","    (35.68094058, -85.774490914)","Table 13- Orzechowski and Walker, Tax Burden on Tobacco","POL","450POL","450CGS","455CGS","1"
"TX","Texas","1998","OW","The Tax Burden on Tobacco","Cigarette Sales","Average Cost per pack","2,25","$","Dollars","    (31.827240407, -99.426770206)","Table 13- Orzechowski and Walker, Tax Burden on Tobacco","POL","450POL","450CGS","455CGS","1"
"TX","Texas","1998","OW","The Tax Burden on Tobacco","Cigarette Sales","Cigarette Consumption (Pack Sales Per Capita)","73,2",,"Pack","    (31.827240407, -99.426770206)","Table 11- Orzechowski and Walker, Tax Burden on Tobacco","POL","450POL","450CGS","453CGS","2"
"UT","Utah","1998","OW","The Tax Burden on Tobacco","Cigarette Sales","Average Cost per pack","2,437","$","Dollars","    (39.360700171, -111.587130635)","Table 13- Orzechowski and Walker, Tax Burden on Tobacco","POL","450POL","450CGS","455CGS","1"
"UT","Utah","1998","OW","The Tax Burden on Tobacco","Cigarette Sales","Cigarette Consumption (Pack Sales Per Capita)","42,3",,"Pack","    (39.360700171, -111.587130635)","Table 11- Orzechowski and Walker, Tax Burden on Tobacco","POL","450POL","450CGS","453CGS","2"
"VT","Vermont","1998","OW","The Tax Burden on Tobacco","Cigarette Sales","Cigarette Consumption (Pack Sales Per Capita)","97",,"Pack","    (43.625381239, -72.517640791)","Table 11- Orzechowski and Walker, Tax Burden on Tobacco","POL","450POL","450CGS","453CGS","2"
"VT","Vermont","1998","OW","The Tax Burden on Tobacco","Cigarette Sales","Average Cost per pack","2,337","$","Dollars","    (43.625381239, -72.517640791)","Table 13- Orzechowski and Walker, Tax Burden on Tobacco","POL","450POL","450CGS","455CGS","1"
"VA","Virginia","1998","OW","The Tax Burden on Tobacco","Cigarette Sales","Average Cost per pack","1,837","$","Dollars","    (37.542680674, -78.457890463)","Table 13- Orzechowski and Walker, Tax Burden on Tobacco","POL","450POL","450CGS","455CGS","1"
"VA","Virginia","1998","OW","The Tax Burden on Tobacco","Cigarette Sales","Cigarette Consumption (Pack Sales Per Capita)","105,6",,"Pack","    (37.542680674, -78.457890463)","Table 11- Orzechowski and Walker, Tax Burden on Tobacco","POL","450POL","450CGS","453CGS","2"
"WA","Washington","1998","OW","The Tax Burden on Tobacco","Cigarette Sales","Average Cost per pack","2,867","$","Dollars","    (47.522278629, -120.47001079)","Table 13- Orzechowski and Walker, Tax Burden on Tobacco","POL","450POL","450CGS","455CGS","1"
"WA","Washington","1998","OW","The Tax Burden on Tobacco","Cigarette Sales","Cigarette Consumption (Pack Sales Per Capita)","56,4",,"Pack","    (47.522278629, -120.47001079)","Table 11- Orzechowski and Walker, Tax Burden on Tobacco","POL","450POL","450CGS","453CGS","2"
"WV","West Virginia","1998","OW","The Tax Burden on Tobacco","Cigarette Sales","Cigarette Consumption (Pack Sales Per Capita)","114,6",,"Pack","    (38.665510202, -80.712640135)","Table 11- Orzechowski and Walker, Tax Burden on Tobacco","POL","450POL","450CGS","453CGS","2"
"WV","West Virginia","1998","OW","The Tax Burden on Tobacco","Cigarette Sales","Average Cost per pack","1,924","$","Dollars","    (38.665510202, -80.712640135)","Table 13- Orzechowski and Walker, Tax Burden on Tobacco","POL","450POL","450CGS","455CGS","1"
"WI","Wisconsin","1998","OW","The Tax Burden on Tobacco","Cigarette Sales","Average Cost per pack","2,435","$","Dollars","    (44.393191174, -89.816370742)","Table 13- Orzechowski and Walker, Tax Burden on Tobacco","POL","450POL","450CGS","455CGS","1"
"WI","Wisconsin","1998","OW","The Tax Burden on Tobacco","Cigarette Sales","Cigarette Consumption (Pack Sales Per Capita)","88,7",,"Pack","    (44.393191174, -89.816370742)","Table 11- Orzechowski and Walker, Tax Burden on Tobacco","POL","450POL","450CGS","453CGS","2"
"WY","Wyoming","1998","OW","The Tax Burden on Tobacco","Cigarette Sales","Cigarette Consumption (Pack Sales Per Capita)","102,9",,"Pack","    (43.235541343, -108.109830353)","Table 11- Orzechowski and Walker, Tax Burden on Tobacco","POL","450POL","450CGS","453CGS","2"
"WY","Wyoming","1998","OW","The Tax Burden on Tobacco","Cigarette Sales","Average Cost per pack","1,896","$","Dollars","    (43.235541343, -108.109830353)","Table 13- Orzechowski and Walker, Tax Burden on Tobacco","POL","450POL","450CGS","455CGS","1"
"AL","Alabama","1997","OW","The Tax Burden on Tobacco","Cigarette Sales","Average Cost per pack","1,805","$","Dollars","    (32.840571122, -86.631860762)","Table 13- Orzechowski and Walker, Tax Burden on Tobacco","POL","450POL","450CGS","455CGS","1"
"AL","Alabama","1997","OW","The Tax Burden on Tobacco","Cigarette Sales","Cigarette Consumption (Pack Sales Per Capita)","104,9",,"Pack","    (32.840571122, -86.631860762)","Table 11- Orzechowski and Walker, Tax Burden on Tobacco","POL","450POL","450CGS","453CGS","2"
"AK","Alaska","1997","OW","The Tax Burden on Tobacco","Cigarette Sales","Cigarette Consumption (Pack Sales Per Capita)","81,7",,"Pack","    (64.845079957001, -147.722059036)","Table 11- Orzechowski and Walker, Tax Burden on Tobacco","POL","450POL","450CGS","453CGS","2"
"AK","Alaska","1997","OW","The Tax Burden on Tobacco","Cigarette Sales","Average Cost per pack","2,97","$","Dollars","    (64.845079957001, -147.722059036)","Table 13- Orzechowski and Walker, Tax Burden on Tobacco","POL","450POL","450CGS","455CGS","1"
"AZ","Arizona","1997","OW","The Tax Burden on Tobacco","Cigarette Sales","Cigarette Consumption (Pack Sales Per Capita)","64,6",,"Pack","    (34.86597028, -111.763811277)","Table 11- Orzechowski and Walker, Tax Burden on Tobacco","POL","450POL","450CGS","453CGS","2"
"AZ","Arizona","1997","OW","The Tax Burden on Tobacco","Cigarette Sales","Average Cost per pack","2,31","$","Dollars","    (34.86597028, -111.763811277)","Table 13- Orzechowski and Walker, Tax Burden on Tobacco","POL","450POL","450CGS","455CGS","1"
"AR","Arkansas","1997","OW","The Tax Burden on Tobacco","Cigarette Sales","Average Cost per pack","1,873","$","Dollars","    (34.748650124, -92.274490743)","Table 13- Orzechowski and Walker, Tax Burden on Tobacco","POL","450POL","450CGS","455CGS","1"
"AR","Arkansas","1997","OW","The Tax Burden on Tobacco","Cigarette Sales","Cigarette Consumption (Pack Sales Per Capita)","108,7",,"Pack","    (34.748650124, -92.274490743)","Table 11- Orzechowski and Walker, Tax Burden on Tobacco","POL","450POL","450CGS","453CGS","2"
"CA","California","1997","OW","The Tax Burden on Tobacco","Cigarette Sales","Average Cost per pack","2,078","$","Dollars","    (37.638640123, -120.999999538)","Table 13- Orzechowski and Walker, Tax Burden on Tobacco","POL","450POL","450CGS","455CGS","1"
"CA","California","1997","OW","The Tax Burden on Tobacco","Cigarette Sales","Cigarette Consumption (Pack Sales Per Capita)","53,8",,"Pack","    (37.638640123, -120.999999538)","Table 11- Orzechowski and Walker, Tax Burden on Tobacco","POL","450POL","450CGS","453CGS","2"
"CO","Colorado","1997","OW","The Tax Burden on Tobacco","Cigarette Sales","Cigarette Consumption (Pack Sales Per Capita)","81,3",,"Pack","    (38.843840757, -106.133610921)","Table 11- Orzechowski and Walker, Tax Burden on Tobacco","POL","450POL","450CGS","453CGS","2"
"CO","Colorado","1997","OW","The Tax Burden on Tobacco","Cigarette Sales","Average Cost per pack","1,858","$","Dollars","    (38.843840757, -106.133610921)","Table 13- Orzechowski and Walker, Tax Burden on Tobacco","POL","450POL","450CGS","455CGS","1"
"CT","Connecticut","1997","OW","The Tax Burden on Tobacco","Cigarette Sales","Average Cost per pack","2,179","$","Dollars","    (41.56266102, -72.649840952)","Table 13- Orzechowski and Walker, Tax Burden on Tobacco","POL","450POL","450CGS","455CGS","1"
"CT","Connecticut","1997","OW","The Tax Burden on Tobacco","Cigarette Sales","Cigarette Consumption (Pack Sales Per Capita)","75,9",,"Pack","    (41.56266102, -72.649840952)","Table 11- Orzechowski and Walker, Tax Burden on Tobacco","POL","450POL","450CGS","453CGS","2"
"DE","Delaware","1997","OW","The Tax Burden on Tobacco","Cigarette Sales","Average Cost per pack","1,792","$","Dollars","    (39.008830667, -75.577741168)","Table 13- Orzechowski and Walker, Tax Burden on Tobacco","POL","450POL","450CGS","455CGS","1"
"DE","Delaware","1997","OW","The Tax Burden on Tobacco","Cigarette Sales","Cigarette Consumption (Pack Sales Per Capita)","124,1",,"Pack","    (39.008830667, -75.577741168)","Table 11- Orzechowski and Walker, Tax Burden on Tobacco","POL","450POL","450CGS","453CGS","2"
"DC","District of Columbia","1997","OW","The Tax Burden on Tobacco","Cigarette Sales","Average Cost per pack","2,365","$","Dollars","    (38.890371385, -77.031961127)","Table 13- Orzechowski and Walker, Tax Burden on Tobacco","POL","450POL","450CGS","455CGS","1"
"DC","District of Columbia","1997","OW","The Tax Burden on Tobacco","Cigarette Sales","Cigarette Consumption (Pack Sales Per Capita)","54,3",,"Pack","    (38.890371385, -77.031961127)","Table 11- Orzechowski and Walker, Tax Burden on Tobacco","POL","450POL","450CGS","453CGS","2"
"FL","Florida","1997","OW","The Tax Burden on Tobacco","Cigarette Sales","Average Cost per pack","1,918","$","Dollars","    (28.932040377, -81.928960539)","Table 13- Orzechowski and Walker, Tax Burden on Tobacco","POL","450POL","450CGS","455CGS","1"
"FL","Florida","1997","OW","The Tax Burden on Tobacco","Cigarette Sales","Cigarette Consumption (Pack Sales Per Capita)","93",,"Pack","    (28.932040377, -81.928960539)","Table 11- Orzechowski and Walker, Tax Burden on Tobacco","POL","450POL","450CGS","453CGS","2"
"GA","Georgia","1997","OW","The Tax Burden on Tobacco","Cigarette Sales","Average Cost per pack","1,687","$","Dollars","    (32.839681093, -83.627580346)","Table 13- Orzechowski and Walker, Tax Burden on Tobacco","POL","450POL","450CGS","455CGS","1"
"GA","Georgia","1997","OW","The Tax Burden on Tobacco","Cigarette Sales","Cigarette Consumption (Pack Sales Per Capita)","100,6",,"Pack","    (32.839681093, -83.627580346)","Table 11- Orzechowski and Walker, Tax Burden on Tobacco","POL","450POL","450CGS","453CGS","2"
"HI","Hawaii","1997","OW","The Tax Burden on Tobacco","Cigarette Sales","Average Cost per pack","2,603","$","Dollars","    (21.304850435, -157.857749403)","Table 13- Orzechowski and Walker, Tax Burden on Tobacco","POL","450POL","450CGS","455CGS","1"
"HI","Hawaii","1997","OW","The Tax Burden on Tobacco","Cigarette Sales","Cigarette Consumption (Pack Sales Per Capita)","49,1",,"Pack","    (21.304850435, -157.857749403)","Table 11- Orzechowski and Walker, Tax Burden on Tobacco","POL","450POL","450CGS","453CGS","2"
"ID","Idaho","1997","OW","The Tax Burden on Tobacco","Cigarette Sales","Cigarette Consumption (Pack Sales Per Capita)","75",,"Pack","    (43.682630005, -114.363730042)","Table 11- Orzechowski and Walker, Tax Burden on Tobacco","POL","450POL","450CGS","453CGS","2"
"ID","Idaho","1997","OW","The Tax Burden on Tobacco","Cigarette Sales","Average Cost per pack","1,871","$","Dollars","    (43.682630005, -114.363730042)","Table 13- Orzechowski and Walker, Tax Burden on Tobacco","POL","450POL","450CGS","455CGS","1"
"IL","Illinois","1997","OW","The Tax Burden on Tobacco","Cigarette Sales","Cigarette Consumption (Pack Sales Per Capita)","79,6",,"Pack","    (40.485010283, -88.997710178)","Table 11- Orzechowski and Walker, Tax Burden on Tobacco","POL","450POL","450CGS","453CGS","2"
"IL","Illinois","1997","OW","The Tax Burden on Tobacco","Cigarette Sales","Average Cost per pack","2,023","$","Dollars","    (40.485010283, -88.997710178)","Table 13- Orzechowski and Walker, Tax Burden on Tobacco","POL","450POL","450CGS","455CGS","1"
"IN","Indiana","1997","OW","The Tax Burden on Tobacco","Cigarette Sales","Average Cost per pack","1,668","$","Dollars","    (39.766910452, -86.149960194)","Table 13- Orzechowski and Walker, Tax Burden on Tobacco","POL","450POL","450CGS","455CGS","1"
"IN","Indiana","1997","OW","The Tax Burden on Tobacco","Cigarette Sales","Cigarette Consumption (Pack Sales Per Capita)","135,3",,"Pack","    (39.766910452, -86.149960194)","Table 11- Orzechowski and Walker, Tax Burden on Tobacco","POL","450POL","450CGS","453CGS","2"
"IA","Iowa","1997","OW","The Tax Burden on Tobacco","Cigarette Sales","Cigarette Consumption (Pack Sales Per Capita)","93,9",,"Pack","    (42.469400913, -93.816490556)","Table 11- Orzechowski and Walker, Tax Burden on Tobacco","POL","450POL","450CGS","453CGS","2"
"IA","Iowa","1997","OW","The Tax Burden on Tobacco","Cigarette Sales","Average Cost per pack","1,938","$","Dollars","    (42.469400913, -93.816490556)","Table 13- Orzechowski and Walker, Tax Burden on Tobacco","POL","450POL","450CGS","455CGS","1"
"KS","Kansas","1997","OW","The Tax Burden on Tobacco","Cigarette Sales","Average Cost per pack","1,843","$","Dollars","    (38.3477403, -98.200781227)","Table 13- Orzechowski and Walker, Tax Burden on Tobacco","POL","450POL","450CGS","455CGS","1"
"KS","Kansas","1997","OW","The Tax Burden on Tobacco","Cigarette Sales","Cigarette Consumption (Pack Sales Per Capita)","89,2",,"Pack","    (38.3477403, -98.200781227)","Table 11- Orzechowski and Walker, Tax Burden on Tobacco","POL","450POL","450CGS","453CGS","2"
"KY","Kentucky","1997","OW","The Tax Burden on Tobacco","Cigarette Sales","Cigarette Consumption (Pack Sales Per Capita)","186,8",,"Pack","    (37.645970271, -84.774971048)","Table 11- Orzechowski and Walker, Tax Burden on Tobacco","POL","450POL","450CGS","453CGS","2"
"KY","Kentucky","1997","OW","The Tax Burden on Tobacco","Cigarette Sales","Average Cost per pack","1,557","$","Dollars","    (37.645970271, -84.774971048)","Table 13- Orzechowski and Walker, Tax Burden on Tobacco","POL","450POL","450CGS","455CGS","1"
"LA","Louisiana","1997","OW","The Tax Burden on Tobacco","Cigarette Sales","Cigarette Consumption (Pack Sales Per Capita)","105,3",,"Pack","    (31.312660644, -92.445680071)","Table 11- Orzechowski and Walker, Tax Burden on Tobacco","POL","450POL","450CGS","453CGS","2"
"LA","Louisiana","1997","OW","The Tax Burden on Tobacco","Cigarette Sales","Average Cost per pack","1,859","$","Dollars","    (31.312660644, -92.445680071)","Table 13- Orzechowski and Walker, Tax Burden on Tobacco","POL","450POL","450CGS","455CGS","1"
"ME","Maine","1997","OW","The Tax Burden on Tobacco","Cigarette Sales","Cigarette Consumption (Pack Sales Per Capita)","101,1",,"Pack","    (45.254228894001, -68.985031336)","Table 11- Orzechowski and Walker, Tax Burden on Tobacco","POL","450POL","450CGS","453CGS","2"
"ME","Maine","1997","OW","The Tax Burden on Tobacco","Cigarette Sales","Average Cost per pack","2,196","$","Dollars","    (45.254228894001, -68.985031336)","Table 13- Orzechowski and Walker, Tax Burden on Tobacco","POL","450POL","450CGS","455CGS","1"
"MD","Maryland","1997","OW","The Tax Burden on Tobacco","Cigarette Sales","Average Cost per pack","1,973","$","Dollars","    (39.290580964, -76.609260111)","Table 13- Orzechowski and Walker, Tax Burden on Tobacco","POL","450POL","450CGS","455CGS","1"
"MD","Maryland","1997","OW","The Tax Burden on Tobacco","Cigarette Sales","Cigarette Consumption (Pack Sales Per Capita)","72,7",,"Pack","    (39.290580964, -76.609260111)","Table 11- Orzechowski and Walker, Tax Burden on Tobacco","POL","450POL","450CGS","453CGS","2"
"MA","Massachusetts","1997","OW","The Tax Burden on Tobacco","Cigarette Sales","Average Cost per pack","2,585","$","Dollars","    (42.27687047, -72.082690675)","Table 13- Orzechowski and Walker, Tax Burden on Tobacco","POL","450POL","450CGS","455CGS","1"
"MA","Massachusetts","1997","OW","The Tax Burden on Tobacco","Cigarette Sales","Cigarette Consumption (Pack Sales Per Capita)","66,7",,"Pack","    (42.27687047, -72.082690675)","Table 11- Orzechowski and Walker, Tax Burden on Tobacco","POL","450POL","450CGS","453CGS","2"
"MI","Michigan","1997","OW","The Tax Burden on Tobacco","Cigarette Sales","Average Cost per pack","2,43","$","Dollars","    (44.661319543001, -84.71439027)","Table 13- Orzechowski and Walker, Tax Burden on Tobacco","POL","450POL","450CGS","455CGS","1"
"MI","Michigan","1997","OW","The Tax Burden on Tobacco","Cigarette Sales","Cigarette Consumption (Pack Sales Per Capita)","75,6",,"Pack","    (44.661319543001, -84.71439027)","Table 11- Orzechowski and Walker, Tax Burden on Tobacco","POL","450POL","450CGS","453CGS","2"
"MN","Minnesota","1997","OW","The Tax Burden on Tobacco","Cigarette Sales","Average Cost per pack","2,2","$","Dollars","    (46.355648736, -94.794200503)","Table 13- Orzechowski and Walker, Tax Burden on Tobacco","POL","450POL","450CGS","455CGS","1"
"MN","Minnesota","1997","OW","The Tax Burden on Tobacco","Cigarette Sales","Cigarette Consumption (Pack Sales Per Capita)","84,1",,"Pack","    (46.355648736, -94.794200503)","Table 11- Orzechowski and Walker, Tax Burden on Tobacco","POL","450POL","450CGS","453CGS","2"
"MS","Mississippi","1997","OW","The Tax Burden on Tobacco","Cigarette Sales","Average Cost per pack","1,758","$","Dollars","    (32.745510099, -89.538030825)","Table 13- Orzechowski and Walker, Tax Burden on Tobacco","POL","450POL","450CGS","455CGS","1"
"MS","Mississippi","1997","OW","The Tax Burden on Tobacco","Cigarette Sales","Cigarette Consumption (Pack Sales Per Capita)","106,3",,"Pack","    (32.745510099, -89.538030825)","Table 11- Orzechowski and Walker, Tax Burden on Tobacco","POL","450POL","450CGS","453CGS","2"
"MO","Missouri","1997","OW","The Tax Burden on Tobacco","Cigarette Sales","Cigarette Consumption (Pack Sales Per Capita)","120,6",,"Pack","    (38.635790776, -92.566300053)","Table 11- Orzechowski and Walker, Tax Burden on Tobacco","POL","450POL","450CGS","453CGS","2"
"MO","Missouri","1997","OW","The Tax Burden on Tobacco","Cigarette Sales","Average Cost per pack","1,738","$","Dollars","    (38.635790776, -92.566300053)","Table 13- Orzechowski and Walker, Tax Burden on Tobacco","POL","450POL","450CGS","455CGS","1"
"MT","Montana","1997","OW","The Tax Burden on Tobacco","Cigarette Sales","Average Cost per pack","1,754","$","Dollars","    (47.066528972, -109.424420645)","Table 13- Orzechowski and Walker, Tax Burden on Tobacco","POL","450POL","450CGS","455CGS","1"
"MT","Montana","1997","OW","The Tax Burden on Tobacco","Cigarette Sales","Cigarette Consumption (Pack Sales Per Capita)","88,9",,"Pack","    (47.066528972, -109.424420645)","Table 11- Orzechowski and Walker, Tax Burden on Tobacco","POL","450POL","450CGS","453CGS","2"
"NE","Nebraska","1997","OW","The Tax Burden on Tobacco","Cigarette Sales","Cigarette Consumption (Pack Sales Per Capita)","85,5",,"Pack","    (41.641040988001, -99.365720623)","Table 11- Orzechowski and Walker, Tax Burden on Tobacco","POL","450POL","450CGS","453CGS","2"
"NE","Nebraska","1997","OW","The Tax Burden on Tobacco","Cigarette Sales","Average Cost per pack","1,946","$","Dollars","    (41.641040988001, -99.365720623)","Table 13- Orzechowski and Walker, Tax Burden on Tobacco","POL","450POL","450CGS","455CGS","1"
"NV","Nevada","1997","OW","The Tax Burden on Tobacco","Cigarette Sales","Cigarette Consumption (Pack Sales Per Capita)","95,6",,"Pack","    (39.49324039, -117.071840564)","Table 11- Orzechowski and Walker, Tax Burden on Tobacco","POL","450POL","450CGS","453CGS","2"
"NV","Nevada","1997","OW","The Tax Burden on Tobacco","Cigarette Sales","Average Cost per pack","2,006","$","Dollars","    (39.49324039, -117.071840564)","Table 13- Orzechowski and Walker, Tax Burden on Tobacco","POL","450POL","450CGS","455CGS","1"
"NH","New Hampshire","1997","OW","The Tax Burden on Tobacco","Cigarette Sales","Average Cost per pack","1,97","$","Dollars","    (43.655950113, -71.50036092)","Table 13- Orzechowski and Walker, Tax Burden on Tobacco","POL","450POL","450CGS","455CGS","1"
"NH","New Hampshire","1997","OW","The Tax Burden on Tobacco","Cigarette Sales","Cigarette Consumption (Pack Sales Per Capita)","174,4",,"Pack","    (43.655950113, -71.50036092)","Table 11- Orzechowski and Walker, Tax Burden on Tobacco","POL","450POL","450CGS","453CGS","2"
"NJ","New Jersey","1997","OW","The Tax Burden on Tobacco","Cigarette Sales","Cigarette Consumption (Pack Sales Per Capita)","77",,"Pack","    (40.130570048, -74.273691288)","Table 11- Orzechowski and Walker, Tax Burden on Tobacco","POL","450POL","450CGS","453CGS","2"
"NJ","New Jersey","1997","OW","The Tax Burden on Tobacco","Cigarette Sales","Average Cost per pack","2,083","$","Dollars","    (40.130570048, -74.273691288)","Table 13- Orzechowski and Walker, Tax Burden on Tobacco","POL","450POL","450CGS","455CGS","1"
"NM","New Mexico","1997","OW","The Tax Burden on Tobacco","Cigarette Sales","Cigarette Consumption (Pack Sales Per Capita)","61,8",,"Pack","    (34.520880952, -106.240580985)","Table 11- Orzechowski and Walker, Tax Burden on Tobacco","POL","450POL","450CGS","453CGS","2"
"NM","New Mexico","1997","OW","The Tax Burden on Tobacco","Cigarette Sales","Average Cost per pack","1,838","$","Dollars","    (34.520880952, -106.240580985)","Table 13- Orzechowski and Walker, Tax Burden on Tobacco","POL","450POL","450CGS","455CGS","1"
"NY","New York","1997","OW","The Tax Burden on Tobacco","Cigarette Sales","Cigarette Consumption (Pack Sales Per Capita)","64,5",,"Pack","    (42.827001032, -75.543970427)","Table 11- Orzechowski and Walker, Tax Burden on Tobacco","POL","450POL","450CGS","453CGS","2"
"NY","New York","1997","OW","The Tax Burden on Tobacco","Cigarette Sales","Average Cost per pack","2,293","$","Dollars","    (42.827001032, -75.543970427)","Table 13- Orzechowski and Walker, Tax Burden on Tobacco","POL","450POL","450CGS","455CGS","1"
"NC","North Carolina","1997","OW","The Tax Burden on Tobacco","Cigarette Sales","Cigarette Consumption (Pack Sales Per Capita)","125,6",,"Pack","    (35.466220975, -79.159250463)","Table 11- Orzechowski and Walker, Tax Burden on Tobacco","POL","450POL","450CGS","453CGS","2"
"NC","North Carolina","1997","OW","The Tax Burden on Tobacco","Cigarette Sales","Average Cost per pack","1,676","$","Dollars","    (35.466220975, -79.159250463)","Table 13- Orzechowski and Walker, Tax Burden on Tobacco","POL","450POL","450CGS","455CGS","1"
"ND","North Dakota","1997","OW","The Tax Burden on Tobacco","Cigarette Sales","Cigarette Consumption (Pack Sales Per Capita)","77,5",,"Pack","    (47.475319779, -100.118421049)","Table 11- Orzechowski and Walker, Tax Burden on Tobacco","POL","450POL","450CGS","453CGS","2"
"ND","North Dakota","1997","OW","The Tax Burden on Tobacco","Cigarette Sales","Average Cost per pack","2,052","$","Dollars","    (47.475319779, -100.118421049)","Table 13- Orzechowski and Walker, Tax Burden on Tobacco","POL","450POL","450CGS","455CGS","1"
"OH","Ohio","1997","OW","The Tax Burden on Tobacco","Cigarette Sales","Average Cost per pack","1,729","$","Dollars","    (40.060210141, -82.404260056)","Table 13- Orzechowski and Walker, Tax Burden on Tobacco","POL","450POL","450CGS","455CGS","1"
"OH","Ohio","1997","OW","The Tax Burden on Tobacco","Cigarette Sales","Cigarette Consumption (Pack Sales Per Capita)","108,6",,"Pack","    (40.060210141, -82.404260056)","Table 11- Orzechowski and Walker, Tax Burden on Tobacco","POL","450POL","450CGS","453CGS","2"
"OK","Oklahoma","1997","OW","The Tax Burden on Tobacco","Cigarette Sales","Average Cost per pack","1,836","$","Dollars","    (35.472031356, -97.521070214)","Table 13- Orzechowski and Walker, Tax Burden on Tobacco","POL","450POL","450CGS","455CGS","1"
"OK","Oklahoma","1997","OW","The Tax Burden on Tobacco","Cigarette Sales","Cigarette Consumption (Pack Sales Per Capita)","111,8",,"Pack","    (35.472031356, -97.521070214)","Table 11- Orzechowski and Walker, Tax Burden on Tobacco","POL","450POL","450CGS","453CGS","2"
"OR","Oregon","1997","OW","The Tax Burden on Tobacco","Cigarette Sales","Average Cost per pack","2,341","$","Dollars","    (44.567449424, -120.155031326)","Table 13- Orzechowski and Walker, Tax Burden on Tobacco","POL","450POL","450CGS","455CGS","1"
"OR","Oregon","1997","OW","The Tax Burden on Tobacco","Cigarette Sales","Cigarette Consumption (Pack Sales Per Capita)","89,5",,"Pack","    (44.567449424, -120.155031326)","Table 11- Orzechowski and Walker, Tax Burden on Tobacco","POL","450POL","450CGS","453CGS","2"
"PA","Pennsylvania","1997","OW","The Tax Burden on Tobacco","Cigarette Sales","Average Cost per pack","1,909","$","Dollars","    (40.793730152, -77.860700294)","Table 13- Orzechowski and Walker, Tax Burden on Tobacco","POL","450POL","450CGS","455CGS","1"
"PA","Pennsylvania","1997","OW","The Tax Burden on Tobacco","Cigarette Sales","Cigarette Consumption (Pack Sales Per Capita)","92,9",,"Pack","    (40.793730152, -77.860700294)","Table 11- Orzechowski and Walker, Tax Burden on Tobacco","POL","450POL","450CGS","453CGS","2"
"RI","Rhode Island","1997","OW","The Tax Burden on Tobacco","Cigarette Sales","Cigarette Consumption (Pack Sales Per Capita)","90",,"Pack","    (41.708280193, -71.522470314)","Table 11- Orzechowski and Walker, Tax Burden on Tobacco","POL","450POL","450CGS","453CGS","2"
"RI","Rhode Island","1997","OW","The Tax Burden on Tobacco","Cigarette Sales","Average Cost per pack","2,322","$","Dollars","    (41.708280193, -71.522470314)","Table 13- Orzechowski and Walker, Tax Burden on Tobacco","POL","450POL","450CGS","455CGS","1"
"SC","South Carolina","1997","OW","The Tax Burden on Tobacco","Cigarette Sales","Average Cost per pack","1,653","$","Dollars","    (33.998821303, -81.045371207)","Table 13- Orzechowski and Walker, Tax Burden on Tobacco","POL","450POL","450CGS","455CGS","1"
"SC","South Carolina","1997","OW","The Tax Burden on Tobacco","Cigarette Sales","Cigarette Consumption (Pack Sales Per Capita)","124,5",,"Pack","    (33.998821303, -81.045371207)","Table 11- Orzechowski and Walker, Tax Burden on Tobacco","POL","450POL","450CGS","453CGS","2"
"SD","South Dakota","1997","OW","The Tax Burden on Tobacco","Cigarette Sales","Average Cost per pack","1,928","$","Dollars","    (44.353130053, -100.373530637)","Table 13- Orzechowski and Walker, Tax Burden on Tobacco","POL","450POL","450CGS","455CGS","1"
"SD","South Dakota","1997","OW","The Tax Burden on Tobacco","Cigarette Sales","Cigarette Consumption (Pack Sales Per Capita)","88,8",,"Pack","    (44.353130053, -100.373530637)","Table 11- Orzechowski and Walker, Tax Burden on Tobacco","POL","450POL","450CGS","453CGS","2"
"TN","Tennessee","1997","OW","The Tax Burden on Tobacco","Cigarette Sales","Average Cost per pack","1,677","$","Dollars","    (35.68094058, -85.774490914)","Table 13- Orzechowski and Walker, Tax Burden on Tobacco","POL","450POL","450CGS","455CGS","1"
"TN","Tennessee","1997","OW","The Tax Burden on Tobacco","Cigarette Sales","Cigarette Consumption (Pack Sales Per Capita)","118,9",,"Pack","    (35.68094058, -85.774490914)","Table 11- Orzechowski and Walker, Tax Burden on Tobacco","POL","450POL","450CGS","453CGS","2"
"TX","Texas","1997","OW","The Tax Burden on Tobacco","Cigarette Sales","Cigarette Consumption (Pack Sales Per Capita)","72,6",,"Pack","    (31.827240407, -99.426770206)","Table 11- Orzechowski and Walker, Tax Burden on Tobacco","POL","450POL","450CGS","453CGS","2"
"TX","Texas","1997","OW","The Tax Burden on Tobacco","Cigarette Sales","Average Cost per pack","2,018","$","Dollars","    (31.827240407, -99.426770206)","Table 13- Orzechowski and Walker, Tax Burden on Tobacco","POL","450POL","450CGS","455CGS","1"
"UT","Utah","1997","OW","The Tax Burden on Tobacco","Cigarette Sales","Cigarette Consumption (Pack Sales Per Capita)","57",,"Pack","    (39.360700171, -111.587130635)","Table 11- Orzechowski and Walker, Tax Burden on Tobacco","POL","450POL","450CGS","453CGS","2"
"UT","Utah","1997","OW","The Tax Burden on Tobacco","Cigarette Sales","Average Cost per pack","2,227","$","Dollars","    (39.360700171, -111.587130635)","Table 13- Orzechowski and Walker, Tax Burden on Tobacco","POL","450POL","450CGS","455CGS","1"
"VT","Vermont","1997","OW","The Tax Burden on Tobacco","Cigarette Sales","Cigarette Consumption (Pack Sales Per Capita)","97,7",,"Pack","    (43.625381239, -72.517640791)","Table 11- Orzechowski and Walker, Tax Burden on Tobacco","POL","450POL","450CGS","453CGS","2"
"VT","Vermont","1997","OW","The Tax Burden on Tobacco","Cigarette Sales","Average Cost per pack","2,139","$","Dollars","    (43.625381239, -72.517640791)","Table 13- Orzechowski and Walker, Tax Burden on Tobacco","POL","450POL","450CGS","455CGS","1"
"VA","Virginia","1997","OW","The Tax Burden on Tobacco","Cigarette Sales","Cigarette Consumption (Pack Sales Per Capita)","108",,"Pack","    (37.542680674, -78.457890463)","Table 11- Orzechowski and Walker, Tax Burden on Tobacco","POL","450POL","450CGS","453CGS","2"
"VA","Virginia","1997","OW","The Tax Burden on Tobacco","Cigarette Sales","Average Cost per pack","1,622","$","Dollars","    (37.542680674, -78.457890463)","Table 13- Orzechowski and Walker, Tax Burden on Tobacco","POL","450POL","450CGS","455CGS","1"
"WA","Washington","1997","OW","The Tax Burden on Tobacco","Cigarette Sales","Cigarette Consumption (Pack Sales Per Capita)","55,6",,"Pack","    (47.522278629, -120.47001079)","Table 11- Orzechowski and Walker, Tax Burden on Tobacco","POL","450POL","450CGS","453CGS","2"
"WA","Washington","1997","OW","The Tax Burden on Tobacco","Cigarette Sales","Average Cost per pack","2,726","$","Dollars","    (47.522278629, -120.47001079)","Table 13- Orzechowski and Walker, Tax Burden on Tobacco","POL","450POL","450CGS","455CGS","1"
"WV","West Virginia","1997","OW","The Tax Burden on Tobacco","Cigarette Sales","Average Cost per pack","1,711","$","Dollars","    (38.665510202, -80.712640135)","Table 13- Orzechowski and Walker, Tax Burden on Tobacco","POL","450POL","450CGS","455CGS","1"
"WV","West Virginia","1997","OW","The Tax Burden on Tobacco","Cigarette Sales","Cigarette Consumption (Pack Sales Per Capita)","114,5",,"Pack","    (38.665510202, -80.712640135)","Table 11- Orzechowski and Walker, Tax Burden on Tobacco","POL","450POL","450CGS","453CGS","2"
"WI","Wisconsin","1997","OW","The Tax Burden on Tobacco","Cigarette Sales","Cigarette Consumption (Pack Sales Per Capita)","91,9",,"Pack","    (44.393191174, -89.816370742)","Table 11- Orzechowski and Walker, Tax Burden on Tobacco","POL","450POL","450CGS","453CGS","2"
"WI","Wisconsin","1997","OW","The Tax Burden on Tobacco","Cigarette Sales","Average Cost per pack","2,108","$","Dollars","    (44.393191174, -89.816370742)","Table 13- Orzechowski and Walker, Tax Burden on Tobacco","POL","450POL","450CGS","455CGS","1"
"WY","Wyoming","1997","OW","The Tax Burden on Tobacco","Cigarette Sales","Cigarette Consumption (Pack Sales Per Capita)","108,8",,"Pack","    (43.235541343, -108.109830353)","Table 11- Orzechowski and Walker, Tax Burden on Tobacco","POL","450POL","450CGS","453CGS","2"
"WY","Wyoming","1997","OW","The Tax Burden on Tobacco","Cigarette Sales","Average Cost per pack","1,688","$","Dollars","    (43.235541343, -108.109830353)","Table 13- Orzechowski and Walker, Tax Burden on Tobacco","POL","450POL","450CGS","455CGS","1"
"AL","Alabama","1996","OW","The Tax Burden on Tobacco","Cigarette Sales","Average Cost per pack","1,674","$","Dollars","    (32.840571122, -86.631860762)","Table 13- Orzechowski and Walker, Tax Burden on Tobacco","POL","450POL","450CGS","455CGS","1"
"AL","Alabama","1996","OW","The Tax Burden on Tobacco","Cigarette Sales","Cigarette Consumption (Pack Sales Per Capita)","101,4",,"Pack","    (32.840571122, -86.631860762)","Table 11- Orzechowski and Walker, Tax Burden on Tobacco","POL","450POL","450CGS","453CGS","2"
"AK","Alaska","1996","OW","The Tax Burden on Tobacco","Cigarette Sales","Cigarette Consumption (Pack Sales Per Capita)","89,9",,"Pack","    (64.845079957001, -147.722059036)","Table 11- Orzechowski and Walker, Tax Burden on Tobacco","POL","450POL","450CGS","453CGS","2"
"AK","Alaska","1996","OW","The Tax Burden on Tobacco","Cigarette Sales","Average Cost per pack","2,144","$","Dollars","    (64.845079957001, -147.722059036)","Table 13- Orzechowski and Walker, Tax Burden on Tobacco","POL","450POL","450CGS","455CGS","1"
"AZ","Arizona","1996","OW","The Tax Burden on Tobacco","Cigarette Sales","Cigarette Consumption (Pack Sales Per Capita)","71,4",,"Pack","    (34.86597028, -111.763811277)","Table 11- Orzechowski and Walker, Tax Burden on Tobacco","POL","450POL","450CGS","453CGS","2"
"AZ","Arizona","1996","OW","The Tax Burden on Tobacco","Cigarette Sales","Average Cost per pack","2,22","$","Dollars","    (34.86597028, -111.763811277)","Table 13- Orzechowski and Walker, Tax Burden on Tobacco","POL","450POL","450CGS","455CGS","1"
"AR","Arkansas","1996","OW","The Tax Burden on Tobacco","Cigarette Sales","Cigarette Consumption (Pack Sales Per Capita)","110,7",,"Pack","    (34.748650124, -92.274490743)","Table 11- Orzechowski and Walker, Tax Burden on Tobacco","POL","450POL","450CGS","453CGS","2"
"AR","Arkansas","1996","OW","The Tax Burden on Tobacco","Cigarette Sales","Average Cost per pack","1,813","$","Dollars","    (34.748650124, -92.274490743)","Table 13- Orzechowski and Walker, Tax Burden on Tobacco","POL","450POL","450CGS","455CGS","1"
"CA","California","1996","OW","The Tax Burden on Tobacco","Cigarette Sales","Average Cost per pack","2,003","$","Dollars","    (37.638640123, -120.999999538)","Table 13- Orzechowski and Walker, Tax Burden on Tobacco","POL","450POL","450CGS","455CGS","1"
"CA","California","1996","OW","The Tax Burden on Tobacco","Cigarette Sales","Cigarette Consumption (Pack Sales Per Capita)","54,5",,"Pack","    (37.638640123, -120.999999538)","Table 11- Orzechowski and Walker, Tax Burden on Tobacco","POL","450POL","450CGS","453CGS","2"
"CO","Colorado","1996","OW","The Tax Burden on Tobacco","Cigarette Sales","Average Cost per pack","1,744","$","Dollars","    (38.843840757, -106.133610921)","Table 13- Orzechowski and Walker, Tax Burden on Tobacco","POL","450POL","450CGS","455CGS","1"
"CO","Colorado","1996","OW","The Tax Burden on Tobacco","Cigarette Sales","Cigarette Consumption (Pack Sales Per Capita)","83,1",,"Pack","    (38.843840757, -106.133610921)","Table 11- Orzechowski and Walker, Tax Burden on Tobacco","POL","450POL","450CGS","453CGS","2"
"CT","Connecticut","1996","OW","The Tax Burden on Tobacco","Cigarette Sales","Average Cost per pack","2,085","$","Dollars","    (41.56266102, -72.649840952)","Table 13- Orzechowski and Walker, Tax Burden on Tobacco","POL","450POL","450CGS","455CGS","1"
"CT","Connecticut","1996","OW","The Tax Burden on Tobacco","Cigarette Sales","Cigarette Consumption (Pack Sales Per Capita)","76",,"Pack","    (41.56266102, -72.649840952)","Table 11- Orzechowski and Walker, Tax Burden on Tobacco","POL","450POL","450CGS","453CGS","2"
"DE","Delaware","1996","OW","The Tax Burden on Tobacco","Cigarette Sales","Cigarette Consumption (Pack Sales Per Capita)","128,3",,"Pack","    (39.008830667, -75.577741168)","Table 11- Orzechowski and Walker, Tax Burden on Tobacco","POL","450POL","450CGS","453CGS","2"
"DE","Delaware","1996","OW","The Tax Burden on Tobacco","Cigarette Sales","Average Cost per pack","1,719","$","Dollars","    (39.008830667, -75.577741168)","Table 13- Orzechowski and Walker, Tax Burden on Tobacco","POL","450POL","450CGS","455CGS","1"
"DC","District of Columbia","1996","OW","The Tax Burden on Tobacco","Cigarette Sales","Average Cost per pack","2,304","$","Dollars","    (38.890371385, -77.031961127)","Table 13- Orzechowski and Walker, Tax Burden on Tobacco","POL","450POL","450CGS","455CGS","1"
"DC","District of Columbia","1996","OW","The Tax Burden on Tobacco","Cigarette Sales","Cigarette Consumption (Pack Sales Per Capita)","56",,"Pack","    (38.890371385, -77.031961127)","Table 11- Orzechowski and Walker, Tax Burden on Tobacco","POL","450POL","450CGS","453CGS","2"
"FL","Florida","1996","OW","The Tax Burden on Tobacco","Cigarette Sales","Cigarette Consumption (Pack Sales Per Capita)","91,8",,"Pack","    (28.932040377, -81.928960539)","Table 11- Orzechowski and Walker, Tax Burden on Tobacco","POL","450POL","450CGS","453CGS","2"
"FL","Florida","1996","OW","The Tax Burden on Tobacco","Cigarette Sales","Average Cost per pack","1,827","$","Dollars","    (28.932040377, -81.928960539)","Table 13- Orzechowski and Walker, Tax Burden on Tobacco","POL","450POL","450CGS","455CGS","1"
"GA","Georgia","1996","OW","The Tax Burden on Tobacco","Cigarette Sales","Cigarette Consumption (Pack Sales Per Capita)","102,7",,"Pack","    (32.839681093, -83.627580346)","Table 11- Orzechowski and Walker, Tax Burden on Tobacco","POL","450POL","450CGS","453CGS","2"
"GA","Georgia","1996","OW","The Tax Burden on Tobacco","Cigarette Sales","Average Cost per pack","1,589","$","Dollars","    (32.839681093, -83.627580346)","Table 13- Orzechowski and Walker, Tax Burden on Tobacco","POL","450POL","450CGS","455CGS","1"
"HI","Hawaii","1996","OW","The Tax Burden on Tobacco","Cigarette Sales","Cigarette Consumption (Pack Sales Per Capita)","51,6",,"Pack","    (21.304850435, -157.857749403)","Table 11- Orzechowski and Walker, Tax Burden on Tobacco","POL","450POL","450CGS","453CGS","2"
"HI","Hawaii","1996","OW","The Tax Burden on Tobacco","Cigarette Sales","Average Cost per pack","2,428","$","Dollars","    (21.304850435, -157.857749403)","Table 13- Orzechowski and Walker, Tax Burden on Tobacco","POL","450POL","450CGS","455CGS","1"
"ID","Idaho","1996","OW","The Tax Burden on Tobacco","Cigarette Sales","Cigarette Consumption (Pack Sales Per Capita)","73,6",,"Pack","    (43.682630005, -114.363730042)","Table 11- Orzechowski and Walker, Tax Burden on Tobacco","POL","450POL","450CGS","453CGS","2"
"ID","Idaho","1996","OW","The Tax Burden on Tobacco","Cigarette Sales","Average Cost per pack","1,844","$","Dollars","    (43.682630005, -114.363730042)","Table 13- Orzechowski and Walker, Tax Burden on Tobacco","POL","450POL","450CGS","455CGS","1"
"IL","Illinois","1996","OW","The Tax Burden on Tobacco","Cigarette Sales","Cigarette Consumption (Pack Sales Per Capita)","81,8",,"Pack","    (40.485010283, -88.997710178)","Table 11- Orzechowski and Walker, Tax Burden on Tobacco","POL","450POL","450CGS","453CGS","2"
"IL","Illinois","1996","OW","The Tax Burden on Tobacco","Cigarette Sales","Average Cost per pack","1,987","$","Dollars","    (40.485010283, -88.997710178)","Table 13- Orzechowski and Walker, Tax Burden on Tobacco","POL","450POL","450CGS","455CGS","1"
"IN","Indiana","1996","OW","The Tax Burden on Tobacco","Cigarette Sales","Average Cost per pack","1,563","$","Dollars","    (39.766910452, -86.149960194)","Table 13- Orzechowski and Walker, Tax Burden on Tobacco","POL","450POL","450CGS","455CGS","1"
"IN","Indiana","1996","OW","The Tax Burden on Tobacco","Cigarette Sales","Cigarette Consumption (Pack Sales Per Capita)","135,1",,"Pack","    (39.766910452, -86.149960194)","Table 11- Orzechowski and Walker, Tax Burden on Tobacco","POL","450POL","450CGS","453CGS","2"
"IA","Iowa","1996","OW","The Tax Burden on Tobacco","Cigarette Sales","Average Cost per pack","1,893","$","Dollars","    (42.469400913, -93.816490556)","Table 13- Orzechowski and Walker, Tax Burden on Tobacco","POL","450POL","450CGS","455CGS","1"
"IA","Iowa","1996","OW","The Tax Burden on Tobacco","Cigarette Sales","Cigarette Consumption (Pack Sales Per Capita)","94",,"Pack","    (42.469400913, -93.816490556)","Table 11- Orzechowski and Walker, Tax Burden on Tobacco","POL","450POL","450CGS","453CGS","2"
"KS","Kansas","1996","OW","The Tax Burden on Tobacco","Cigarette Sales","Average Cost per pack","1,713","$","Dollars","    (38.3477403, -98.200781227)","Table 13- Orzechowski and Walker, Tax Burden on Tobacco","POL","450POL","450CGS","455CGS","1"
"KS","Kansas","1996","OW","The Tax Burden on Tobacco","Cigarette Sales","Cigarette Consumption (Pack Sales Per Capita)","88,7",,"Pack","    (38.3477403, -98.200781227)","Table 11- Orzechowski and Walker, Tax Burden on Tobacco","POL","450POL","450CGS","453CGS","2"
"KY","Kentucky","1996","OW","The Tax Burden on Tobacco","Cigarette Sales","Cigarette Consumption (Pack Sales Per Capita)","179",,"Pack","    (37.645970271, -84.774971048)","Table 11- Orzechowski and Walker, Tax Burden on Tobacco","POL","450POL","450CGS","453CGS","2"
"KY","Kentucky","1996","OW","The Tax Burden on Tobacco","Cigarette Sales","Average Cost per pack","1,456","$","Dollars","    (37.645970271, -84.774971048)","Table 13- Orzechowski and Walker, Tax Burden on Tobacco","POL","450POL","450CGS","455CGS","1"
"LA","Louisiana","1996","OW","The Tax Burden on Tobacco","Cigarette Sales","Average Cost per pack","1,669","$","Dollars","    (31.312660644, -92.445680071)","Table 13- Orzechowski and Walker, Tax Burden on Tobacco","POL","450POL","450CGS","455CGS","1"
"LA","Louisiana","1996","OW","The Tax Burden on Tobacco","Cigarette Sales","Cigarette Consumption (Pack Sales Per Capita)","106,8",,"Pack","    (31.312660644, -92.445680071)","Table 11- Orzechowski and Walker, Tax Burden on Tobacco","POL","450POL","450CGS","453CGS","2"
"ME","Maine","1996","OW","The Tax Burden on Tobacco","Cigarette Sales","Cigarette Consumption (Pack Sales Per Capita)","100",,"Pack","    (45.254228894001, -68.985031336)","Table 11- Orzechowski and Walker, Tax Burden on Tobacco","POL","450POL","450CGS","453CGS","2"
"ME","Maine","1996","OW","The Tax Burden on Tobacco","Cigarette Sales","Average Cost per pack","1,902","$","Dollars","    (45.254228894001, -68.985031336)","Table 13- Orzechowski and Walker, Tax Burden on Tobacco","POL","450POL","450CGS","455CGS","1"
"MD","Maryland","1996","OW","The Tax Burden on Tobacco","Cigarette Sales","Average Cost per pack","1,907","$","Dollars","    (39.290580964, -76.609260111)","Table 13- Orzechowski and Walker, Tax Burden on Tobacco","POL","450POL","450CGS","455CGS","1"
"MD","Maryland","1996","OW","The Tax Burden on Tobacco","Cigarette Sales","Cigarette Consumption (Pack Sales Per Capita)","75",,"Pack","    (39.290580964, -76.609260111)","Table 11- Orzechowski and Walker, Tax Burden on Tobacco","POL","450POL","450CGS","453CGS","2"
"MA","Massachusetts","1996","OW","The Tax Burden on Tobacco","Cigarette Sales","Cigarette Consumption (Pack Sales Per Capita)","74,6",,"Pack","    (42.27687047, -72.082690675)","Table 11- Orzechowski and Walker, Tax Burden on Tobacco","POL","450POL","450CGS","453CGS","2"
"MA","Massachusetts","1996","OW","The Tax Burden on Tobacco","Cigarette Sales","Average Cost per pack","2,446","$","Dollars","    (42.27687047, -72.082690675)","Table 13- Orzechowski and Walker, Tax Burden on Tobacco","POL","450POL","450CGS","455CGS","1"
"MI","Michigan","1996","OW","The Tax Burden on Tobacco","Cigarette Sales","Average Cost per pack","2,338","$","Dollars","    (44.661319543001, -84.71439027)","Table 13- Orzechowski and Walker, Tax Burden on Tobacco","POL","450POL","450CGS","455CGS","1"
"MI","Michigan","1996","OW","The Tax Burden on Tobacco","Cigarette Sales","Cigarette Consumption (Pack Sales Per Capita)","82,9",,"Pack","    (44.661319543001, -84.71439027)","Table 11- Orzechowski and Walker, Tax Burden on Tobacco","POL","450POL","450CGS","453CGS","2"
"MN","Minnesota","1996","OW","The Tax Burden on Tobacco","Cigarette Sales","Cigarette Consumption (Pack Sales Per Capita)","81,7",,"Pack","    (46.355648736, -94.794200503)","Table 11- Orzechowski and Walker, Tax Burden on Tobacco","POL","450POL","450CGS","453CGS","2"
"MN","Minnesota","1996","OW","The Tax Burden on Tobacco","Cigarette Sales","Average Cost per pack","2,168","$","Dollars","    (46.355648736, -94.794200503)","Table 13- Orzechowski and Walker, Tax Burden on Tobacco","POL","450POL","450CGS","455CGS","1"
"MS","Mississippi","1996","OW","The Tax Burden on Tobacco","Cigarette Sales","Cigarette Consumption (Pack Sales Per Capita)","106,9",,"Pack","    (32.745510099, -89.538030825)","Table 11- Orzechowski and Walker, Tax Burden on Tobacco","POL","450POL","450CGS","453CGS","2"
"MS","Mississippi","1996","OW","The Tax Burden on Tobacco","Cigarette Sales","Average Cost per pack","1,686","$","Dollars","    (32.745510099, -89.538030825)","Table 13- Orzechowski and Walker, Tax Burden on Tobacco","POL","450POL","450CGS","455CGS","1"
"MO","Missouri","1996","OW","The Tax Burden on Tobacco","Cigarette Sales","Cigarette Consumption (Pack Sales Per Capita)","124,1",,"Pack","    (38.635790776, -92.566300053)","Table 11- Orzechowski and Walker, Tax Burden on Tobacco","POL","450POL","450CGS","453CGS","2"
"MO","Missouri","1996","OW","The Tax Burden on Tobacco","Cigarette Sales","Average Cost per pack","1,634","$","Dollars","    (38.635790776, -92.566300053)","Table 13- Orzechowski and Walker, Tax Burden on Tobacco","POL","450POL","450CGS","455CGS","1"
"MT","Montana","1996","OW","The Tax Burden on Tobacco","Cigarette Sales","Cigarette Consumption (Pack Sales Per Capita)","87,3",,"Pack","    (47.066528972, -109.424420645)","Table 11- Orzechowski and Walker, Tax Burden on Tobacco","POL","450POL","450CGS","453CGS","2"
"MT","Montana","1996","OW","The Tax Burden on Tobacco","Cigarette Sales","Average Cost per pack","1,649","$","Dollars","    (47.066528972, -109.424420645)","Table 13- Orzechowski and Walker, Tax Burden on Tobacco","POL","450POL","450CGS","455CGS","1"
"NE","Nebraska","1996","OW","The Tax Burden on Tobacco","Cigarette Sales","Cigarette Consumption (Pack Sales Per Capita)","86,2",,"Pack","    (41.641040988001, -99.365720623)","Table 11- Orzechowski and Walker, Tax Burden on Tobacco","POL","450POL","450CGS","453CGS","2"
"NE","Nebraska","1996","OW","The Tax Burden on Tobacco","Cigarette Sales","Average Cost per pack","1,848","$","Dollars","    (41.641040988001, -99.365720623)","Table 13- Orzechowski and Walker, Tax Burden on Tobacco","POL","450POL","450CGS","455CGS","1"
"NV","Nevada","1996","OW","The Tax Burden on Tobacco","Cigarette Sales","Cigarette Consumption (Pack Sales Per Capita)","99",,"Pack","    (39.49324039, -117.071840564)","Table 11- Orzechowski and Walker, Tax Burden on Tobacco","POL","450POL","450CGS","453CGS","2"
"NV","Nevada","1996","OW","The Tax Burden on Tobacco","Cigarette Sales","Average Cost per pack","1,985","$","Dollars","    (39.49324039, -117.071840564)","Table 13- Orzechowski and Walker, Tax Burden on Tobacco","POL","450POL","450CGS","455CGS","1"
"NH","New Hampshire","1996","OW","The Tax Burden on Tobacco","Cigarette Sales","Cigarette Consumption (Pack Sales Per Capita)","158",,"Pack","    (43.655950113, -71.50036092)","Table 11- Orzechowski and Walker, Tax Burden on Tobacco","POL","450POL","450CGS","453CGS","2"
"NH","New Hampshire","1996","OW","The Tax Burden on Tobacco","Cigarette Sales","Average Cost per pack","1,766","$","Dollars","    (43.655950113, -71.50036092)","Table 13- Orzechowski and Walker, Tax Burden on Tobacco","POL","450POL","450CGS","455CGS","1"
"NJ","New Jersey","1996","OW","The Tax Burden on Tobacco","Cigarette Sales","Cigarette Consumption (Pack Sales Per Capita)","79,1",,"Pack","    (40.130570048, -74.273691288)","Table 11- Orzechowski and Walker, Tax Burden on Tobacco","POL","450POL","450CGS","453CGS","2"
"NJ","New Jersey","1996","OW","The Tax Burden on Tobacco","Cigarette Sales","Average Cost per pack","1,946","$","Dollars","    (40.130570048, -74.273691288)","Table 13- Orzechowski and Walker, Tax Burden on Tobacco","POL","450POL","450CGS","455CGS","1"
"NM","New Mexico","1996","OW","The Tax Burden on Tobacco","Cigarette Sales","Average Cost per pack","1,76","$","Dollars","    (34.520880952, -106.240580985)","Table 13- Orzechowski and Walker, Tax Burden on Tobacco","POL","450POL","450CGS","455CGS","1"
"NM","New Mexico","1996","OW","The Tax Burden on Tobacco","Cigarette Sales","Cigarette Consumption (Pack Sales Per Capita)","65,7",,"Pack","    (34.520880952, -106.240580985)","Table 11- Orzechowski and Walker, Tax Burden on Tobacco","POL","450POL","450CGS","453CGS","2"
"NY","New York","1996","OW","The Tax Burden on Tobacco","Cigarette Sales","Cigarette Consumption (Pack Sales Per Capita)","65,9",,"Pack","    (42.827001032, -75.543970427)","Table 11- Orzechowski and Walker, Tax Burden on Tobacco","POL","450POL","450CGS","453CGS","2"
"NY","New York","1996","OW","The Tax Burden on Tobacco","Cigarette Sales","Average Cost per pack","2,225","$","Dollars","    (42.827001032, -75.543970427)","Table 13- Orzechowski and Walker, Tax Burden on Tobacco","POL","450POL","450CGS","455CGS","1"
"NC","North Carolina","1996","OW","The Tax Burden on Tobacco","Cigarette Sales","Cigarette Consumption (Pack Sales Per Capita)","129,7",,"Pack","    (35.466220975, -79.159250463)","Table 11- Orzechowski and Walker, Tax Burden on Tobacco","POL","450POL","450CGS","453CGS","2"
"NC","North Carolina","1996","OW","The Tax Burden on Tobacco","Cigarette Sales","Average Cost per pack","1,52","$","Dollars","    (35.466220975, -79.159250463)","Table 13- Orzechowski and Walker, Tax Burden on Tobacco","POL","450POL","450CGS","455CGS","1"
"ND","North Dakota","1996","OW","The Tax Burden on Tobacco","Cigarette Sales","Average Cost per pack","1,941","$","Dollars","    (47.475319779, -100.118421049)","Table 13- Orzechowski and Walker, Tax Burden on Tobacco","POL","450POL","450CGS","455CGS","1"
"ND","North Dakota","1996","OW","The Tax Burden on Tobacco","Cigarette Sales","Cigarette Consumption (Pack Sales Per Capita)","80,8",,"Pack","    (47.475319779, -100.118421049)","Table 11- Orzechowski and Walker, Tax Burden on Tobacco","POL","450POL","450CGS","453CGS","2"
"OH","Ohio","1996","OW","The Tax Burden on Tobacco","Cigarette Sales","Cigarette Consumption (Pack Sales Per Capita)","107,6",,"Pack","    (40.060210141, -82.404260056)","Table 11- Orzechowski and Walker, Tax Burden on Tobacco","POL","450POL","450CGS","453CGS","2"
"OH","Ohio","1996","OW","The Tax Burden on Tobacco","Cigarette Sales","Average Cost per pack","1,668","$","Dollars","    (40.060210141, -82.404260056)","Table 13- Orzechowski and Walker, Tax Burden on Tobacco","POL","450POL","450CGS","455CGS","1"
"OK","Oklahoma","1996","OW","The Tax Burden on Tobacco","Cigarette Sales","Cigarette Consumption (Pack Sales Per Capita)","110,8",,"Pack","    (35.472031356, -97.521070214)","Table 11- Orzechowski and Walker, Tax Burden on Tobacco","POL","450POL","450CGS","453CGS","2"
"OK","Oklahoma","1996","OW","The Tax Burden on Tobacco","Cigarette Sales","Average Cost per pack","1,72","$","Dollars","    (35.472031356, -97.521070214)","Table 13- Orzechowski and Walker, Tax Burden on Tobacco","POL","450POL","450CGS","455CGS","1"
"OR","Oregon","1996","OW","The Tax Burden on Tobacco","Cigarette Sales","Average Cost per pack","1,976","$","Dollars","    (44.567449424, -120.155031326)","Table 13- Orzechowski and Walker, Tax Burden on Tobacco","POL","450POL","450CGS","455CGS","1"
"OR","Oregon","1996","OW","The Tax Burden on Tobacco","Cigarette Sales","Cigarette Consumption (Pack Sales Per Capita)","94,3",,"Pack","    (44.567449424, -120.155031326)","Table 11- Orzechowski and Walker, Tax Burden on Tobacco","POL","450POL","450CGS","453CGS","2"
"PA","Pennsylvania","1996","OW","The Tax Burden on Tobacco","Cigarette Sales","Average Cost per pack","1,765","$","Dollars","    (40.793730152, -77.860700294)","Table 13- Orzechowski and Walker, Tax Burden on Tobacco","POL","450POL","450CGS","455CGS","1"
"PA","Pennsylvania","1996","OW","The Tax Burden on Tobacco","Cigarette Sales","Cigarette Consumption (Pack Sales Per Capita)","93,3",,"Pack","    (40.793730152, -77.860700294)","Table 11- Orzechowski and Walker, Tax Burden on Tobacco","POL","450POL","450CGS","453CGS","2"
"RI","Rhode Island","1996","OW","The Tax Burden on Tobacco","Cigarette Sales","Average Cost per pack","2,17","$","Dollars","    (41.708280193, -71.522470314)","Table 13- Orzechowski and Walker, Tax Burden on Tobacco","POL","450POL","450CGS","455CGS","1"
"RI","Rhode Island","1996","OW","The Tax Burden on Tobacco","Cigarette Sales","Cigarette Consumption (Pack Sales Per Capita)","87,5",,"Pack","    (41.708280193, -71.522470314)","Table 11- Orzechowski and Walker, Tax Burden on Tobacco","POL","450POL","450CGS","453CGS","2"
"SC","South Carolina","1996","OW","The Tax Burden on Tobacco","Cigarette Sales","Average Cost per pack","1,539","$","Dollars","    (33.998821303, -81.045371207)","Table 13- Orzechowski and Walker, Tax Burden on Tobacco","POL","450POL","450CGS","455CGS","1"
"SC","South Carolina","1996","OW","The Tax Burden on Tobacco","Cigarette Sales","Cigarette Consumption (Pack Sales Per Capita)","102,9",,"Pack","    (33.998821303, -81.045371207)","Table 11- Orzechowski and Walker, Tax Burden on Tobacco","POL","450POL","450CGS","453CGS","2"
"SD","South Dakota","1996","OW","The Tax Burden on Tobacco","Cigarette Sales","Cigarette Consumption (Pack Sales Per Capita)","92,3",,"Pack","    (44.353130053, -100.373530637)","Table 11- Orzechowski and Walker, Tax Burden on Tobacco","POL","450POL","450CGS","453CGS","2"
"SD","South Dakota","1996","OW","The Tax Burden on Tobacco","Cigarette Sales","Average Cost per pack","1,817","$","Dollars","    (44.353130053, -100.373530637)","Table 13- Orzechowski and Walker, Tax Burden on Tobacco","POL","450POL","450CGS","455CGS","1"
"TN","Tennessee","1996","OW","The Tax Burden on Tobacco","Cigarette Sales","Cigarette Consumption (Pack Sales Per Capita)","119,2",,"Pack","    (35.68094058, -85.774490914)","Table 11- Orzechowski and Walker, Tax Burden on Tobacco","POL","450POL","450CGS","453CGS","2"
"TN","Tennessee","1996","OW","The Tax Burden on Tobacco","Cigarette Sales","Average Cost per pack","1,611","$","Dollars","    (35.68094058, -85.774490914)","Table 13- Orzechowski and Walker, Tax Burden on Tobacco","POL","450POL","450CGS","455CGS","1"
"TX","Texas","1996","OW","The Tax Burden on Tobacco","Cigarette Sales","Cigarette Consumption (Pack Sales Per Capita)","74,6",,"Pack","    (31.827240407, -99.426770206)","Table 11- Orzechowski and Walker, Tax Burden on Tobacco","POL","450POL","450CGS","453CGS","2"
"TX","Texas","1996","OW","The Tax Burden on Tobacco","Cigarette Sales","Average Cost per pack","1,898","$","Dollars","    (31.827240407, -99.426770206)","Table 13- Orzechowski and Walker, Tax Burden on Tobacco","POL","450POL","450CGS","455CGS","1"
"UT","Utah","1996","OW","The Tax Burden on Tobacco","Cigarette Sales","Cigarette Consumption (Pack Sales Per Capita)","54",,"Pack","    (39.360700171, -111.587130635)","Table 11- Orzechowski and Walker, Tax Burden on Tobacco","POL","450POL","450CGS","453CGS","2"
"UT","Utah","1996","OW","The Tax Burden on Tobacco","Cigarette Sales","Average Cost per pack","1,862","$","Dollars","    (39.360700171, -111.587130635)","Table 13- Orzechowski and Walker, Tax Burden on Tobacco","POL","450POL","450CGS","455CGS","1"
"VT","Vermont","1996","OW","The Tax Burden on Tobacco","Cigarette Sales","Cigarette Consumption (Pack Sales Per Capita)","102,5",,"Pack","    (43.625381239, -72.517640791)","Table 11- Orzechowski and Walker, Tax Burden on Tobacco","POL","450POL","450CGS","453CGS","2"
"VT","Vermont","1996","OW","The Tax Burden on Tobacco","Cigarette Sales","Average Cost per pack","2,019","$","Dollars","    (43.625381239, -72.517640791)","Table 13- Orzechowski and Walker, Tax Burden on Tobacco","POL","450POL","450CGS","455CGS","1"
"VA","Virginia","1996","OW","The Tax Burden on Tobacco","Cigarette Sales","Average Cost per pack","1,596","$","Dollars","    (37.542680674, -78.457890463)","Table 13- Orzechowski and Walker, Tax Burden on Tobacco","POL","450POL","450CGS","455CGS","1"
"VA","Virginia","1996","OW","The Tax Burden on Tobacco","Cigarette Sales","Cigarette Consumption (Pack Sales Per Capita)","104,6",,"Pack","    (37.542680674, -78.457890463)","Table 11- Orzechowski and Walker, Tax Burden on Tobacco","POL","450POL","450CGS","453CGS","2"
"WA","Washington","1996","OW","The Tax Burden on Tobacco","Cigarette Sales","Average Cost per pack","2,651","$","Dollars","    (47.522278629, -120.47001079)","Table 13- Orzechowski and Walker, Tax Burden on Tobacco","POL","450POL","450CGS","455CGS","1"
"WA","Washington","1996","OW","The Tax Burden on Tobacco","Cigarette Sales","Cigarette Consumption (Pack Sales Per Capita)","58,1",,"Pack","    (47.522278629, -120.47001079)","Table 11- Orzechowski and Walker, Tax Burden on Tobacco","POL","450POL","450CGS","453CGS","2"
"WV","West Virginia","1996","OW","The Tax Burden on Tobacco","Cigarette Sales","Cigarette Consumption (Pack Sales Per Capita)","112,7",,"Pack","    (38.665510202, -80.712640135)","Table 11- Orzechowski and Walker, Tax Burden on Tobacco","POL","450POL","450CGS","453CGS","2"
"WV","West Virginia","1996","OW","The Tax Burden on Tobacco","Cigarette Sales","Average Cost per pack","1,609","$","Dollars","    (38.665510202, -80.712640135)","Table 13- Orzechowski and Walker, Tax Burden on Tobacco","POL","450POL","450CGS","455CGS","1"
"WI","Wisconsin","1996","OW","The Tax Burden on Tobacco","Cigarette Sales","Average Cost per pack","2,007","$","Dollars","    (44.393191174, -89.816370742)","Table 13- Orzechowski and Walker, Tax Burden on Tobacco","POL","450POL","450CGS","455CGS","1"
"WI","Wisconsin","1996","OW","The Tax Burden on Tobacco","Cigarette Sales","Cigarette Consumption (Pack Sales Per Capita)","92,1",,"Pack","    (44.393191174, -89.816370742)","Table 11- Orzechowski and Walker, Tax Burden on Tobacco","POL","450POL","450CGS","453CGS","2"
"WY","Wyoming","1996","OW","The Tax Burden on Tobacco","Cigarette Sales","Cigarette Consumption (Pack Sales Per Capita)","110,3",,"Pack","    (43.235541343, -108.109830353)","Table 11- Orzechowski and Walker, Tax Burden on Tobacco","POL","450POL","450CGS","453CGS","2"
"WY","Wyoming","1996","OW","The Tax Burden on Tobacco","Cigarette Sales","Average Cost per pack","1,641","$","Dollars","    (43.235541343, -108.109830353)","Table 13- Orzechowski and Walker, Tax Burden on Tobacco","POL","450POL","450CGS","455CGS","1"
"AL","Alabama","1995","OW","The Tax Burden on Tobacco","Cigarette Sales","Cigarette Consumption (Pack Sales Per Capita)","102,6",,"Pack","    (32.840571122, -86.631860762)","Table 11- Orzechowski and Walker, Tax Burden on Tobacco","POL","450POL","450CGS","453CGS","2"
"AL","Alabama","1995","OW","The Tax Burden on Tobacco","Cigarette Sales","Average Cost per pack","1,583","$","Dollars","    (32.840571122, -86.631860762)","Table 13- Orzechowski and Walker, Tax Burden on Tobacco","POL","450POL","450CGS","455CGS","1"
"AK","Alaska","1995","OW","The Tax Burden on Tobacco","Cigarette Sales","Average Cost per pack","2,125","$","Dollars","    (64.845079957001, -147.722059036)","Table 13- Orzechowski and Walker, Tax Burden on Tobacco","POL","450POL","450CGS","455CGS","1"
"AK","Alaska","1995","OW","The Tax Burden on Tobacco","Cigarette Sales","Cigarette Consumption (Pack Sales Per Capita)","89,5",,"Pack","    (64.845079957001, -147.722059036)","Table 11- Orzechowski and Walker, Tax Burden on Tobacco","POL","450POL","450CGS","453CGS","2"
"AZ","Arizona","1995","OW","The Tax Burden on Tobacco","Cigarette Sales","Average Cost per pack","2,079","$","Dollars","    (34.86597028, -111.763811277)","Table 13- Orzechowski and Walker, Tax Burden on Tobacco","POL","450POL","450CGS","455CGS","1"
"AZ","Arizona","1995","OW","The Tax Burden on Tobacco","Cigarette Sales","Cigarette Consumption (Pack Sales Per Capita)","77,3",,"Pack","    (34.86597028, -111.763811277)","Table 11- Orzechowski and Walker, Tax Burden on Tobacco","POL","450POL","450CGS","453CGS","2"
"AR","Arkansas","1995","OW","The Tax Burden on Tobacco","Cigarette Sales","Average Cost per pack","1,671","$","Dollars","    (34.748650124, -92.274490743)","Table 13- Orzechowski and Walker, Tax Burden on Tobacco","POL","450POL","450CGS","455CGS","1"
"AR","Arkansas","1995","OW","The Tax Burden on Tobacco","Cigarette Sales","Cigarette Consumption (Pack Sales Per Capita)","113",,"Pack","    (34.748650124, -92.274490743)","Table 11- Orzechowski and Walker, Tax Burden on Tobacco","POL","450POL","450CGS","453CGS","2"
"CA","California","1995","OW","The Tax Burden on Tobacco","Cigarette Sales","Average Cost per pack","1,979","$","Dollars","    (37.638640123, -120.999999538)","Table 13- Orzechowski and Walker, Tax Burden on Tobacco","POL","450POL","450CGS","455CGS","1"
"CA","California","1995","OW","The Tax Burden on Tobacco","Cigarette Sales","Cigarette Consumption (Pack Sales Per Capita)","56,4",,"Pack","    (37.638640123, -120.999999538)","Table 11- Orzechowski and Walker, Tax Burden on Tobacco","POL","450POL","450CGS","453CGS","2"
"CO","Colorado","1995","OW","The Tax Burden on Tobacco","Cigarette Sales","Cigarette Consumption (Pack Sales Per Capita)","85,4",,"Pack","    (38.843840757, -106.133610921)","Table 11- Orzechowski and Walker, Tax Burden on Tobacco","POL","450POL","450CGS","453CGS","2"
"CO","Colorado","1995","OW","The Tax Burden on Tobacco","Cigarette Sales","Average Cost per pack","1,696","$","Dollars","    (38.843840757, -106.133610921)","Table 13- Orzechowski and Walker, Tax Burden on Tobacco","POL","450POL","450CGS","455CGS","1"
"CT","Connecticut","1995","OW","The Tax Burden on Tobacco","Cigarette Sales","Average Cost per pack","2,063","$","Dollars","    (41.56266102, -72.649840952)","Table 13- Orzechowski and Walker, Tax Burden on Tobacco","POL","450POL","450CGS","455CGS","1"
"CT","Connecticut","1995","OW","The Tax Burden on Tobacco","Cigarette Sales","Cigarette Consumption (Pack Sales Per Capita)","79,3",,"Pack","    (41.56266102, -72.649840952)","Table 11- Orzechowski and Walker, Tax Burden on Tobacco","POL","450POL","450CGS","453CGS","2"
"DE","Delaware","1995","OW","The Tax Burden on Tobacco","Cigarette Sales","Average Cost per pack","1,691","$","Dollars","    (39.008830667, -75.577741168)","Table 13- Orzechowski and Walker, Tax Burden on Tobacco","POL","450POL","450CGS","455CGS","1"
"DE","Delaware","1995","OW","The Tax Burden on Tobacco","Cigarette Sales","Cigarette Consumption (Pack Sales Per Capita)","127,2",,"Pack","    (39.008830667, -75.577741168)","Table 11- Orzechowski and Walker, Tax Burden on Tobacco","POL","450POL","450CGS","453CGS","2"
"DC","District of Columbia","1995","OW","The Tax Burden on Tobacco","Cigarette Sales","Cigarette Consumption (Pack Sales Per Capita)","57,9",,"Pack","    (38.890371385, -77.031961127)","Table 11- Orzechowski and Walker, Tax Burden on Tobacco","POL","450POL","450CGS","453CGS","2"
"DC","District of Columbia","1995","OW","The Tax Burden on Tobacco","Cigarette Sales","Average Cost per pack","2,332","$","Dollars","    (38.890371385, -77.031961127)","Table 13- Orzechowski and Walker, Tax Burden on Tobacco","POL","450POL","450CGS","455CGS","1"
"FL","Florida","1995","OW","The Tax Burden on Tobacco","Cigarette Sales","Cigarette Consumption (Pack Sales Per Capita)","95,4",,"Pack","    (28.932040377, -81.928960539)","Table 11- Orzechowski and Walker, Tax Burden on Tobacco","POL","450POL","450CGS","453CGS","2"
"FL","Florida","1995","OW","The Tax Burden on Tobacco","Cigarette Sales","Average Cost per pack","1,798","$","Dollars","    (28.932040377, -81.928960539)","Table 13- Orzechowski and Walker, Tax Burden on Tobacco","POL","450POL","450CGS","455CGS","1"
"GA","Georgia","1995","OW","The Tax Burden on Tobacco","Cigarette Sales","Cigarette Consumption (Pack Sales Per Capita)","100,3",,"Pack","    (32.839681093, -83.627580346)","Table 11- Orzechowski and Walker, Tax Burden on Tobacco","POL","450POL","450CGS","453CGS","2"
"GA","Georgia","1995","OW","The Tax Burden on Tobacco","Cigarette Sales","Average Cost per pack","1,561","$","Dollars","    (32.839681093, -83.627580346)","Table 13- Orzechowski and Walker, Tax Burden on Tobacco","POL","450POL","450CGS","455CGS","1"
"HI","Hawaii","1995","OW","The Tax Burden on Tobacco","Cigarette Sales","Cigarette Consumption (Pack Sales Per Capita)","45,7",,"Pack","    (21.304850435, -157.857749403)","Table 11- Orzechowski and Walker, Tax Burden on Tobacco","POL","450POL","450CGS","453CGS","2"
"HI","Hawaii","1995","OW","The Tax Burden on Tobacco","Cigarette Sales","Average Cost per pack","2,311","$","Dollars","    (21.304850435, -157.857749403)","Table 13- Orzechowski and Walker, Tax Burden on Tobacco","POL","450POL","450CGS","455CGS","1"
"ID","Idaho","1995","OW","The Tax Burden on Tobacco","Cigarette Sales","Cigarette Consumption (Pack Sales Per Capita)","78,2",,"Pack","    (43.682630005, -114.363730042)","Table 11- Orzechowski and Walker, Tax Burden on Tobacco","POL","450POL","450CGS","453CGS","2"
"ID","Idaho","1995","OW","The Tax Burden on Tobacco","Cigarette Sales","Average Cost per pack","1,765","$","Dollars","    (43.682630005, -114.363730042)","Table 13- Orzechowski and Walker, Tax Burden on Tobacco","POL","450POL","450CGS","455CGS","1"
"IL","Illinois","1995","OW","The Tax Burden on Tobacco","Cigarette Sales","Average Cost per pack","1,887","$","Dollars","    (40.485010283, -88.997710178)","Table 13- Orzechowski and Walker, Tax Burden on Tobacco","POL","450POL","450CGS","455CGS","1"
"IL","Illinois","1995","OW","The Tax Burden on Tobacco","Cigarette Sales","Cigarette Consumption (Pack Sales Per Capita)","84,3",,"Pack","    (40.485010283, -88.997710178)","Table 11- Orzechowski and Walker, Tax Burden on Tobacco","POL","450POL","450CGS","453CGS","2"
"IN","Indiana","1995","OW","The Tax Burden on Tobacco","Cigarette Sales","Average Cost per pack","1,478","$","Dollars","    (39.766910452, -86.149960194)","Table 13- Orzechowski and Walker, Tax Burden on Tobacco","POL","450POL","450CGS","455CGS","1"
"IN","Indiana","1995","OW","The Tax Burden on Tobacco","Cigarette Sales","Cigarette Consumption (Pack Sales Per Capita)","135,4",,"Pack","    (39.766910452, -86.149960194)","Table 11- Orzechowski and Walker, Tax Burden on Tobacco","POL","450POL","450CGS","453CGS","2"
"IA","Iowa","1995","OW","The Tax Burden on Tobacco","Cigarette Sales","Average Cost per pack","1,838","$","Dollars","    (42.469400913, -93.816490556)","Table 13- Orzechowski and Walker, Tax Burden on Tobacco","POL","450POL","450CGS","455CGS","1"
"IA","Iowa","1995","OW","The Tax Burden on Tobacco","Cigarette Sales","Cigarette Consumption (Pack Sales Per Capita)","93",,"Pack","    (42.469400913, -93.816490556)","Table 11- Orzechowski and Walker, Tax Burden on Tobacco","POL","450POL","450CGS","453CGS","2"
"KS","Kansas","1995","OW","The Tax Burden on Tobacco","Cigarette Sales","Cigarette Consumption (Pack Sales Per Capita)","90,1",,"Pack","    (38.3477403, -98.200781227)","Table 11- Orzechowski and Walker, Tax Burden on Tobacco","POL","450POL","450CGS","453CGS","2"
"KS","Kansas","1995","OW","The Tax Burden on Tobacco","Cigarette Sales","Average Cost per pack","1,677","$","Dollars","    (38.3477403, -98.200781227)","Table 13- Orzechowski and Walker, Tax Burden on Tobacco","POL","450POL","450CGS","455CGS","1"
"KY","Kentucky","1995","OW","The Tax Burden on Tobacco","Cigarette Sales","Average Cost per pack","1,398","$","Dollars","    (37.645970271, -84.774971048)","Table 13- Orzechowski and Walker, Tax Burden on Tobacco","POL","450POL","450CGS","455CGS","1"
"KY","Kentucky","1995","OW","The Tax Burden on Tobacco","Cigarette Sales","Cigarette Consumption (Pack Sales Per Capita)","175,3",,"Pack","    (37.645970271, -84.774971048)","Table 11- Orzechowski and Walker, Tax Burden on Tobacco","POL","450POL","450CGS","453CGS","2"
"LA","Louisiana","1995","OW","The Tax Burden on Tobacco","Cigarette Sales","Cigarette Consumption (Pack Sales Per Capita)","105,7",,"Pack","    (31.312660644, -92.445680071)","Table 11- Orzechowski and Walker, Tax Burden on Tobacco","POL","450POL","450CGS","453CGS","2"
"LA","Louisiana","1995","OW","The Tax Burden on Tobacco","Cigarette Sales","Average Cost per pack","1,653","$","Dollars","    (31.312660644, -92.445680071)","Table 13- Orzechowski and Walker, Tax Burden on Tobacco","POL","450POL","450CGS","455CGS","1"
"ME","Maine","1995","OW","The Tax Burden on Tobacco","Cigarette Sales","Average Cost per pack","1,869","$","Dollars","    (45.254228894001, -68.985031336)","Table 13- Orzechowski and Walker, Tax Burden on Tobacco","POL","450POL","450CGS","455CGS","1"
"ME","Maine","1995","OW","The Tax Burden on Tobacco","Cigarette Sales","Cigarette Consumption (Pack Sales Per Capita)","102,3",,"Pack","    (45.254228894001, -68.985031336)","Table 11- Orzechowski and Walker, Tax Burden on Tobacco","POL","450POL","450CGS","453CGS","2"
"MD","Maryland","1995","OW","The Tax Burden on Tobacco","Cigarette Sales","Cigarette Consumption (Pack Sales Per Capita)","77,1",,"Pack","    (39.290580964, -76.609260111)","Table 11- Orzechowski and Walker, Tax Burden on Tobacco","POL","450POL","450CGS","453CGS","2"
"MD","Maryland","1995","OW","The Tax Burden on Tobacco","Cigarette Sales","Average Cost per pack","1,778","$","Dollars","    (39.290580964, -76.609260111)","Table 13- Orzechowski and Walker, Tax Burden on Tobacco","POL","450POL","450CGS","455CGS","1"
"MA","Massachusetts","1995","OW","The Tax Burden on Tobacco","Cigarette Sales","Average Cost per pack","2,076","$","Dollars","    (42.27687047, -72.082690675)","Table 13- Orzechowski and Walker, Tax Burden on Tobacco","POL","450POL","450CGS","455CGS","1"
"MA","Massachusetts","1995","OW","The Tax Burden on Tobacco","Cigarette Sales","Cigarette Consumption (Pack Sales Per Capita)","76,9",,"Pack","    (42.27687047, -72.082690675)","Table 11- Orzechowski and Walker, Tax Burden on Tobacco","POL","450POL","450CGS","453CGS","2"
"MI","Michigan","1995","OW","The Tax Burden on Tobacco","Cigarette Sales","Average Cost per pack","2,293","$","Dollars","    (44.661319543001, -84.71439027)","Table 13- Orzechowski and Walker, Tax Burden on Tobacco","POL","450POL","450CGS","455CGS","1"
"MI","Michigan","1995","OW","The Tax Burden on Tobacco","Cigarette Sales","Cigarette Consumption (Pack Sales Per Capita)","82,8",,"Pack","    (44.661319543001, -84.71439027)","Table 11- Orzechowski and Walker, Tax Burden on Tobacco","POL","450POL","450CGS","453CGS","2"
"MN","Minnesota","1995","OW","The Tax Burden on Tobacco","Cigarette Sales","Average Cost per pack","2,086","$","Dollars","    (46.355648736, -94.794200503)","Table 13- Orzechowski and Walker, Tax Burden on Tobacco","POL","450POL","450CGS","455CGS","1"
"MN","Minnesota","1995","OW","The Tax Burden on Tobacco","Cigarette Sales","Cigarette Consumption (Pack Sales Per Capita)","84,1",,"Pack","    (46.355648736, -94.794200503)","Table 11- Orzechowski and Walker, Tax Burden on Tobacco","POL","450POL","450CGS","453CGS","2"
"MS","Mississippi","1995","OW","The Tax Burden on Tobacco","Cigarette Sales","Cigarette Consumption (Pack Sales Per Capita)","107,5",,"Pack","    (32.745510099, -89.538030825)","Table 11- Orzechowski and Walker, Tax Burden on Tobacco","POL","450POL","450CGS","453CGS","2"
"MS","Mississippi","1995","OW","The Tax Burden on Tobacco","Cigarette Sales","Average Cost per pack","1,612","$","Dollars","    (32.745510099, -89.538030825)","Table 13- Orzechowski and Walker, Tax Burden on Tobacco","POL","450POL","450CGS","455CGS","1"
"MO","Missouri","1995","OW","The Tax Burden on Tobacco","Cigarette Sales","Average Cost per pack","1,598","$","Dollars","    (38.635790776, -92.566300053)","Table 13- Orzechowski and Walker, Tax Burden on Tobacco","POL","450POL","450CGS","455CGS","1"
"MO","Missouri","1995","OW","The Tax Burden on Tobacco","Cigarette Sales","Cigarette Consumption (Pack Sales Per Capita)","124",,"Pack","    (38.635790776, -92.566300053)","Table 11- Orzechowski and Walker, Tax Burden on Tobacco","POL","450POL","450CGS","453CGS","2"
"MT","Montana","1995","OW","The Tax Burden on Tobacco","Cigarette Sales","Average Cost per pack","1,568","$","Dollars","    (47.066528972, -109.424420645)","Table 13- Orzechowski and Walker, Tax Burden on Tobacco","POL","450POL","450CGS","455CGS","1"
"MT","Montana","1995","OW","The Tax Burden on Tobacco","Cigarette Sales","Cigarette Consumption (Pack Sales Per Capita)","90,5",,"Pack","    (47.066528972, -109.424420645)","Table 11- Orzechowski and Walker, Tax Burden on Tobacco","POL","450POL","450CGS","453CGS","2"
"NE","Nebraska","1995","OW","The Tax Burden on Tobacco","Cigarette Sales","Average Cost per pack","1,755","$","Dollars","    (41.641040988001, -99.365720623)","Table 13- Orzechowski and Walker, Tax Burden on Tobacco","POL","450POL","450CGS","455CGS","1"
"NE","Nebraska","1995","OW","The Tax Burden on Tobacco","Cigarette Sales","Cigarette Consumption (Pack Sales Per Capita)","88,5",,"Pack","    (41.641040988001, -99.365720623)","Table 11- Orzechowski and Walker, Tax Burden on Tobacco","POL","450POL","450CGS","453CGS","2"
"NV","Nevada","1995","OW","The Tax Burden on Tobacco","Cigarette Sales","Cigarette Consumption (Pack Sales Per Capita)","100,9",,"Pack","    (39.49324039, -117.071840564)","Table 11- Orzechowski and Walker, Tax Burden on Tobacco","POL","450POL","450CGS","453CGS","2"
"NV","Nevada","1995","OW","The Tax Burden on Tobacco","Cigarette Sales","Average Cost per pack","1,95","$","Dollars","    (39.49324039, -117.071840564)","Table 13- Orzechowski and Walker, Tax Burden on Tobacco","POL","450POL","450CGS","455CGS","1"
"NH","New Hampshire","1995","OW","The Tax Burden on Tobacco","Cigarette Sales","Cigarette Consumption (Pack Sales Per Capita)","158,5",,"Pack","    (43.655950113, -71.50036092)","Table 11- Orzechowski and Walker, Tax Burden on Tobacco","POL","450POL","450CGS","453CGS","2"
"NH","New Hampshire","1995","OW","The Tax Burden on Tobacco","Cigarette Sales","Average Cost per pack","1,686","$","Dollars","    (43.655950113, -71.50036092)","Table 13- Orzechowski and Walker, Tax Burden on Tobacco","POL","450POL","450CGS","455CGS","1"
"NJ","New Jersey","1995","OW","The Tax Burden on Tobacco","Cigarette Sales","Cigarette Consumption (Pack Sales Per Capita)","81",,"Pack","    (40.130570048, -74.273691288)","Table 11- Orzechowski and Walker, Tax Burden on Tobacco","POL","450POL","450CGS","453CGS","2"
"NJ","New Jersey","1995","OW","The Tax Burden on Tobacco","Cigarette Sales","Average Cost per pack","1,943","$","Dollars","    (40.130570048, -74.273691288)","Table 13- Orzechowski and Walker, Tax Burden on Tobacco","POL","450POL","450CGS","455CGS","1"
"NM","New Mexico","1995","OW","The Tax Burden on Tobacco","Cigarette Sales","Cigarette Consumption (Pack Sales Per Capita)","67",,"Pack","    (34.520880952, -106.240580985)","Table 11- Orzechowski and Walker, Tax Burden on Tobacco","POL","450POL","450CGS","453CGS","2"
"NM","New Mexico","1995","OW","The Tax Burden on Tobacco","Cigarette Sales","Average Cost per pack","1,708","$","Dollars","    (34.520880952, -106.240580985)","Table 13- Orzechowski and Walker, Tax Burden on Tobacco","POL","450POL","450CGS","455CGS","1"
"NY","New York","1995","OW","The Tax Burden on Tobacco","Cigarette Sales","Cigarette Consumption (Pack Sales Per Capita)","70,5",,"Pack","    (42.827001032, -75.543970427)","Table 11- Orzechowski and Walker, Tax Burden on Tobacco","POL","450POL","450CGS","453CGS","2"
"NY","New York","1995","OW","The Tax Burden on Tobacco","Cigarette Sales","Average Cost per pack","2,142","$","Dollars","    (42.827001032, -75.543970427)","Table 13- Orzechowski and Walker, Tax Burden on Tobacco","POL","450POL","450CGS","455CGS","1"
"NC","North Carolina","1995","OW","The Tax Burden on Tobacco","Cigarette Sales","Average Cost per pack","1,456","$","Dollars","    (35.466220975, -79.159250463)","Table 13- Orzechowski and Walker, Tax Burden on Tobacco","POL","450POL","450CGS","455CGS","1"
"NC","North Carolina","1995","OW","The Tax Burden on Tobacco","Cigarette Sales","Cigarette Consumption (Pack Sales Per Capita)","124,9",,"Pack","    (35.466220975, -79.159250463)","Table 11- Orzechowski and Walker, Tax Burden on Tobacco","POL","450POL","450CGS","453CGS","2"
"ND","North Dakota","1995","OW","The Tax Burden on Tobacco","Cigarette Sales","Average Cost per pack","1,827","$","Dollars","    (47.475319779, -100.118421049)","Table 13- Orzechowski and Walker, Tax Burden on Tobacco","POL","450POL","450CGS","455CGS","1"
"ND","North Dakota","1995","OW","The Tax Burden on Tobacco","Cigarette Sales","Cigarette Consumption (Pack Sales Per Capita)","80,6",,"Pack","    (47.475319779, -100.118421049)","Table 11- Orzechowski and Walker, Tax Burden on Tobacco","POL","450POL","450CGS","453CGS","2"
"OH","Ohio","1995","OW","The Tax Burden on Tobacco","Cigarette Sales","Average Cost per pack","1,597","$","Dollars","    (40.060210141, -82.404260056)","Table 13- Orzechowski and Walker, Tax Burden on Tobacco","POL","450POL","450CGS","455CGS","1"
"OH","Ohio","1995","OW","The Tax Burden on Tobacco","Cigarette Sales","Cigarette Consumption (Pack Sales Per Capita)","111,7",,"Pack","    (40.060210141, -82.404260056)","Table 11- Orzechowski and Walker, Tax Burden on Tobacco","POL","450POL","450CGS","453CGS","2"
"OK","Oklahoma","1995","OW","The Tax Burden on Tobacco","Cigarette Sales","Cigarette Consumption (Pack Sales Per Capita)","109,5",,"Pack","    (35.472031356, -97.521070214)","Table 11- Orzechowski and Walker, Tax Burden on Tobacco","POL","450POL","450CGS","453CGS","2"
"OK","Oklahoma","1995","OW","The Tax Burden on Tobacco","Cigarette Sales","Average Cost per pack","1,627","$","Dollars","    (35.472031356, -97.521070214)","Table 13- Orzechowski and Walker, Tax Burden on Tobacco","POL","450POL","450CGS","455CGS","1"
"OR","Oregon","1995","OW","The Tax Burden on Tobacco","Cigarette Sales","Average Cost per pack","1,908","$","Dollars","    (44.567449424, -120.155031326)","Table 13- Orzechowski and Walker, Tax Burden on Tobacco","POL","450POL","450CGS","455CGS","1"
"OR","Oregon","1995","OW","The Tax Burden on Tobacco","Cigarette Sales","Cigarette Consumption (Pack Sales Per Capita)","94,6",,"Pack","    (44.567449424, -120.155031326)","Table 11- Orzechowski and Walker, Tax Burden on Tobacco","POL","450POL","450CGS","453CGS","2"
"PA","Pennsylvania","1995","OW","The Tax Burden on Tobacco","Cigarette Sales","Cigarette Consumption (Pack Sales Per Capita)","95,4",,"Pack","    (40.793730152, -77.860700294)","Table 11- Orzechowski and Walker, Tax Burden on Tobacco","POL","450POL","450CGS","453CGS","2"
"PA","Pennsylvania","1995","OW","The Tax Burden on Tobacco","Cigarette Sales","Average Cost per pack","1,694","$","Dollars","    (40.793730152, -77.860700294)","Table 13- Orzechowski and Walker, Tax Burden on Tobacco","POL","450POL","450CGS","455CGS","1"
"RI","Rhode Island","1995","OW","The Tax Burden on Tobacco","Cigarette Sales","Average Cost per pack","2,149","$","Dollars","    (41.708280193, -71.522470314)","Table 13- Orzechowski and Walker, Tax Burden on Tobacco","POL","450POL","450CGS","455CGS","1"
"RI","Rhode Island","1995","OW","The Tax Burden on Tobacco","Cigarette Sales","Cigarette Consumption (Pack Sales Per Capita)","90,8",,"Pack","    (41.708280193, -71.522470314)","Table 11- Orzechowski and Walker, Tax Burden on Tobacco","POL","450POL","450CGS","453CGS","2"
"SC","South Carolina","1995","OW","The Tax Burden on Tobacco","Cigarette Sales","Cigarette Consumption (Pack Sales Per Capita)","109,2",,"Pack","    (33.998821303, -81.045371207)","Table 11- Orzechowski and Walker, Tax Burden on Tobacco","POL","450POL","450CGS","453CGS","2"
"SC","South Carolina","1995","OW","The Tax Burden on Tobacco","Cigarette Sales","Average Cost per pack","1,495","$","Dollars","    (33.998821303, -81.045371207)","Table 13- Orzechowski and Walker, Tax Burden on Tobacco","POL","450POL","450CGS","455CGS","1"
"SD","South Dakota","1995","OW","The Tax Burden on Tobacco","Cigarette Sales","Average Cost per pack","1,712","$","Dollars","    (44.353130053, -100.373530637)","Table 13- Orzechowski and Walker, Tax Burden on Tobacco","POL","450POL","450CGS","455CGS","1"
"SD","South Dakota","1995","OW","The Tax Burden on Tobacco","Cigarette Sales","Cigarette Consumption (Pack Sales Per Capita)","98,6",,"Pack","    (44.353130053, -100.373530637)","Table 11- Orzechowski and Walker, Tax Burden on Tobacco","POL","450POL","450CGS","453CGS","2"
"TN","Tennessee","1995","OW","The Tax Burden on Tobacco","Cigarette Sales","Cigarette Consumption (Pack Sales Per Capita)","125,4",,"Pack","    (35.68094058, -85.774490914)","Table 11- Orzechowski and Walker, Tax Burden on Tobacco","POL","450POL","450CGS","453CGS","2"
"TN","Tennessee","1995","OW","The Tax Burden on Tobacco","Cigarette Sales","Average Cost per pack","1,559","$","Dollars","    (35.68094058, -85.774490914)","Table 13- Orzechowski and Walker, Tax Burden on Tobacco","POL","450POL","450CGS","455CGS","1"
"TX","Texas","1995","OW","The Tax Burden on Tobacco","Cigarette Sales","Cigarette Consumption (Pack Sales Per Capita)","75,2",,"Pack","    (31.827240407, -99.426770206)","Table 11- Orzechowski and Walker, Tax Burden on Tobacco","POL","450POL","450CGS","453CGS","2"
"TX","Texas","1995","OW","The Tax Burden on Tobacco","Cigarette Sales","Average Cost per pack","1,884","$","Dollars","    (31.827240407, -99.426770206)","Table 13- Orzechowski and Walker, Tax Burden on Tobacco","POL","450POL","450CGS","455CGS","1"
"UT","Utah","1995","OW","The Tax Burden on Tobacco","Cigarette Sales","Average Cost per pack","1,749","$","Dollars","    (39.360700171, -111.587130635)","Table 13- Orzechowski and Walker, Tax Burden on Tobacco","POL","450POL","450CGS","455CGS","1"
"UT","Utah","1995","OW","The Tax Burden on Tobacco","Cigarette Sales","Cigarette Consumption (Pack Sales Per Capita)","52",,"Pack","    (39.360700171, -111.587130635)","Table 11- Orzechowski and Walker, Tax Burden on Tobacco","POL","450POL","450CGS","453CGS","2"
"VT","Vermont","1995","OW","The Tax Burden on Tobacco","Cigarette Sales","Cigarette Consumption (Pack Sales Per Capita)","123,2",,"Pack","    (43.625381239, -72.517640791)","Table 11- Orzechowski and Walker, Tax Burden on Tobacco","POL","450POL","450CGS","453CGS","2"
"VT","Vermont","1995","OW","The Tax Burden on Tobacco","Cigarette Sales","Average Cost per pack","1,964","$","Dollars","    (43.625381239, -72.517640791)","Table 13- Orzechowski and Walker, Tax Burden on Tobacco","POL","450POL","450CGS","455CGS","1"
"VA","Virginia","1995","OW","The Tax Burden on Tobacco","Cigarette Sales","Cigarette Consumption (Pack Sales Per Capita)","106,7",,"Pack","    (37.542680674, -78.457890463)","Table 11- Orzechowski and Walker, Tax Burden on Tobacco","POL","450POL","450CGS","453CGS","2"
"VA","Virginia","1995","OW","The Tax Burden on Tobacco","Cigarette Sales","Average Cost per pack","1,596","$","Dollars","    (37.542680674, -78.457890463)","Table 13- Orzechowski and Walker, Tax Burden on Tobacco","POL","450POL","450CGS","455CGS","1"
"WA","Washington","1995","OW","The Tax Burden on Tobacco","Cigarette Sales","Cigarette Consumption (Pack Sales Per Capita)","67,4",,"Pack","    (47.522278629, -120.47001079)","Table 11- Orzechowski and Walker, Tax Burden on Tobacco","POL","450POL","450CGS","453CGS","2"
"WA","Washington","1995","OW","The Tax Burden on Tobacco","Cigarette Sales","Average Cost per pack","2,468","$","Dollars","    (47.522278629, -120.47001079)","Table 13- Orzechowski and Walker, Tax Burden on Tobacco","POL","450POL","450CGS","455CGS","1"
"WV","West Virginia","1995","OW","The Tax Burden on Tobacco","Cigarette Sales","Average Cost per pack","1,573","$","Dollars","    (38.665510202, -80.712640135)","Table 13- Orzechowski and Walker, Tax Burden on Tobacco","POL","450POL","450CGS","455CGS","1"
"WV","West Virginia","1995","OW","The Tax Burden on Tobacco","Cigarette Sales","Cigarette Consumption (Pack Sales Per Capita)","115,8",,"Pack","    (38.665510202, -80.712640135)","Table 11- Orzechowski and Walker, Tax Burden on Tobacco","POL","450POL","450CGS","453CGS","2"
"WI","Wisconsin","1995","OW","The Tax Burden on Tobacco","Cigarette Sales","Cigarette Consumption (Pack Sales Per Capita)","93,5",,"Pack","    (44.393191174, -89.816370742)","Table 11- Orzechowski and Walker, Tax Burden on Tobacco","POL","450POL","450CGS","453CGS","2"
"WI","Wisconsin","1995","OW","The Tax Burden on Tobacco","Cigarette Sales","Average Cost per pack","2,005","$","Dollars","    (44.393191174, -89.816370742)","Table 13- Orzechowski and Walker, Tax Burden on Tobacco","POL","450POL","450CGS","455CGS","1"
"WY","Wyoming","1995","OW","The Tax Burden on Tobacco","Cigarette Sales","Average Cost per pack","1,625","$","Dollars","    (43.235541343, -108.109830353)","Table 13- Orzechowski and Walker, Tax Burden on Tobacco","POL","450POL","450CGS","455CGS","1"
"WY","Wyoming","1995","OW","The Tax Burden on Tobacco","Cigarette Sales","Cigarette Consumption (Pack Sales Per Capita)","115",,"Pack","    (43.235541343, -108.109830353)","Table 11- Orzechowski and Walker, Tax Burden on Tobacco","POL","450POL","450CGS","453CGS","2"
"AL","Alabama","1994","OW","The Tax Burden on Tobacco","Cigarette Sales","Average Cost per pack","1,551","$","Dollars","    (32.840571122, -86.631860762)","Table 13- Orzechowski and Walker, Tax Burden on Tobacco","POL","450POL","450CGS","455CGS","1"
"AL","Alabama","1994","OW","The Tax Burden on Tobacco","Cigarette Sales","Cigarette Consumption (Pack Sales Per Capita)","107,1",,"Pack","    (32.840571122, -86.631860762)","Table 11- Orzechowski and Walker, Tax Burden on Tobacco","POL","450POL","450CGS","453CGS","2"
"AK","Alaska","1994","OW","The Tax Burden on Tobacco","Cigarette Sales","Average Cost per pack","2,014","$","Dollars","    (64.845079957001, -147.722059036)","Table 13- Orzechowski and Walker, Tax Burden on Tobacco","POL","450POL","450CGS","455CGS","1"
"AK","Alaska","1994","OW","The Tax Burden on Tobacco","Cigarette Sales","Cigarette Consumption (Pack Sales Per Capita)","94,1",,"Pack","    (64.845079957001, -147.722059036)","Table 11- Orzechowski and Walker, Tax Burden on Tobacco","POL","450POL","450CGS","453CGS","2"
"AZ","Arizona","1994","OW","The Tax Burden on Tobacco","Cigarette Sales","Cigarette Consumption (Pack Sales Per Capita)","79",,"Pack","    (34.86597028, -111.763811277)","Table 11- Orzechowski and Walker, Tax Burden on Tobacco","POL","450POL","450CGS","453CGS","2"
"AZ","Arizona","1994","OW","The Tax Burden on Tobacco","Cigarette Sales","Average Cost per pack","1,629","$","Dollars","    (34.86597028, -111.763811277)","Table 13- Orzechowski and Walker, Tax Burden on Tobacco","POL","450POL","450CGS","455CGS","1"
"AR","Arkansas","1994","OW","The Tax Burden on Tobacco","Cigarette Sales","Cigarette Consumption (Pack Sales Per Capita)","108,8",,"Pack","    (34.748650124, -92.274490743)","Table 11- Orzechowski and Walker, Tax Burden on Tobacco","POL","450POL","450CGS","453CGS","2"
"AR","Arkansas","1994","OW","The Tax Burden on Tobacco","Cigarette Sales","Average Cost per pack","1,673","$","Dollars","    (34.748650124, -92.274490743)","Table 13- Orzechowski and Walker, Tax Burden on Tobacco","POL","450POL","450CGS","455CGS","1"
"CA","California","1994","OW","The Tax Burden on Tobacco","Cigarette Sales","Average Cost per pack","1,951","$","Dollars","    (37.638640123, -120.999999538)","Table 13- Orzechowski and Walker, Tax Burden on Tobacco","POL","450POL","450CGS","455CGS","1"
"CA","California","1994","OW","The Tax Burden on Tobacco","Cigarette Sales","Cigarette Consumption (Pack Sales Per Capita)","58,6",,"Pack","    (37.638640123, -120.999999538)","Table 11- Orzechowski and Walker, Tax Burden on Tobacco","POL","450POL","450CGS","453CGS","2"
"CO","Colorado","1994","OW","The Tax Burden on Tobacco","Cigarette Sales","Cigarette Consumption (Pack Sales Per Capita)","89,1",,"Pack","    (38.843840757, -106.133610921)","Table 11- Orzechowski and Walker, Tax Burden on Tobacco","POL","450POL","450CGS","453CGS","2"
"CO","Colorado","1994","OW","The Tax Burden on Tobacco","Cigarette Sales","Average Cost per pack","1,642","$","Dollars","    (38.843840757, -106.133610921)","Table 13- Orzechowski and Walker, Tax Burden on Tobacco","POL","450POL","450CGS","455CGS","1"
"CT","Connecticut","1994","OW","The Tax Burden on Tobacco","Cigarette Sales","Average Cost per pack","2,054","$","Dollars","    (41.56266102, -72.649840952)","Table 13- Orzechowski and Walker, Tax Burden on Tobacco","POL","450POL","450CGS","455CGS","1"
"CT","Connecticut","1994","OW","The Tax Burden on Tobacco","Cigarette Sales","Cigarette Consumption (Pack Sales Per Capita)","76,6",,"Pack","    (41.56266102, -72.649840952)","Table 11- Orzechowski and Walker, Tax Burden on Tobacco","POL","450POL","450CGS","453CGS","2"
"DE","Delaware","1994","OW","The Tax Burden on Tobacco","Cigarette Sales","Cigarette Consumption (Pack Sales Per Capita)","126,1",,"Pack","    (39.008830667, -75.577741168)","Table 11- Orzechowski and Walker, Tax Burden on Tobacco","POL","450POL","450CGS","453CGS","2"
"DE","Delaware","1994","OW","The Tax Burden on Tobacco","Cigarette Sales","Average Cost per pack","1,607","$","Dollars","    (39.008830667, -75.577741168)","Table 13- Orzechowski and Walker, Tax Burden on Tobacco","POL","450POL","450CGS","455CGS","1"
"DC","District of Columbia","1994","OW","The Tax Burden on Tobacco","Cigarette Sales","Average Cost per pack","2,219","$","Dollars","    (38.890371385, -77.031961127)","Table 13- Orzechowski and Walker, Tax Burden on Tobacco","POL","450POL","450CGS","455CGS","1"
"DC","District of Columbia","1994","OW","The Tax Burden on Tobacco","Cigarette Sales","Cigarette Consumption (Pack Sales Per Capita)","54,1",,"Pack","    (38.890371385, -77.031961127)","Table 11- Orzechowski and Walker, Tax Burden on Tobacco","POL","450POL","450CGS","453CGS","2"
"FL","Florida","1994","OW","The Tax Burden on Tobacco","Cigarette Sales","Cigarette Consumption (Pack Sales Per Capita)","93,6",,"Pack","    (28.932040377, -81.928960539)","Table 11- Orzechowski and Walker, Tax Burden on Tobacco","POL","450POL","450CGS","453CGS","2"
"FL","Florida","1994","OW","The Tax Burden on Tobacco","Cigarette Sales","Average Cost per pack","1,733","$","Dollars","    (28.932040377, -81.928960539)","Table 13- Orzechowski and Walker, Tax Burden on Tobacco","POL","450POL","450CGS","455CGS","1"
"GA","Georgia","1994","OW","The Tax Burden on Tobacco","Cigarette Sales","Cigarette Consumption (Pack Sales Per Capita)","107,8",,"Pack","    (32.839681093, -83.627580346)","Table 11- Orzechowski and Walker, Tax Burden on Tobacco","POL","450POL","450CGS","453CGS","2"
"GA","Georgia","1994","OW","The Tax Burden on Tobacco","Cigarette Sales","Average Cost per pack","1,538","$","Dollars","    (32.839681093, -83.627580346)","Table 13- Orzechowski and Walker, Tax Burden on Tobacco","POL","450POL","450CGS","455CGS","1"
"HI","Hawaii","1994","OW","The Tax Burden on Tobacco","Cigarette Sales","Average Cost per pack","2,286","$","Dollars","    (21.304850435, -157.857749403)","Table 13- Orzechowski and Walker, Tax Burden on Tobacco","POL","450POL","450CGS","455CGS","1"
"HI","Hawaii","1994","OW","The Tax Burden on Tobacco","Cigarette Sales","Cigarette Consumption (Pack Sales Per Capita)","44,2",,"Pack","    (21.304850435, -157.857749403)","Table 11- Orzechowski and Walker, Tax Burden on Tobacco","POL","450POL","450CGS","453CGS","2"
"ID","Idaho","1994","OW","The Tax Burden on Tobacco","Cigarette Sales","Cigarette Consumption (Pack Sales Per Capita)","93",,"Pack","    (43.682630005, -114.363730042)","Table 11- Orzechowski and Walker, Tax Burden on Tobacco","POL","450POL","450CGS","453CGS","2"
"ID","Idaho","1994","OW","The Tax Burden on Tobacco","Cigarette Sales","Average Cost per pack","1,635","$","Dollars","    (43.682630005, -114.363730042)","Table 13- Orzechowski and Walker, Tax Burden on Tobacco","POL","450POL","450CGS","455CGS","1"
"IL","Illinois","1994","OW","The Tax Burden on Tobacco","Cigarette Sales","Average Cost per pack","1,852","$","Dollars","    (40.485010283, -88.997710178)","Table 13- Orzechowski and Walker, Tax Burden on Tobacco","POL","450POL","450CGS","455CGS","1"
"IL","Illinois","1994","OW","The Tax Burden on Tobacco","Cigarette Sales","Cigarette Consumption (Pack Sales Per Capita)","85,7",,"Pack","    (40.485010283, -88.997710178)","Table 11- Orzechowski and Walker, Tax Burden on Tobacco","POL","450POL","450CGS","453CGS","2"
"IN","Indiana","1994","OW","The Tax Burden on Tobacco","Cigarette Sales","Cigarette Consumption (Pack Sales Per Capita)","128,2",,"Pack","    (39.766910452, -86.149960194)","Table 11- Orzechowski and Walker, Tax Burden on Tobacco","POL","450POL","450CGS","453CGS","2"
"IN","Indiana","1994","OW","The Tax Burden on Tobacco","Cigarette Sales","Average Cost per pack","1,463","$","Dollars","    (39.766910452, -86.149960194)","Table 13- Orzechowski and Walker, Tax Burden on Tobacco","POL","450POL","450CGS","455CGS","1"
"IA","Iowa","1994","OW","The Tax Burden on Tobacco","Cigarette Sales","Cigarette Consumption (Pack Sales Per Capita)","93,4",,"Pack","    (42.469400913, -93.816490556)","Table 11- Orzechowski and Walker, Tax Burden on Tobacco","POL","450POL","450CGS","453CGS","2"
"IA","Iowa","1994","OW","The Tax Burden on Tobacco","Cigarette Sales","Average Cost per pack","1,79","$","Dollars","    (42.469400913, -93.816490556)","Table 13- Orzechowski and Walker, Tax Burden on Tobacco","POL","450POL","450CGS","455CGS","1"
"KS","Kansas","1994","OW","The Tax Burden on Tobacco","Cigarette Sales","Average Cost per pack","1,657","$","Dollars","    (38.3477403, -98.200781227)","Table 13- Orzechowski and Walker, Tax Burden on Tobacco","POL","450POL","450CGS","455CGS","1"
"KS","Kansas","1994","OW","The Tax Burden on Tobacco","Cigarette Sales","Cigarette Consumption (Pack Sales Per Capita)","89,1",,"Pack","    (38.3477403, -98.200781227)","Table 11- Orzechowski and Walker, Tax Burden on Tobacco","POL","450POL","450CGS","453CGS","2"
"KY","Kentucky","1994","OW","The Tax Burden on Tobacco","Cigarette Sales","Cigarette Consumption (Pack Sales Per Capita)","170,2",,"Pack","    (37.645970271, -84.774971048)","Table 11- Orzechowski and Walker, Tax Burden on Tobacco","POL","450POL","450CGS","453CGS","2"
"KY","Kentucky","1994","OW","The Tax Burden on Tobacco","Cigarette Sales","Average Cost per pack","1,348","$","Dollars","    (37.645970271, -84.774971048)","Table 13- Orzechowski and Walker, Tax Burden on Tobacco","POL","450POL","450CGS","455CGS","1"
"LA","Louisiana","1994","OW","The Tax Burden on Tobacco","Cigarette Sales","Cigarette Consumption (Pack Sales Per Capita)","105,3",,"Pack","    (31.312660644, -92.445680071)","Table 11- Orzechowski and Walker, Tax Burden on Tobacco","POL","450POL","450CGS","453CGS","2"
"LA","Louisiana","1994","OW","The Tax Burden on Tobacco","Cigarette Sales","Average Cost per pack","1,558","$","Dollars","    (31.312660644, -92.445680071)","Table 13- Orzechowski and Walker, Tax Burden on Tobacco","POL","450POL","450CGS","455CGS","1"
"ME","Maine","1994","OW","The Tax Burden on Tobacco","Cigarette Sales","Average Cost per pack","1,849","$","Dollars","    (45.254228894001, -68.985031336)","Table 13- Orzechowski and Walker, Tax Burden on Tobacco","POL","450POL","450CGS","455CGS","1"
"ME","Maine","1994","OW","The Tax Burden on Tobacco","Cigarette Sales","Cigarette Consumption (Pack Sales Per Capita)","101,6",,"Pack","    (45.254228894001, -68.985031336)","Table 11- Orzechowski and Walker, Tax Burden on Tobacco","POL","450POL","450CGS","453CGS","2"
"MD","Maryland","1994","OW","The Tax Burden on Tobacco","Cigarette Sales","Average Cost per pack","1,763","$","Dollars","    (39.290580964, -76.609260111)","Table 13- Orzechowski and Walker, Tax Burden on Tobacco","POL","450POL","450CGS","455CGS","1"
"MD","Maryland","1994","OW","The Tax Burden on Tobacco","Cigarette Sales","Cigarette Consumption (Pack Sales Per Capita)","80,8",,"Pack","    (39.290580964, -76.609260111)","Table 11- Orzechowski and Walker, Tax Burden on Tobacco","POL","450POL","450CGS","453CGS","2"
"MA","Massachusetts","1994","OW","The Tax Burden on Tobacco","Cigarette Sales","Cigarette Consumption (Pack Sales Per Capita)","77",,"Pack","    (42.27687047, -72.082690675)","Table 11- Orzechowski and Walker, Tax Burden on Tobacco","POL","450POL","450CGS","453CGS","2"
"MA","Massachusetts","1994","OW","The Tax Burden on Tobacco","Cigarette Sales","Average Cost per pack","2,056","$","Dollars","    (42.27687047, -72.082690675)","Table 13- Orzechowski and Walker, Tax Burden on Tobacco","POL","450POL","450CGS","455CGS","1"
"MI","Michigan","1994","OW","The Tax Burden on Tobacco","Cigarette Sales","Cigarette Consumption (Pack Sales Per Capita)","112,9",,"Pack","    (44.661319543001, -84.71439027)","Table 11- Orzechowski and Walker, Tax Burden on Tobacco","POL","450POL","450CGS","453CGS","2"
"MI","Michigan","1994","OW","The Tax Burden on Tobacco","Cigarette Sales","Average Cost per pack","2,243","$","Dollars","    (44.661319543001, -84.71439027)","Table 13- Orzechowski and Walker, Tax Burden on Tobacco","POL","450POL","450CGS","455CGS","1"
"MN","Minnesota","1994","OW","The Tax Burden on Tobacco","Cigarette Sales","Cigarette Consumption (Pack Sales Per Capita)","83,4",,"Pack","    (46.355648736, -94.794200503)","Table 11- Orzechowski and Walker, Tax Burden on Tobacco","POL","450POL","450CGS","453CGS","2"
"MN","Minnesota","1994","OW","The Tax Burden on Tobacco","Cigarette Sales","Average Cost per pack","2,022","$","Dollars","    (46.355648736, -94.794200503)","Table 13- Orzechowski and Walker, Tax Burden on Tobacco","POL","450POL","450CGS","455CGS","1"
"MS","Mississippi","1994","OW","The Tax Burden on Tobacco","Cigarette Sales","Cigarette Consumption (Pack Sales Per Capita)","106",,"Pack","    (32.745510099, -89.538030825)","Table 11- Orzechowski and Walker, Tax Burden on Tobacco","POL","450POL","450CGS","453CGS","2"
"MS","Mississippi","1994","OW","The Tax Burden on Tobacco","Cigarette Sales","Average Cost per pack","1,539","$","Dollars","    (32.745510099, -89.538030825)","Table 13- Orzechowski and Walker, Tax Burden on Tobacco","POL","450POL","450CGS","455CGS","1"
"MO","Missouri","1994","OW","The Tax Burden on Tobacco","Cigarette Sales","Cigarette Consumption (Pack Sales Per Capita)","119,4",,"Pack","    (38.635790776, -92.566300053)","Table 11- Orzechowski and Walker, Tax Burden on Tobacco","POL","450POL","450CGS","453CGS","2"
"MO","Missouri","1994","OW","The Tax Burden on Tobacco","Cigarette Sales","Average Cost per pack","1,503","$","Dollars","    (38.635790776, -92.566300053)","Table 13- Orzechowski and Walker, Tax Burden on Tobacco","POL","450POL","450CGS","455CGS","1"
"MT","Montana","1994","OW","The Tax Burden on Tobacco","Cigarette Sales","Average Cost per pack","1,554","$","Dollars","    (47.066528972, -109.424420645)","Table 13- Orzechowski and Walker, Tax Burden on Tobacco","POL","450POL","450CGS","455CGS","1"
"MT","Montana","1994","OW","The Tax Burden on Tobacco","Cigarette Sales","Cigarette Consumption (Pack Sales Per Capita)","88,2",,"Pack","    (47.066528972, -109.424420645)","Table 11- Orzechowski and Walker, Tax Burden on Tobacco","POL","450POL","450CGS","453CGS","2"
"NE","Nebraska","1994","OW","The Tax Burden on Tobacco","Cigarette Sales","Average Cost per pack","1,707","$","Dollars","    (41.641040988001, -99.365720623)","Table 13- Orzechowski and Walker, Tax Burden on Tobacco","POL","450POL","450CGS","455CGS","1"
"NE","Nebraska","1994","OW","The Tax Burden on Tobacco","Cigarette Sales","Cigarette Consumption (Pack Sales Per Capita)","85,9",,"Pack","    (41.641040988001, -99.365720623)","Table 11- Orzechowski and Walker, Tax Burden on Tobacco","POL","450POL","450CGS","453CGS","2"
"NV","Nevada","1994","OW","The Tax Burden on Tobacco","Cigarette Sales","Average Cost per pack","1,904","$","Dollars","    (39.49324039, -117.071840564)","Table 13- Orzechowski and Walker, Tax Burden on Tobacco","POL","450POL","450CGS","455CGS","1"
"NV","Nevada","1994","OW","The Tax Burden on Tobacco","Cigarette Sales","Cigarette Consumption (Pack Sales Per Capita)","105,2",,"Pack","    (39.49324039, -117.071840564)","Table 11- Orzechowski and Walker, Tax Burden on Tobacco","POL","450POL","450CGS","453CGS","2"
"NH","New Hampshire","1994","OW","The Tax Burden on Tobacco","Cigarette Sales","Cigarette Consumption (Pack Sales Per Capita)","153,8",,"Pack","    (43.655950113, -71.50036092)","Table 11- Orzechowski and Walker, Tax Burden on Tobacco","POL","450POL","450CGS","453CGS","2"
"NH","New Hampshire","1994","OW","The Tax Burden on Tobacco","Cigarette Sales","Average Cost per pack","1,639","$","Dollars","    (43.655950113, -71.50036092)","Table 13- Orzechowski and Walker, Tax Burden on Tobacco","POL","450POL","450CGS","455CGS","1"
"NJ","New Jersey","1994","OW","The Tax Burden on Tobacco","Cigarette Sales","Average Cost per pack","1,878","$","Dollars","    (40.130570048, -74.273691288)","Table 13- Orzechowski and Walker, Tax Burden on Tobacco","POL","450POL","450CGS","455CGS","1"
"NJ","New Jersey","1994","OW","The Tax Burden on Tobacco","Cigarette Sales","Cigarette Consumption (Pack Sales Per Capita)","81,6",,"Pack","    (40.130570048, -74.273691288)","Table 11- Orzechowski and Walker, Tax Burden on Tobacco","POL","450POL","450CGS","453CGS","2"
"NM","New Mexico","1994","OW","The Tax Burden on Tobacco","Cigarette Sales","Average Cost per pack","1,635","$","Dollars","    (34.520880952, -106.240580985)","Table 13- Orzechowski and Walker, Tax Burden on Tobacco","POL","450POL","450CGS","455CGS","1"
"NM","New Mexico","1994","OW","The Tax Burden on Tobacco","Cigarette Sales","Cigarette Consumption (Pack Sales Per Capita)","68,2",,"Pack","    (34.520880952, -106.240580985)","Table 11- Orzechowski and Walker, Tax Burden on Tobacco","POL","450POL","450CGS","453CGS","2"
"NY","New York","1994","OW","The Tax Burden on Tobacco","Cigarette Sales","Cigarette Consumption (Pack Sales Per Capita)","71,6",,"Pack","    (42.827001032, -75.543970427)","Table 11- Orzechowski and Walker, Tax Burden on Tobacco","POL","450POL","450CGS","453CGS","2"
"NY","New York","1994","OW","The Tax Burden on Tobacco","Cigarette Sales","Average Cost per pack","2,121","$","Dollars","    (42.827001032, -75.543970427)","Table 13- Orzechowski and Walker, Tax Burden on Tobacco","POL","450POL","450CGS","455CGS","1"
"NC","North Carolina","1994","OW","The Tax Burden on Tobacco","Cigarette Sales","Cigarette Consumption (Pack Sales Per Capita)","112,7",,"Pack","    (35.466220975, -79.159250463)","Table 11- Orzechowski and Walker, Tax Burden on Tobacco","POL","450POL","450CGS","453CGS","2"
"NC","North Carolina","1994","OW","The Tax Burden on Tobacco","Cigarette Sales","Average Cost per pack","1,423","$","Dollars","    (35.466220975, -79.159250463)","Table 13- Orzechowski and Walker, Tax Burden on Tobacco","POL","450POL","450CGS","455CGS","1"
"ND","North Dakota","1994","OW","The Tax Burden on Tobacco","Cigarette Sales","Average Cost per pack","1,795","$","Dollars","    (47.475319779, -100.118421049)","Table 13- Orzechowski and Walker, Tax Burden on Tobacco","POL","450POL","450CGS","455CGS","1"
"ND","North Dakota","1994","OW","The Tax Burden on Tobacco","Cigarette Sales","Cigarette Consumption (Pack Sales Per Capita)","81",,"Pack","    (47.475319779, -100.118421049)","Table 11- Orzechowski and Walker, Tax Burden on Tobacco","POL","450POL","450CGS","453CGS","2"
"OH","Ohio","1994","OW","The Tax Burden on Tobacco","Cigarette Sales","Average Cost per pack","1,556","$","Dollars","    (40.060210141, -82.404260056)","Table 13- Orzechowski and Walker, Tax Burden on Tobacco","POL","450POL","450CGS","455CGS","1"
"OH","Ohio","1994","OW","The Tax Burden on Tobacco","Cigarette Sales","Cigarette Consumption (Pack Sales Per Capita)","108,6",,"Pack","    (40.060210141, -82.404260056)","Table 11- Orzechowski and Walker, Tax Burden on Tobacco","POL","450POL","450CGS","453CGS","2"
"OK","Oklahoma","1994","OW","The Tax Burden on Tobacco","Cigarette Sales","Cigarette Consumption (Pack Sales Per Capita)","104,8",,"Pack","    (35.472031356, -97.521070214)","Table 11- Orzechowski and Walker, Tax Burden on Tobacco","POL","450POL","450CGS","453CGS","2"
"OK","Oklahoma","1994","OW","The Tax Burden on Tobacco","Cigarette Sales","Average Cost per pack","1,611","$","Dollars","    (35.472031356, -97.521070214)","Table 13- Orzechowski and Walker, Tax Burden on Tobacco","POL","450POL","450CGS","455CGS","1"
"OR","Oregon","1994","OW","The Tax Burden on Tobacco","Cigarette Sales","Cigarette Consumption (Pack Sales Per Capita)","96,6",,"Pack","    (44.567449424, -120.155031326)","Table 11- Orzechowski and Walker, Tax Burden on Tobacco","POL","450POL","450CGS","453CGS","2"
"OR","Oregon","1994","OW","The Tax Burden on Tobacco","Cigarette Sales","Average Cost per pack","1,896","$","Dollars","    (44.567449424, -120.155031326)","Table 13- Orzechowski and Walker, Tax Burden on Tobacco","POL","450POL","450CGS","455CGS","1"
"PA","Pennsylvania","1994","OW","The Tax Burden on Tobacco","Cigarette Sales","Cigarette Consumption (Pack Sales Per Capita)","95,4",,"Pack","    (40.793730152, -77.860700294)","Table 11- Orzechowski and Walker, Tax Burden on Tobacco","POL","450POL","450CGS","453CGS","2"
"PA","Pennsylvania","1994","OW","The Tax Burden on Tobacco","Cigarette Sales","Average Cost per pack","1,617","$","Dollars","    (40.793730152, -77.860700294)","Table 13- Orzechowski and Walker, Tax Burden on Tobacco","POL","450POL","450CGS","455CGS","1"
"RI","Rhode Island","1994","OW","The Tax Burden on Tobacco","Cigarette Sales","Cigarette Consumption (Pack Sales Per Capita)","91,9",,"Pack","    (41.708280193, -71.522470314)","Table 11- Orzechowski and Walker, Tax Burden on Tobacco","POL","450POL","450CGS","453CGS","2"
"RI","Rhode Island","1994","OW","The Tax Burden on Tobacco","Cigarette Sales","Average Cost per pack","2,096","$","Dollars","    (41.708280193, -71.522470314)","Table 13- Orzechowski and Walker, Tax Burden on Tobacco","POL","450POL","450CGS","455CGS","1"
"SC","South Carolina","1994","OW","The Tax Burden on Tobacco","Cigarette Sales","Cigarette Consumption (Pack Sales Per Capita)","112,2",,"Pack","    (33.998821303, -81.045371207)","Table 11- Orzechowski and Walker, Tax Burden on Tobacco","POL","450POL","450CGS","453CGS","2"
"SC","South Carolina","1994","OW","The Tax Burden on Tobacco","Cigarette Sales","Average Cost per pack","1,4","$","Dollars","    (33.998821303, -81.045371207)","Table 13- Orzechowski and Walker, Tax Burden on Tobacco","POL","450POL","450CGS","455CGS","1"
"SD","South Dakota","1994","OW","The Tax Burden on Tobacco","Cigarette Sales","Average Cost per pack","1,621","$","Dollars","    (44.353130053, -100.373530637)","Table 13- Orzechowski and Walker, Tax Burden on Tobacco","POL","450POL","450CGS","455CGS","1"
"SD","South Dakota","1994","OW","The Tax Burden on Tobacco","Cigarette Sales","Cigarette Consumption (Pack Sales Per Capita)","94,8",,"Pack","    (44.353130053, -100.373530637)","Table 11- Orzechowski and Walker, Tax Burden on Tobacco","POL","450POL","450CGS","453CGS","2"
"TN","Tennessee","1994","OW","The Tax Burden on Tobacco","Cigarette Sales","Cigarette Consumption (Pack Sales Per Capita)","118,8",,"Pack","    (35.68094058, -85.774490914)","Table 11- Orzechowski and Walker, Tax Burden on Tobacco","POL","450POL","450CGS","453CGS","2"
"TN","Tennessee","1994","OW","The Tax Burden on Tobacco","Cigarette Sales","Average Cost per pack","1,53","$","Dollars","    (35.68094058, -85.774490914)","Table 13- Orzechowski and Walker, Tax Burden on Tobacco","POL","450POL","450CGS","455CGS","1"
"TX","Texas","1994","OW","The Tax Burden on Tobacco","Cigarette Sales","Average Cost per pack","1,85","$","Dollars","    (31.827240407, -99.426770206)","Table 13- Orzechowski and Walker, Tax Burden on Tobacco","POL","450POL","450CGS","455CGS","1"
"TX","Texas","1994","OW","The Tax Burden on Tobacco","Cigarette Sales","Cigarette Consumption (Pack Sales Per Capita)","78,8",,"Pack","    (31.827240407, -99.426770206)","Table 11- Orzechowski and Walker, Tax Burden on Tobacco","POL","450POL","450CGS","453CGS","2"
"UT","Utah","1994","OW","The Tax Burden on Tobacco","Cigarette Sales","Cigarette Consumption (Pack Sales Per Capita)","55,8",,"Pack","    (39.360700171, -111.587130635)","Table 11- Orzechowski and Walker, Tax Burden on Tobacco","POL","450POL","450CGS","453CGS","2"
"UT","Utah","1994","OW","The Tax Burden on Tobacco","Cigarette Sales","Average Cost per pack","1,688","$","Dollars","    (39.360700171, -111.587130635)","Table 13- Orzechowski and Walker, Tax Burden on Tobacco","POL","450POL","450CGS","455CGS","1"
"VT","Vermont","1994","OW","The Tax Burden on Tobacco","Cigarette Sales","Average Cost per pack","1,601","$","Dollars","    (43.625381239, -72.517640791)","Table 13- Orzechowski and Walker, Tax Burden on Tobacco","POL","450POL","450CGS","455CGS","1"
"VT","Vermont","1994","OW","The Tax Burden on Tobacco","Cigarette Sales","Cigarette Consumption (Pack Sales Per Capita)","120,3",,"Pack","    (43.625381239, -72.517640791)","Table 11- Orzechowski and Walker, Tax Burden on Tobacco","POL","450POL","450CGS","453CGS","2"
"VA","Virginia","1994","OW","The Tax Burden on Tobacco","Cigarette Sales","Average Cost per pack","1,575","$","Dollars","    (37.542680674, -78.457890463)","Table 13- Orzechowski and Walker, Tax Burden on Tobacco","POL","450POL","450CGS","455CGS","1"
"VA","Virginia","1994","OW","The Tax Burden on Tobacco","Cigarette Sales","Cigarette Consumption (Pack Sales Per Capita)","106,2",,"Pack","    (37.542680674, -78.457890463)","Table 11- Orzechowski and Walker, Tax Burden on Tobacco","POL","450POL","450CGS","453CGS","2"
"WA","Washington","1994","OW","The Tax Burden on Tobacco","Cigarette Sales","Average Cost per pack","2,258","$","Dollars","    (47.522278629, -120.47001079)","Table 13- Orzechowski and Walker, Tax Burden on Tobacco","POL","450POL","450CGS","455CGS","1"
"WA","Washington","1994","OW","The Tax Burden on Tobacco","Cigarette Sales","Cigarette Consumption (Pack Sales Per Capita)","72,6",,"Pack","    (47.522278629, -120.47001079)","Table 11- Orzechowski and Walker, Tax Burden on Tobacco","POL","450POL","450CGS","453CGS","2"
"WV","West Virginia","1994","OW","The Tax Burden on Tobacco","Cigarette Sales","Average Cost per pack","1,568","$","Dollars","    (38.665510202, -80.712640135)","Table 13- Orzechowski and Walker, Tax Burden on Tobacco","POL","450POL","450CGS","455CGS","1"
"WV","West Virginia","1994","OW","The Tax Burden on Tobacco","Cigarette Sales","Cigarette Consumption (Pack Sales Per Capita)","104,2",,"Pack","    (38.665510202, -80.712640135)","Table 11- Orzechowski and Walker, Tax Burden on Tobacco","POL","450POL","450CGS","453CGS","2"
"WI","Wisconsin","1994","OW","The Tax Burden on Tobacco","Cigarette Sales","Average Cost per pack","1,88","$","Dollars","    (44.393191174, -89.816370742)","Table 13- Orzechowski and Walker, Tax Burden on Tobacco","POL","450POL","450CGS","455CGS","1"
"WI","Wisconsin","1994","OW","The Tax Burden on Tobacco","Cigarette Sales","Cigarette Consumption (Pack Sales Per Capita)","91,8",,"Pack","    (44.393191174, -89.816370742)","Table 11- Orzechowski and Walker, Tax Burden on Tobacco","POL","450POL","450CGS","453CGS","2"
"WY","Wyoming","1994","OW","The Tax Burden on Tobacco","Cigarette Sales","Average Cost per pack","1,53","$","Dollars","    (43.235541343, -108.109830353)","Table 13- Orzechowski and Walker, Tax Burden on Tobacco","POL","450POL","450CGS","455CGS","1"
"WY","Wyoming","1994","OW","The Tax Burden on Tobacco","Cigarette Sales","Cigarette Consumption (Pack Sales Per Capita)","111,2",,"Pack","    (43.235541343, -108.109830353)","Table 11- Orzechowski and Walker, Tax Burden on Tobacco","POL","450POL","450CGS","453CGS","2"
"AL","Alabama","1993","OW","The Tax Burden on Tobacco","Cigarette Sales","Cigarette Consumption (Pack Sales Per Capita)","108,5",,"Pack","    (32.840571122, -86.631860762)","Table 11- Orzechowski and Walker, Tax Burden on Tobacco","POL","450POL","450CGS","453CGS","2"
"AL","Alabama","1993","OW","The Tax Burden on Tobacco","Cigarette Sales","Average Cost per pack","1,546","$","Dollars","    (32.840571122, -86.631860762)","Table 13- Orzechowski and Walker, Tax Burden on Tobacco","POL","450POL","450CGS","455CGS","1"
"AK","Alaska","1993","OW","The Tax Burden on Tobacco","Cigarette Sales","Average Cost per pack","2,009","$","Dollars","    (64.845079957001, -147.722059036)","Table 13- Orzechowski and Walker, Tax Burden on Tobacco","POL","450POL","450CGS","455CGS","1"
"AK","Alaska","1993","OW","The Tax Burden on Tobacco","Cigarette Sales","Cigarette Consumption (Pack Sales Per Capita)","95,2",,"Pack","    (64.845079957001, -147.722059036)","Table 11- Orzechowski and Walker, Tax Burden on Tobacco","POL","450POL","450CGS","453CGS","2"
"AZ","Arizona","1993","OW","The Tax Burden on Tobacco","Cigarette Sales","Cigarette Consumption (Pack Sales Per Capita)","80,3",,"Pack","    (34.86597028, -111.763811277)","Table 11- Orzechowski and Walker, Tax Burden on Tobacco","POL","450POL","450CGS","453CGS","2"
"AZ","Arizona","1993","OW","The Tax Burden on Tobacco","Cigarette Sales","Average Cost per pack","1,621","$","Dollars","    (34.86597028, -111.763811277)","Table 13- Orzechowski and Walker, Tax Burden on Tobacco","POL","450POL","450CGS","455CGS","1"
"AR","Arkansas","1993","OW","The Tax Burden on Tobacco","Cigarette Sales","Cigarette Consumption (Pack Sales Per Capita)","113,8",,"Pack","    (34.748650124, -92.274490743)","Table 11- Orzechowski and Walker, Tax Burden on Tobacco","POL","450POL","450CGS","453CGS","2"
"AR","Arkansas","1993","OW","The Tax Burden on Tobacco","Cigarette Sales","Average Cost per pack","1,681","$","Dollars","    (34.748650124, -92.274490743)","Table 13- Orzechowski and Walker, Tax Burden on Tobacco","POL","450POL","450CGS","455CGS","1"
"CA","California","1993","OW","The Tax Burden on Tobacco","Cigarette Sales","Average Cost per pack","1,903","$","Dollars","    (37.638640123, -120.999999538)","Table 13- Orzechowski and Walker, Tax Burden on Tobacco","POL","450POL","450CGS","455CGS","1"
"CA","California","1993","OW","The Tax Burden on Tobacco","Cigarette Sales","Cigarette Consumption (Pack Sales Per Capita)","63,4",,"Pack","    (37.638640123, -120.999999538)","Table 11- Orzechowski and Walker, Tax Burden on Tobacco","POL","450POL","450CGS","453CGS","2"
"CO","Colorado","1993","OW","The Tax Burden on Tobacco","Cigarette Sales","Cigarette Consumption (Pack Sales Per Capita)","88,6",,"Pack","    (38.843840757, -106.133610921)","Table 11- Orzechowski and Walker, Tax Burden on Tobacco","POL","450POL","450CGS","453CGS","2"
"CO","Colorado","1993","OW","The Tax Burden on Tobacco","Cigarette Sales","Average Cost per pack","1,532","$","Dollars","    (38.843840757, -106.133610921)","Table 13- Orzechowski and Walker, Tax Burden on Tobacco","POL","450POL","450CGS","455CGS","1"
"CT","Connecticut","1993","OW","The Tax Burden on Tobacco","Cigarette Sales","Cigarette Consumption (Pack Sales Per Capita)","79,1",,"Pack","    (41.56266102, -72.649840952)","Table 11- Orzechowski and Walker, Tax Burden on Tobacco","POL","450POL","450CGS","453CGS","2"
"CT","Connecticut","1993","OW","The Tax Burden on Tobacco","Cigarette Sales","Average Cost per pack","2,056","$","Dollars","    (41.56266102, -72.649840952)","Table 13- Orzechowski and Walker, Tax Burden on Tobacco","POL","450POL","450CGS","455CGS","1"
"DE","Delaware","1993","OW","The Tax Burden on Tobacco","Cigarette Sales","Cigarette Consumption (Pack Sales Per Capita)","123,8",,"Pack","    (39.008830667, -75.577741168)","Table 11- Orzechowski and Walker, Tax Burden on Tobacco","POL","450POL","450CGS","453CGS","2"
"DE","Delaware","1993","OW","The Tax Burden on Tobacco","Cigarette Sales","Average Cost per pack","1,525","$","Dollars","    (39.008830667, -75.577741168)","Table 13- Orzechowski and Walker, Tax Burden on Tobacco","POL","450POL","450CGS","455CGS","1"
"DC","District of Columbia","1993","OW","The Tax Burden on Tobacco","Cigarette Sales","Cigarette Consumption (Pack Sales Per Capita)","68",,"Pack","    (38.890371385, -77.031961127)","Table 11- Orzechowski and Walker, Tax Burden on Tobacco","POL","450POL","450CGS","453CGS","2"
"DC","District of Columbia","1993","OW","The Tax Burden on Tobacco","Cigarette Sales","Average Cost per pack","2,131","$","Dollars","    (38.890371385, -77.031961127)","Table 13- Orzechowski and Walker, Tax Burden on Tobacco","POL","450POL","450CGS","455CGS","1"
"FL","Florida","1993","OW","The Tax Burden on Tobacco","Cigarette Sales","Cigarette Consumption (Pack Sales Per Capita)","96,8",,"Pack","    (28.932040377, -81.928960539)","Table 11- Orzechowski and Walker, Tax Burden on Tobacco","POL","450POL","450CGS","453CGS","2"
"FL","Florida","1993","OW","The Tax Burden on Tobacco","Cigarette Sales","Average Cost per pack","1,716","$","Dollars","    (28.932040377, -81.928960539)","Table 13- Orzechowski and Walker, Tax Burden on Tobacco","POL","450POL","450CGS","455CGS","1"
"GA","Georgia","1993","OW","The Tax Burden on Tobacco","Cigarette Sales","Average Cost per pack","1,478","$","Dollars","    (32.839681093, -83.627580346)","Table 13- Orzechowski and Walker, Tax Burden on Tobacco","POL","450POL","450CGS","455CGS","1"
"GA","Georgia","1993","OW","The Tax Burden on Tobacco","Cigarette Sales","Cigarette Consumption (Pack Sales Per Capita)","109,2",,"Pack","    (32.839681093, -83.627580346)","Table 11- Orzechowski and Walker, Tax Burden on Tobacco","POL","450POL","450CGS","453CGS","2"
"HI","Hawaii","1993","OW","The Tax Burden on Tobacco","Cigarette Sales","Cigarette Consumption (Pack Sales Per Capita)","52,4",,"Pack","    (21.304850435, -157.857749403)","Table 11- Orzechowski and Walker, Tax Burden on Tobacco","POL","450POL","450CGS","453CGS","2"
"HI","Hawaii","1993","OW","The Tax Burden on Tobacco","Cigarette Sales","Average Cost per pack","2,151","$","Dollars","    (21.304850435, -157.857749403)","Table 13- Orzechowski and Walker, Tax Burden on Tobacco","POL","450POL","450CGS","455CGS","1"
"ID","Idaho","1993","OW","The Tax Burden on Tobacco","Cigarette Sales","Average Cost per pack","1,505","$","Dollars","    (43.682630005, -114.363730042)","Table 13- Orzechowski and Walker, Tax Burden on Tobacco","POL","450POL","450CGS","455CGS","1"
"ID","Idaho","1993","OW","The Tax Burden on Tobacco","Cigarette Sales","Cigarette Consumption (Pack Sales Per Capita)","86,7",,"Pack","    (43.682630005, -114.363730042)","Table 11- Orzechowski and Walker, Tax Burden on Tobacco","POL","450POL","450CGS","453CGS","2"
"IL","Illinois","1993","OW","The Tax Burden on Tobacco","Cigarette Sales","Cigarette Consumption (Pack Sales Per Capita)","94,6",,"Pack","    (40.485010283, -88.997710178)","Table 11- Orzechowski and Walker, Tax Burden on Tobacco","POL","450POL","450CGS","453CGS","2"
"IL","Illinois","1993","OW","The Tax Burden on Tobacco","Cigarette Sales","Average Cost per pack","1,821","$","Dollars","    (40.485010283, -88.997710178)","Table 13- Orzechowski and Walker, Tax Burden on Tobacco","POL","450POL","450CGS","455CGS","1"
"IN","Indiana","1993","OW","The Tax Burden on Tobacco","Cigarette Sales","Cigarette Consumption (Pack Sales Per Capita)","126,8",,"Pack","    (39.766910452, -86.149960194)","Table 11- Orzechowski and Walker, Tax Burden on Tobacco","POL","450POL","450CGS","453CGS","2"
"IN","Indiana","1993","OW","The Tax Burden on Tobacco","Cigarette Sales","Average Cost per pack","1,466","$","Dollars","    (39.766910452, -86.149960194)","Table 13- Orzechowski and Walker, Tax Burden on Tobacco","POL","450POL","450CGS","455CGS","1"
"IA","Iowa","1993","OW","The Tax Burden on Tobacco","Cigarette Sales","Cigarette Consumption (Pack Sales Per Capita)","92,5",,"Pack","    (42.469400913, -93.816490556)","Table 11- Orzechowski and Walker, Tax Burden on Tobacco","POL","450POL","450CGS","453CGS","2"
"IA","Iowa","1993","OW","The Tax Burden on Tobacco","Cigarette Sales","Average Cost per pack","1,714","$","Dollars","    (42.469400913, -93.816490556)","Table 13- Orzechowski and Walker, Tax Burden on Tobacco","POL","450POL","450CGS","455CGS","1"
"KS","Kansas","1993","OW","The Tax Burden on Tobacco","Cigarette Sales","Cigarette Consumption (Pack Sales Per Capita)","89,9",,"Pack","    (38.3477403, -98.200781227)","Table 11- Orzechowski and Walker, Tax Burden on Tobacco","POL","450POL","450CGS","453CGS","2"
"KS","Kansas","1993","OW","The Tax Burden on Tobacco","Cigarette Sales","Average Cost per pack","1,596","$","Dollars","    (38.3477403, -98.200781227)","Table 13- Orzechowski and Walker, Tax Burden on Tobacco","POL","450POL","450CGS","455CGS","1"
"KY","Kentucky","1993","OW","The Tax Burden on Tobacco","Cigarette Sales","Average Cost per pack","1,328","$","Dollars","    (37.645970271, -84.774971048)","Table 13- Orzechowski and Walker, Tax Burden on Tobacco","POL","450POL","450CGS","455CGS","1"
"KY","Kentucky","1993","OW","The Tax Burden on Tobacco","Cigarette Sales","Cigarette Consumption (Pack Sales Per Capita)","167,6",,"Pack","    (37.645970271, -84.774971048)","Table 11- Orzechowski and Walker, Tax Burden on Tobacco","POL","450POL","450CGS","453CGS","2"
"LA","Louisiana","1993","OW","The Tax Burden on Tobacco","Cigarette Sales","Cigarette Consumption (Pack Sales Per Capita)","106,2",,"Pack","    (31.312660644, -92.445680071)","Table 11- Orzechowski and Walker, Tax Burden on Tobacco","POL","450POL","450CGS","453CGS","2"
"LA","Louisiana","1993","OW","The Tax Burden on Tobacco","Cigarette Sales","Average Cost per pack","1,574","$","Dollars","    (31.312660644, -92.445680071)","Table 13- Orzechowski and Walker, Tax Burden on Tobacco","POL","450POL","450CGS","455CGS","1"
"ME","Maine","1993","OW","The Tax Burden on Tobacco","Cigarette Sales","Cigarette Consumption (Pack Sales Per Capita)","108,5",,"Pack","    (45.254228894001, -68.985031336)","Table 11- Orzechowski and Walker, Tax Burden on Tobacco","POL","450POL","450CGS","453CGS","2"
"ME","Maine","1993","OW","The Tax Burden on Tobacco","Cigarette Sales","Average Cost per pack","1,783","$","Dollars","    (45.254228894001, -68.985031336)","Table 13- Orzechowski and Walker, Tax Burden on Tobacco","POL","450POL","450CGS","455CGS","1"
"MD","Maryland","1993","OW","The Tax Burden on Tobacco","Cigarette Sales","Average Cost per pack","1,733","$","Dollars","    (39.290580964, -76.609260111)","Table 13- Orzechowski and Walker, Tax Burden on Tobacco","POL","450POL","450CGS","455CGS","1"
"MD","Maryland","1993","OW","The Tax Burden on Tobacco","Cigarette Sales","Cigarette Consumption (Pack Sales Per Capita)","82,6",,"Pack","    (39.290580964, -76.609260111)","Table 11- Orzechowski and Walker, Tax Burden on Tobacco","POL","450POL","450CGS","453CGS","2"
"MA","Massachusetts","1993","OW","The Tax Burden on Tobacco","Cigarette Sales","Average Cost per pack","1,909","$","Dollars","    (42.27687047, -72.082690675)","Table 13- Orzechowski and Walker, Tax Burden on Tobacco","POL","450POL","450CGS","455CGS","1"
"MA","Massachusetts","1993","OW","The Tax Burden on Tobacco","Cigarette Sales","Cigarette Consumption (Pack Sales Per Capita)","84,1",,"Pack","    (42.27687047, -72.082690675)","Table 11- Orzechowski and Walker, Tax Burden on Tobacco","POL","450POL","450CGS","453CGS","2"
"MI","Michigan","1993","OW","The Tax Burden on Tobacco","Cigarette Sales","Average Cost per pack","1,634","$","Dollars","    (44.661319543001, -84.71439027)","Table 13- Orzechowski and Walker, Tax Burden on Tobacco","POL","450POL","450CGS","455CGS","1"
"MI","Michigan","1993","OW","The Tax Burden on Tobacco","Cigarette Sales","Cigarette Consumption (Pack Sales Per Capita)","106,5",,"Pack","    (44.661319543001, -84.71439027)","Table 11- Orzechowski and Walker, Tax Burden on Tobacco","POL","450POL","450CGS","453CGS","2"
"MN","Minnesota","1993","OW","The Tax Burden on Tobacco","Cigarette Sales","Average Cost per pack","1,961","$","Dollars","    (46.355648736, -94.794200503)","Table 13- Orzechowski and Walker, Tax Burden on Tobacco","POL","450POL","450CGS","455CGS","1"
"MN","Minnesota","1993","OW","The Tax Burden on Tobacco","Cigarette Sales","Cigarette Consumption (Pack Sales Per Capita)","81,6",,"Pack","    (46.355648736, -94.794200503)","Table 11- Orzechowski and Walker, Tax Burden on Tobacco","POL","450POL","450CGS","453CGS","2"
"MS","Mississippi","1993","OW","The Tax Burden on Tobacco","Cigarette Sales","Cigarette Consumption (Pack Sales Per Capita)","105,4",,"Pack","    (32.745510099, -89.538030825)","Table 11- Orzechowski and Walker, Tax Burden on Tobacco","POL","450POL","450CGS","453CGS","2"
"MS","Mississippi","1993","OW","The Tax Burden on Tobacco","Cigarette Sales","Average Cost per pack","1,569","$","Dollars","    (32.745510099, -89.538030825)","Table 13- Orzechowski and Walker, Tax Burden on Tobacco","POL","450POL","450CGS","455CGS","1"
"MO","Missouri","1993","OW","The Tax Burden on Tobacco","Cigarette Sales","Cigarette Consumption (Pack Sales Per Capita)","121,6",,"Pack","    (38.635790776, -92.566300053)","Table 11- Orzechowski and Walker, Tax Burden on Tobacco","POL","450POL","450CGS","453CGS","2"
"MO","Missouri","1993","OW","The Tax Burden on Tobacco","Cigarette Sales","Average Cost per pack","1,468","$","Dollars","    (38.635790776, -92.566300053)","Table 13- Orzechowski and Walker, Tax Burden on Tobacco","POL","450POL","450CGS","455CGS","1"
"MT","Montana","1993","OW","The Tax Burden on Tobacco","Cigarette Sales","Average Cost per pack","1,513","$","Dollars","    (47.066528972, -109.424420645)","Table 13- Orzechowski and Walker, Tax Burden on Tobacco","POL","450POL","450CGS","455CGS","1"
"MT","Montana","1993","OW","The Tax Burden on Tobacco","Cigarette Sales","Cigarette Consumption (Pack Sales Per Capita)","86",,"Pack","    (47.066528972, -109.424420645)","Table 11- Orzechowski and Walker, Tax Burden on Tobacco","POL","450POL","450CGS","453CGS","2"
"NE","Nebraska","1993","OW","The Tax Burden on Tobacco","Cigarette Sales","Average Cost per pack","1,696","$","Dollars","    (41.641040988001, -99.365720623)","Table 13- Orzechowski and Walker, Tax Burden on Tobacco","POL","450POL","450CGS","455CGS","1"
"NE","Nebraska","1993","OW","The Tax Burden on Tobacco","Cigarette Sales","Cigarette Consumption (Pack Sales Per Capita)","91,1",,"Pack","    (41.641040988001, -99.365720623)","Table 11- Orzechowski and Walker, Tax Burden on Tobacco","POL","450POL","450CGS","453CGS","2"
"NV","Nevada","1993","OW","The Tax Burden on Tobacco","Cigarette Sales","Average Cost per pack","1,903","$","Dollars","    (39.49324039, -117.071840564)","Table 13- Orzechowski and Walker, Tax Burden on Tobacco","POL","450POL","450CGS","455CGS","1"
"NV","Nevada","1993","OW","The Tax Burden on Tobacco","Cigarette Sales","Cigarette Consumption (Pack Sales Per Capita)","108,1",,"Pack","    (39.49324039, -117.071840564)","Table 11- Orzechowski and Walker, Tax Burden on Tobacco","POL","450POL","450CGS","453CGS","2"
"NH","New Hampshire","1993","OW","The Tax Burden on Tobacco","Cigarette Sales","Cigarette Consumption (Pack Sales Per Capita)","148,9",,"Pack","    (43.655950113, -71.50036092)","Table 11- Orzechowski and Walker, Tax Burden on Tobacco","POL","450POL","450CGS","453CGS","2"
"NH","New Hampshire","1993","OW","The Tax Burden on Tobacco","Cigarette Sales","Average Cost per pack","1,578","$","Dollars","    (43.655950113, -71.50036092)","Table 13- Orzechowski and Walker, Tax Burden on Tobacco","POL","450POL","450CGS","455CGS","1"
"NJ","New Jersey","1993","OW","The Tax Burden on Tobacco","Cigarette Sales","Average Cost per pack","1,829","$","Dollars","    (40.130570048, -74.273691288)","Table 13- Orzechowski and Walker, Tax Burden on Tobacco","POL","450POL","450CGS","455CGS","1"
"NJ","New Jersey","1993","OW","The Tax Burden on Tobacco","Cigarette Sales","Cigarette Consumption (Pack Sales Per Capita)","82,9",,"Pack","    (40.130570048, -74.273691288)","Table 11- Orzechowski and Walker, Tax Burden on Tobacco","POL","450POL","450CGS","453CGS","2"
"NM","New Mexico","1993","OW","The Tax Burden on Tobacco","Cigarette Sales","Average Cost per pack","1,584","$","Dollars","    (34.520880952, -106.240580985)","Table 13- Orzechowski and Walker, Tax Burden on Tobacco","POL","450POL","450CGS","455CGS","1"
"NM","New Mexico","1993","OW","The Tax Burden on Tobacco","Cigarette Sales","Cigarette Consumption (Pack Sales Per Capita)","69",,"Pack","    (34.520880952, -106.240580985)","Table 11- Orzechowski and Walker, Tax Burden on Tobacco","POL","450POL","450CGS","453CGS","2"
"NY","New York","1993","OW","The Tax Burden on Tobacco","Cigarette Sales","Average Cost per pack","2,077","$","Dollars","    (42.827001032, -75.543970427)","Table 13- Orzechowski and Walker, Tax Burden on Tobacco","POL","450POL","450CGS","455CGS","1"
"NY","New York","1993","OW","The Tax Burden on Tobacco","Cigarette Sales","Cigarette Consumption (Pack Sales Per Capita)","78,2",,"Pack","    (42.827001032, -75.543970427)","Table 11- Orzechowski and Walker, Tax Burden on Tobacco","POL","450POL","450CGS","453CGS","2"
"NC","North Carolina","1993","OW","The Tax Burden on Tobacco","Cigarette Sales","Average Cost per pack","1,359","$","Dollars","    (35.466220975, -79.159250463)","Table 13- Orzechowski and Walker, Tax Burden on Tobacco","POL","450POL","450CGS","455CGS","1"
"NC","North Carolina","1993","OW","The Tax Burden on Tobacco","Cigarette Sales","Cigarette Consumption (Pack Sales Per Capita)","129,7",,"Pack","    (35.466220975, -79.159250463)","Table 11- Orzechowski and Walker, Tax Burden on Tobacco","POL","450POL","450CGS","453CGS","2"
"ND","North Dakota","1993","OW","The Tax Burden on Tobacco","Cigarette Sales","Average Cost per pack","1,801","$","Dollars","    (47.475319779, -100.118421049)","Table 13- Orzechowski and Walker, Tax Burden on Tobacco","POL","450POL","450CGS","455CGS","1"
"ND","North Dakota","1993","OW","The Tax Burden on Tobacco","Cigarette Sales","Cigarette Consumption (Pack Sales Per Capita)","83",,"Pack","    (47.475319779, -100.118421049)","Table 11- Orzechowski and Walker, Tax Burden on Tobacco","POL","450POL","450CGS","453CGS","2"
"OH","Ohio","1993","OW","The Tax Burden on Tobacco","Cigarette Sales","Cigarette Consumption (Pack Sales Per Capita)","108,9",,"Pack","    (40.060210141, -82.404260056)","Table 11- Orzechowski and Walker, Tax Burden on Tobacco","POL","450POL","450CGS","453CGS","2"
"OH","Ohio","1993","OW","The Tax Burden on Tobacco","Cigarette Sales","Average Cost per pack","1,512","$","Dollars","    (40.060210141, -82.404260056)","Table 13- Orzechowski and Walker, Tax Burden on Tobacco","POL","450POL","450CGS","455CGS","1"
"OK","Oklahoma","1993","OW","The Tax Burden on Tobacco","Cigarette Sales","Cigarette Consumption (Pack Sales Per Capita)","86,2",,"Pack","    (35.472031356, -97.521070214)","Table 11- Orzechowski and Walker, Tax Burden on Tobacco","POL","450POL","450CGS","453CGS","2"
"OK","Oklahoma","1993","OW","The Tax Burden on Tobacco","Cigarette Sales","Average Cost per pack","1,634","$","Dollars","    (35.472031356, -97.521070214)","Table 13- Orzechowski and Walker, Tax Burden on Tobacco","POL","450POL","450CGS","455CGS","1"
"OR","Oregon","1993","OW","The Tax Burden on Tobacco","Cigarette Sales","Average Cost per pack","1,784","$","Dollars","    (44.567449424, -120.155031326)","Table 13- Orzechowski and Walker, Tax Burden on Tobacco","POL","450POL","450CGS","455CGS","1"
"OR","Oregon","1993","OW","The Tax Burden on Tobacco","Cigarette Sales","Cigarette Consumption (Pack Sales Per Capita)","98,7",,"Pack","    (44.567449424, -120.155031326)","Table 11- Orzechowski and Walker, Tax Burden on Tobacco","POL","450POL","450CGS","453CGS","2"
"PA","Pennsylvania","1993","OW","The Tax Burden on Tobacco","Cigarette Sales","Cigarette Consumption (Pack Sales Per Capita)","94,7",,"Pack","    (40.793730152, -77.860700294)","Table 11- Orzechowski and Walker, Tax Burden on Tobacco","POL","450POL","450CGS","453CGS","2"
"PA","Pennsylvania","1993","OW","The Tax Burden on Tobacco","Cigarette Sales","Average Cost per pack","1,581","$","Dollars","    (40.793730152, -77.860700294)","Table 13- Orzechowski and Walker, Tax Burden on Tobacco","POL","450POL","450CGS","455CGS","1"
"RI","Rhode Island","1993","OW","The Tax Burden on Tobacco","Cigarette Sales","Average Cost per pack","1,689","$","Dollars","    (41.708280193, -71.522470314)","Table 13- Orzechowski and Walker, Tax Burden on Tobacco","POL","450POL","450CGS","455CGS","1"
"RI","Rhode Island","1993","OW","The Tax Burden on Tobacco","Cigarette Sales","Cigarette Consumption (Pack Sales Per Capita)","94,1",,"Pack","    (41.708280193, -71.522470314)","Table 11- Orzechowski and Walker, Tax Burden on Tobacco","POL","450POL","450CGS","453CGS","2"
"SC","South Carolina","1993","OW","The Tax Burden on Tobacco","Cigarette Sales","Cigarette Consumption (Pack Sales Per Capita)","115,2",,"Pack","    (33.998821303, -81.045371207)","Table 11- Orzechowski and Walker, Tax Burden on Tobacco","POL","450POL","450CGS","453CGS","2"
"SC","South Carolina","1993","OW","The Tax Burden on Tobacco","Cigarette Sales","Average Cost per pack","1,391","$","Dollars","    (33.998821303, -81.045371207)","Table 13- Orzechowski and Walker, Tax Burden on Tobacco","POL","450POL","450CGS","455CGS","1"
"SD","South Dakota","1993","OW","The Tax Burden on Tobacco","Cigarette Sales","Cigarette Consumption (Pack Sales Per Capita)","91,6",,"Pack","    (44.353130053, -100.373530637)","Table 11- Orzechowski and Walker, Tax Burden on Tobacco","POL","450POL","450CGS","453CGS","2"
"SD","South Dakota","1993","OW","The Tax Burden on Tobacco","Cigarette Sales","Average Cost per pack","1,544","$","Dollars","    (44.353130053, -100.373530637)","Table 13- Orzechowski and Walker, Tax Burden on Tobacco","POL","450POL","450CGS","455CGS","1"
"TN","Tennessee","1993","OW","The Tax Burden on Tobacco","Cigarette Sales","Cigarette Consumption (Pack Sales Per Capita)","120,8",,"Pack","    (35.68094058, -85.774490914)","Table 11- Orzechowski and Walker, Tax Burden on Tobacco","POL","450POL","450CGS","453CGS","2"
"TN","Tennessee","1993","OW","The Tax Burden on Tobacco","Cigarette Sales","Average Cost per pack","1,503","$","Dollars","    (35.68094058, -85.774490914)","Table 13- Orzechowski and Walker, Tax Burden on Tobacco","POL","450POL","450CGS","455CGS","1"
"TX","Texas","1993","OW","The Tax Burden on Tobacco","Cigarette Sales","Cigarette Consumption (Pack Sales Per Capita)","81,3",,"Pack","    (31.827240407, -99.426770206)","Table 11- Orzechowski and Walker, Tax Burden on Tobacco","POL","450POL","450CGS","453CGS","2"
"TX","Texas","1993","OW","The Tax Burden on Tobacco","Cigarette Sales","Average Cost per pack","1,777","$","Dollars","    (31.827240407, -99.426770206)","Table 13- Orzechowski and Walker, Tax Burden on Tobacco","POL","450POL","450CGS","455CGS","1"
"UT","Utah","1993","OW","The Tax Burden on Tobacco","Cigarette Sales","Average Cost per pack","1,604","$","Dollars","    (39.360700171, -111.587130635)","Table 13- Orzechowski and Walker, Tax Burden on Tobacco","POL","450POL","450CGS","455CGS","1"
"UT","Utah","1993","OW","The Tax Burden on Tobacco","Cigarette Sales","Cigarette Consumption (Pack Sales Per Capita)","56,2",,"Pack","    (39.360700171, -111.587130635)","Table 11- Orzechowski and Walker, Tax Burden on Tobacco","POL","450POL","450CGS","453CGS","2"
"VT","Vermont","1993","OW","The Tax Burden on Tobacco","Cigarette Sales","Average Cost per pack","1,596","$","Dollars","    (43.625381239, -72.517640791)","Table 13- Orzechowski and Walker, Tax Burden on Tobacco","POL","450POL","450CGS","455CGS","1"
"VT","Vermont","1993","OW","The Tax Burden on Tobacco","Cigarette Sales","Cigarette Consumption (Pack Sales Per Capita)","117,2",,"Pack","    (43.625381239, -72.517640791)","Table 11- Orzechowski and Walker, Tax Burden on Tobacco","POL","450POL","450CGS","453CGS","2"
"VA","Virginia","1993","OW","The Tax Burden on Tobacco","Cigarette Sales","Cigarette Consumption (Pack Sales Per Capita)","105,4",,"Pack","    (37.542680674, -78.457890463)","Table 11- Orzechowski and Walker, Tax Burden on Tobacco","POL","450POL","450CGS","453CGS","2"
"VA","Virginia","1993","OW","The Tax Burden on Tobacco","Cigarette Sales","Average Cost per pack","1,565","$","Dollars","    (37.542680674, -78.457890463)","Table 13- Orzechowski and Walker, Tax Burden on Tobacco","POL","450POL","450CGS","455CGS","1"
"WA","Washington","1993","OW","The Tax Burden on Tobacco","Cigarette Sales","Cigarette Consumption (Pack Sales Per Capita)","79,4",,"Pack","    (47.522278629, -120.47001079)","Table 11- Orzechowski and Walker, Tax Burden on Tobacco","POL","450POL","450CGS","453CGS","2"
"WA","Washington","1993","OW","The Tax Burden on Tobacco","Cigarette Sales","Average Cost per pack","2,198","$","Dollars","    (47.522278629, -120.47001079)","Table 13- Orzechowski and Walker, Tax Burden on Tobacco","POL","450POL","450CGS","455CGS","1"
"WV","West Virginia","1993","OW","The Tax Burden on Tobacco","Cigarette Sales","Cigarette Consumption (Pack Sales Per Capita)","111",,"Pack","    (38.665510202, -80.712640135)","Table 11- Orzechowski and Walker, Tax Burden on Tobacco","POL","450POL","450CGS","453CGS","2"
"WV","West Virginia","1993","OW","The Tax Burden on Tobacco","Cigarette Sales","Average Cost per pack","1,501","$","Dollars","    (38.665510202, -80.712640135)","Table 13- Orzechowski and Walker, Tax Burden on Tobacco","POL","450POL","450CGS","455CGS","1"
"WI","Wisconsin","1993","OW","The Tax Burden on Tobacco","Cigarette Sales","Average Cost per pack","1,786","$","Dollars","    (44.393191174, -89.816370742)","Table 13- Orzechowski and Walker, Tax Burden on Tobacco","POL","450POL","450CGS","455CGS","1"
"WI","Wisconsin","1993","OW","The Tax Burden on Tobacco","Cigarette Sales","Cigarette Consumption (Pack Sales Per Capita)","91,2",,"Pack","    (44.393191174, -89.816370742)","Table 11- Orzechowski and Walker, Tax Burden on Tobacco","POL","450POL","450CGS","453CGS","2"
"WY","Wyoming","1993","OW","The Tax Burden on Tobacco","Cigarette Sales","Average Cost per pack","1,474","$","Dollars","    (43.235541343, -108.109830353)","Table 13- Orzechowski and Walker, Tax Burden on Tobacco","POL","450POL","450CGS","455CGS","1"
"WY","Wyoming","1993","OW","The Tax Burden on Tobacco","Cigarette Sales","Cigarette Consumption (Pack Sales Per Capita)","108,4",,"Pack","    (43.235541343, -108.109830353)","Table 11- Orzechowski and Walker, Tax Burden on Tobacco","POL","450POL","450CGS","453CGS","2"
"AL","Alabama","1992","OW","The Tax Burden on Tobacco","Cigarette Sales","Average Cost per pack","1,762","$","Dollars","    (32.840571122, -86.631860762)","Table 13- Orzechowski and Walker, Tax Burden on Tobacco","POL","450POL","450CGS","455CGS","1"
"AL","Alabama","1992","OW","The Tax Burden on Tobacco","Cigarette Sales","Cigarette Consumption (Pack Sales Per Capita)","109,1",,"Pack","    (32.840571122, -86.631860762)","Table 11- Orzechowski and Walker, Tax Burden on Tobacco","POL","450POL","450CGS","453CGS","2"
"AK","Alaska","1992","OW","The Tax Burden on Tobacco","Cigarette Sales","Cigarette Consumption (Pack Sales Per Capita)","98,5",,"Pack","    (64.845079957001, -147.722059036)","Table 11- Orzechowski and Walker, Tax Burden on Tobacco","POL","450POL","450CGS","453CGS","2"
"AK","Alaska","1992","OW","The Tax Burden on Tobacco","Cigarette Sales","Average Cost per pack","2,191","$","Dollars","    (64.845079957001, -147.722059036)","Table 13- Orzechowski and Walker, Tax Burden on Tobacco","POL","450POL","450CGS","455CGS","1"
"AZ","Arizona","1992","OW","The Tax Burden on Tobacco","Cigarette Sales","Average Cost per pack","1,836","$","Dollars","    (34.86597028, -111.763811277)","Table 13- Orzechowski and Walker, Tax Burden on Tobacco","POL","450POL","450CGS","455CGS","1"
"AZ","Arizona","1992","OW","The Tax Burden on Tobacco","Cigarette Sales","Cigarette Consumption (Pack Sales Per Capita)","79",,"Pack","    (34.86597028, -111.763811277)","Table 11- Orzechowski and Walker, Tax Burden on Tobacco","POL","450POL","450CGS","453CGS","2"
"AR","Arkansas","1992","OW","The Tax Burden on Tobacco","Cigarette Sales","Average Cost per pack","1,799","$","Dollars","    (34.748650124, -92.274490743)","Table 13- Orzechowski and Walker, Tax Burden on Tobacco","POL","450POL","450CGS","455CGS","1"
"AR","Arkansas","1992","OW","The Tax Burden on Tobacco","Cigarette Sales","Cigarette Consumption (Pack Sales Per Capita)","126",,"Pack","    (34.748650124, -92.274490743)","Table 11- Orzechowski and Walker, Tax Burden on Tobacco","POL","450POL","450CGS","453CGS","2"
"CA","California","1992","OW","The Tax Burden on Tobacco","Cigarette Sales","Average Cost per pack","2,051","$","Dollars","    (37.638640123, -120.999999538)","Table 13- Orzechowski and Walker, Tax Burden on Tobacco","POL","450POL","450CGS","455CGS","1"
"CA","California","1992","OW","The Tax Burden on Tobacco","Cigarette Sales","Cigarette Consumption (Pack Sales Per Capita)","67,5",,"Pack","    (37.638640123, -120.999999538)","Table 11- Orzechowski and Walker, Tax Burden on Tobacco","POL","450POL","450CGS","453CGS","2"
"CO","Colorado","1992","OW","The Tax Burden on Tobacco","Cigarette Sales","Average Cost per pack","1,682","$","Dollars","    (38.843840757, -106.133610921)","Table 13- Orzechowski and Walker, Tax Burden on Tobacco","POL","450POL","450CGS","455CGS","1"
"CO","Colorado","1992","OW","The Tax Burden on Tobacco","Cigarette Sales","Cigarette Consumption (Pack Sales Per Capita)","88,3",,"Pack","    (38.843840757, -106.133610921)","Table 11- Orzechowski and Walker, Tax Burden on Tobacco","POL","450POL","450CGS","453CGS","2"
"CT","Connecticut","1992","OW","The Tax Burden on Tobacco","Cigarette Sales","Average Cost per pack","2,023","$","Dollars","    (41.56266102, -72.649840952)","Table 13- Orzechowski and Walker, Tax Burden on Tobacco","POL","450POL","450CGS","455CGS","1"
"CT","Connecticut","1992","OW","The Tax Burden on Tobacco","Cigarette Sales","Cigarette Consumption (Pack Sales Per Capita)","83,6",,"Pack","    (41.56266102, -72.649840952)","Table 11- Orzechowski and Walker, Tax Burden on Tobacco","POL","450POL","450CGS","453CGS","2"
"DE","Delaware","1992","OW","The Tax Burden on Tobacco","Cigarette Sales","Average Cost per pack","1,879","$","Dollars","    (39.008830667, -75.577741168)","Table 13- Orzechowski and Walker, Tax Burden on Tobacco","POL","450POL","450CGS","455CGS","1"
"DE","Delaware","1992","OW","The Tax Burden on Tobacco","Cigarette Sales","Cigarette Consumption (Pack Sales Per Capita)","120",,"Pack","    (39.008830667, -75.577741168)","Table 11- Orzechowski and Walker, Tax Burden on Tobacco","POL","450POL","450CGS","453CGS","2"
"DC","District of Columbia","1992","OW","The Tax Burden on Tobacco","Cigarette Sales","Average Cost per pack","2,121","$","Dollars","    (38.890371385, -77.031961127)","Table 13- Orzechowski and Walker, Tax Burden on Tobacco","POL","450POL","450CGS","455CGS","1"
"DC","District of Columbia","1992","OW","The Tax Burden on Tobacco","Cigarette Sales","Cigarette Consumption (Pack Sales Per Capita)","82,6",,"Pack","    (38.890371385, -77.031961127)","Table 11- Orzechowski and Walker, Tax Burden on Tobacco","POL","450POL","450CGS","453CGS","2"
"FL","Florida","1992","OW","The Tax Burden on Tobacco","Cigarette Sales","Cigarette Consumption (Pack Sales Per Capita)","95,9",,"Pack","    (28.932040377, -81.928960539)","Table 11- Orzechowski and Walker, Tax Burden on Tobacco","POL","450POL","450CGS","453CGS","2"
"FL","Florida","1992","OW","The Tax Burden on Tobacco","Cigarette Sales","Average Cost per pack","1,937","$","Dollars","    (28.932040377, -81.928960539)","Table 13- Orzechowski and Walker, Tax Burden on Tobacco","POL","450POL","450CGS","455CGS","1"
"GA","Georgia","1992","OW","The Tax Burden on Tobacco","Cigarette Sales","Cigarette Consumption (Pack Sales Per Capita)","109,2",,"Pack","    (32.839681093, -83.627580346)","Table 11- Orzechowski and Walker, Tax Burden on Tobacco","POL","450POL","450CGS","453CGS","2"
"GA","Georgia","1992","OW","The Tax Burden on Tobacco","Cigarette Sales","Average Cost per pack","1,672","$","Dollars","    (32.839681093, -83.627580346)","Table 13- Orzechowski and Walker, Tax Burden on Tobacco","POL","450POL","450CGS","455CGS","1"
"HI","Hawaii","1992","OW","The Tax Burden on Tobacco","Cigarette Sales","Cigarette Consumption (Pack Sales Per Capita)","51,3",,"Pack","    (21.304850435, -157.857749403)","Table 11- Orzechowski and Walker, Tax Burden on Tobacco","POL","450POL","450CGS","453CGS","2"
"HI","Hawaii","1992","OW","The Tax Burden on Tobacco","Cigarette Sales","Average Cost per pack","2,263","$","Dollars","    (21.304850435, -157.857749403)","Table 13- Orzechowski and Walker, Tax Burden on Tobacco","POL","450POL","450CGS","455CGS","1"
"ID","Idaho","1992","OW","The Tax Burden on Tobacco","Cigarette Sales","Average Cost per pack","1,712","$","Dollars","    (43.682630005, -114.363730042)","Table 13- Orzechowski and Walker, Tax Burden on Tobacco","POL","450POL","450CGS","455CGS","1"
"ID","Idaho","1992","OW","The Tax Burden on Tobacco","Cigarette Sales","Cigarette Consumption (Pack Sales Per Capita)","85,1",,"Pack","    (43.682630005, -114.363730042)","Table 11- Orzechowski and Walker, Tax Burden on Tobacco","POL","450POL","450CGS","453CGS","2"
"IL","Illinois","1992","OW","The Tax Burden on Tobacco","Cigarette Sales","Average Cost per pack","1,875","$","Dollars","    (40.485010283, -88.997710178)","Table 13- Orzechowski and Walker, Tax Burden on Tobacco","POL","450POL","450CGS","455CGS","1"
"IL","Illinois","1992","OW","The Tax Burden on Tobacco","Cigarette Sales","Cigarette Consumption (Pack Sales Per Capita)","94,8",,"Pack","    (40.485010283, -88.997710178)","Table 11- Orzechowski and Walker, Tax Burden on Tobacco","POL","450POL","450CGS","453CGS","2"
"IN","Indiana","1992","OW","The Tax Burden on Tobacco","Cigarette Sales","Average Cost per pack","1,575","$","Dollars","    (39.766910452, -86.149960194)","Table 13- Orzechowski and Walker, Tax Burden on Tobacco","POL","450POL","450CGS","455CGS","1"
"IN","Indiana","1992","OW","The Tax Burden on Tobacco","Cigarette Sales","Cigarette Consumption (Pack Sales Per Capita)","128,2",,"Pack","    (39.766910452, -86.149960194)","Table 11- Orzechowski and Walker, Tax Burden on Tobacco","POL","450POL","450CGS","453CGS","2"
"IA","Iowa","1992","OW","The Tax Burden on Tobacco","Cigarette Sales","Cigarette Consumption (Pack Sales Per Capita)","95,2",,"Pack","    (42.469400913, -93.816490556)","Table 11- Orzechowski and Walker, Tax Burden on Tobacco","POL","450POL","450CGS","453CGS","2"
"IA","Iowa","1992","OW","The Tax Burden on Tobacco","Cigarette Sales","Average Cost per pack","1,897","$","Dollars","    (42.469400913, -93.816490556)","Table 13- Orzechowski and Walker, Tax Burden on Tobacco","POL","450POL","450CGS","455CGS","1"
"KS","Kansas","1992","OW","The Tax Burden on Tobacco","Cigarette Sales","Average Cost per pack","1,742","$","Dollars","    (38.3477403, -98.200781227)","Table 13- Orzechowski and Walker, Tax Burden on Tobacco","POL","450POL","450CGS","455CGS","1"
"KS","Kansas","1992","OW","The Tax Burden on Tobacco","Cigarette Sales","Cigarette Consumption (Pack Sales Per Capita)","90",,"Pack","    (38.3477403, -98.200781227)","Table 11- Orzechowski and Walker, Tax Burden on Tobacco","POL","450POL","450CGS","453CGS","2"
"KY","Kentucky","1992","OW","The Tax Burden on Tobacco","Cigarette Sales","Average Cost per pack","1,454","$","Dollars","    (37.645970271, -84.774971048)","Table 13- Orzechowski and Walker, Tax Burden on Tobacco","POL","450POL","450CGS","455CGS","1"
"KY","Kentucky","1992","OW","The Tax Burden on Tobacco","Cigarette Sales","Cigarette Consumption (Pack Sales Per Capita)","167,6",,"Pack","    (37.645970271, -84.774971048)","Table 11- Orzechowski and Walker, Tax Burden on Tobacco","POL","450POL","450CGS","453CGS","2"
"LA","Louisiana","1992","OW","The Tax Burden on Tobacco","Cigarette Sales","Average Cost per pack","1,805","$","Dollars","    (31.312660644, -92.445680071)","Table 13- Orzechowski and Walker, Tax Burden on Tobacco","POL","450POL","450CGS","455CGS","1"
"LA","Louisiana","1992","OW","The Tax Burden on Tobacco","Cigarette Sales","Cigarette Consumption (Pack Sales Per Capita)","108,5",,"Pack","    (31.312660644, -92.445680071)","Table 11- Orzechowski and Walker, Tax Burden on Tobacco","POL","450POL","450CGS","453CGS","2"
"ME","Maine","1992","OW","The Tax Burden on Tobacco","Cigarette Sales","Average Cost per pack","1,926","$","Dollars","    (45.254228894001, -68.985031336)","Table 13- Orzechowski and Walker, Tax Burden on Tobacco","POL","450POL","450CGS","455CGS","1"
"ME","Maine","1992","OW","The Tax Burden on Tobacco","Cigarette Sales","Cigarette Consumption (Pack Sales Per Capita)","114,7",,"Pack","    (45.254228894001, -68.985031336)","Table 11- Orzechowski and Walker, Tax Burden on Tobacco","POL","450POL","450CGS","453CGS","2"
"MD","Maryland","1992","OW","The Tax Burden on Tobacco","Cigarette Sales","Cigarette Consumption (Pack Sales Per Capita)","91,7",,"Pack","    (39.290580964, -76.609260111)","Table 11- Orzechowski and Walker, Tax Burden on Tobacco","POL","450POL","450CGS","453CGS","2"
"MD","Maryland","1992","OW","The Tax Burden on Tobacco","Cigarette Sales","Average Cost per pack","1,937","$","Dollars","    (39.290580964, -76.609260111)","Table 13- Orzechowski and Walker, Tax Burden on Tobacco","POL","450POL","450CGS","455CGS","1"
"MA","Massachusetts","1992","OW","The Tax Burden on Tobacco","Cigarette Sales","Average Cost per pack","1,806","$","Dollars","    (42.27687047, -72.082690675)","Table 13- Orzechowski and Walker, Tax Burden on Tobacco","POL","450POL","450CGS","455CGS","1"
"MA","Massachusetts","1992","OW","The Tax Burden on Tobacco","Cigarette Sales","Cigarette Consumption (Pack Sales Per Capita)","90,5",,"Pack","    (42.27687047, -72.082690675)","Table 11- Orzechowski and Walker, Tax Burden on Tobacco","POL","450POL","450CGS","453CGS","2"
"MI","Michigan","1992","OW","The Tax Burden on Tobacco","Cigarette Sales","Average Cost per pack","1,846","$","Dollars","    (44.661319543001, -84.71439027)","Table 13- Orzechowski and Walker, Tax Burden on Tobacco","POL","450POL","450CGS","455CGS","1"
"MI","Michigan","1992","OW","The Tax Burden on Tobacco","Cigarette Sales","Cigarette Consumption (Pack Sales Per Capita)","107,6",,"Pack","    (44.661319543001, -84.71439027)","Table 11- Orzechowski and Walker, Tax Burden on Tobacco","POL","450POL","450CGS","453CGS","2"
"MN","Minnesota","1992","OW","The Tax Burden on Tobacco","Cigarette Sales","Cigarette Consumption (Pack Sales Per Capita)","83,8",,"Pack","    (46.355648736, -94.794200503)","Table 11- Orzechowski and Walker, Tax Burden on Tobacco","POL","450POL","450CGS","453CGS","2"
"MN","Minnesota","1992","OW","The Tax Burden on Tobacco","Cigarette Sales","Average Cost per pack","2,156","$","Dollars","    (46.355648736, -94.794200503)","Table 13- Orzechowski and Walker, Tax Burden on Tobacco","POL","450POL","450CGS","455CGS","1"
"MS","Mississippi","1992","OW","The Tax Burden on Tobacco","Cigarette Sales","Cigarette Consumption (Pack Sales Per Capita)","103,9",,"Pack","    (32.745510099, -89.538030825)","Table 11- Orzechowski and Walker, Tax Burden on Tobacco","POL","450POL","450CGS","453CGS","2"
"MS","Mississippi","1992","OW","The Tax Burden on Tobacco","Cigarette Sales","Average Cost per pack","1,778","$","Dollars","    (32.745510099, -89.538030825)","Table 13- Orzechowski and Walker, Tax Burden on Tobacco","POL","450POL","450CGS","455CGS","1"
"MO","Missouri","1992","OW","The Tax Burden on Tobacco","Cigarette Sales","Cigarette Consumption (Pack Sales Per Capita)","122,3",,"Pack","    (38.635790776, -92.566300053)","Table 11- Orzechowski and Walker, Tax Burden on Tobacco","POL","450POL","450CGS","453CGS","2"
"MO","Missouri","1992","OW","The Tax Burden on Tobacco","Cigarette Sales","Average Cost per pack","1,576","$","Dollars","    (38.635790776, -92.566300053)","Table 13- Orzechowski and Walker, Tax Burden on Tobacco","POL","450POL","450CGS","455CGS","1"
"MT","Montana","1992","OW","The Tax Burden on Tobacco","Cigarette Sales","Cigarette Consumption (Pack Sales Per Capita)","86,6",,"Pack","    (47.066528972, -109.424420645)","Table 11- Orzechowski and Walker, Tax Burden on Tobacco","POL","450POL","450CGS","453CGS","2"
"MT","Montana","1992","OW","The Tax Burden on Tobacco","Cigarette Sales","Average Cost per pack","1,794","$","Dollars","    (47.066528972, -109.424420645)","Table 13- Orzechowski and Walker, Tax Burden on Tobacco","POL","450POL","450CGS","455CGS","1"
"NE","Nebraska","1992","OW","The Tax Burden on Tobacco","Cigarette Sales","Cigarette Consumption (Pack Sales Per Capita)","90,6",,"Pack","    (41.641040988001, -99.365720623)","Table 11- Orzechowski and Walker, Tax Burden on Tobacco","POL","450POL","450CGS","453CGS","2"
"NE","Nebraska","1992","OW","The Tax Burden on Tobacco","Cigarette Sales","Average Cost per pack","1,772","$","Dollars","    (41.641040988001, -99.365720623)","Table 13- Orzechowski and Walker, Tax Burden on Tobacco","POL","450POL","450CGS","455CGS","1"
"NV","Nevada","1992","OW","The Tax Burden on Tobacco","Cigarette Sales","Average Cost per pack","1,968","$","Dollars","    (39.49324039, -117.071840564)","Table 13- Orzechowski and Walker, Tax Burden on Tobacco","POL","450POL","450CGS","455CGS","1"
"NV","Nevada","1992","OW","The Tax Burden on Tobacco","Cigarette Sales","Cigarette Consumption (Pack Sales Per Capita)","110",,"Pack","    (39.49324039, -117.071840564)","Table 11- Orzechowski and Walker, Tax Burden on Tobacco","POL","450POL","450CGS","453CGS","2"
"NH","New Hampshire","1992","OW","The Tax Burden on Tobacco","Cigarette Sales","Average Cost per pack","1,811","$","Dollars","    (43.655950113, -71.50036092)","Table 13- Orzechowski and Walker, Tax Burden on Tobacco","POL","450POL","450CGS","455CGS","1"
"NH","New Hampshire","1992","OW","The Tax Burden on Tobacco","Cigarette Sales","Cigarette Consumption (Pack Sales Per Capita)","143,7",,"Pack","    (43.655950113, -71.50036092)","Table 11- Orzechowski and Walker, Tax Burden on Tobacco","POL","450POL","450CGS","453CGS","2"
"NJ","New Jersey","1992","OW","The Tax Burden on Tobacco","Cigarette Sales","Cigarette Consumption (Pack Sales Per Capita)","86,6",,"Pack","    (40.130570048, -74.273691288)","Table 11- Orzechowski and Walker, Tax Burden on Tobacco","POL","450POL","450CGS","453CGS","2"
"NJ","New Jersey","1992","OW","The Tax Burden on Tobacco","Cigarette Sales","Average Cost per pack","2,054","$","Dollars","    (40.130570048, -74.273691288)","Table 13- Orzechowski and Walker, Tax Burden on Tobacco","POL","450POL","450CGS","455CGS","1"
"NM","New Mexico","1992","OW","The Tax Burden on Tobacco","Cigarette Sales","Average Cost per pack","1,722","$","Dollars","    (34.520880952, -106.240580985)","Table 13- Orzechowski and Walker, Tax Burden on Tobacco","POL","450POL","450CGS","455CGS","1"
"NM","New Mexico","1992","OW","The Tax Burden on Tobacco","Cigarette Sales","Cigarette Consumption (Pack Sales Per Capita)","71,4",,"Pack","    (34.520880952, -106.240580985)","Table 11- Orzechowski and Walker, Tax Burden on Tobacco","POL","450POL","450CGS","453CGS","2"
"NY","New York","1992","OW","The Tax Burden on Tobacco","Cigarette Sales","Average Cost per pack","2,038","$","Dollars","    (42.827001032, -75.543970427)","Table 13- Orzechowski and Walker, Tax Burden on Tobacco","POL","450POL","450CGS","455CGS","1"
"NY","New York","1992","OW","The Tax Burden on Tobacco","Cigarette Sales","Cigarette Consumption (Pack Sales Per Capita)","82,4",,"Pack","    (42.827001032, -75.543970427)","Table 11- Orzechowski and Walker, Tax Burden on Tobacco","POL","450POL","450CGS","453CGS","2"
"NC","North Carolina","1992","OW","The Tax Burden on Tobacco","Cigarette Sales","Average Cost per pack","1,535","$","Dollars","    (35.466220975, -79.159250463)","Table 13- Orzechowski and Walker, Tax Burden on Tobacco","POL","450POL","450CGS","455CGS","1"
"NC","North Carolina","1992","OW","The Tax Burden on Tobacco","Cigarette Sales","Cigarette Consumption (Pack Sales Per Capita)","128,8",,"Pack","    (35.466220975, -79.159250463)","Table 11- Orzechowski and Walker, Tax Burden on Tobacco","POL","450POL","450CGS","453CGS","2"
"ND","North Dakota","1992","OW","The Tax Burden on Tobacco","Cigarette Sales","Cigarette Consumption (Pack Sales Per Capita)","74,4",,"Pack","    (47.475319779, -100.118421049)","Table 11- Orzechowski and Walker, Tax Burden on Tobacco","POL","450POL","450CGS","453CGS","2"
"ND","North Dakota","1992","OW","The Tax Burden on Tobacco","Cigarette Sales","Average Cost per pack","1,776","$","Dollars","    (47.475319779, -100.118421049)","Table 13- Orzechowski and Walker, Tax Burden on Tobacco","POL","450POL","450CGS","455CGS","1"
"OH","Ohio","1992","OW","The Tax Burden on Tobacco","Cigarette Sales","Cigarette Consumption (Pack Sales Per Capita)","112,3",,"Pack","    (40.060210141, -82.404260056)","Table 11- Orzechowski and Walker, Tax Burden on Tobacco","POL","450POL","450CGS","453CGS","2"
"OH","Ohio","1992","OW","The Tax Burden on Tobacco","Cigarette Sales","Average Cost per pack","1,625","$","Dollars","    (40.060210141, -82.404260056)","Table 13- Orzechowski and Walker, Tax Burden on Tobacco","POL","450POL","450CGS","455CGS","1"
"OK","Oklahoma","1992","OW","The Tax Burden on Tobacco","Cigarette Sales","Cigarette Consumption (Pack Sales Per Capita)","86,3",,"Pack","    (35.472031356, -97.521070214)","Table 11- Orzechowski and Walker, Tax Burden on Tobacco","POL","450POL","450CGS","453CGS","2"
"OK","Oklahoma","1992","OW","The Tax Burden on Tobacco","Cigarette Sales","Average Cost per pack","1,824","$","Dollars","    (35.472031356, -97.521070214)","Table 13- Orzechowski and Walker, Tax Burden on Tobacco","POL","450POL","450CGS","455CGS","1"
"OR","Oregon","1992","OW","The Tax Burden on Tobacco","Cigarette Sales","Cigarette Consumption (Pack Sales Per Capita)","101,6",,"Pack","    (44.567449424, -120.155031326)","Table 11- Orzechowski and Walker, Tax Burden on Tobacco","POL","450POL","450CGS","453CGS","2"
"OR","Oregon","1992","OW","The Tax Burden on Tobacco","Cigarette Sales","Average Cost per pack","1,919","$","Dollars","    (44.567449424, -120.155031326)","Table 13- Orzechowski and Walker, Tax Burden on Tobacco","POL","450POL","450CGS","455CGS","1"
"PA","Pennsylvania","1992","OW","The Tax Burden on Tobacco","Cigarette Sales","Average Cost per pack","1,838","$","Dollars","    (40.793730152, -77.860700294)","Table 13- Orzechowski and Walker, Tax Burden on Tobacco","POL","450POL","450CGS","455CGS","1"
"PA","Pennsylvania","1992","OW","The Tax Burden on Tobacco","Cigarette Sales","Cigarette Consumption (Pack Sales Per Capita)","96,2",,"Pack","    (40.793730152, -77.860700294)","Table 11- Orzechowski and Walker, Tax Burden on Tobacco","POL","450POL","450CGS","453CGS","2"
"RI","Rhode Island","1992","OW","The Tax Burden on Tobacco","Cigarette Sales","Cigarette Consumption (Pack Sales Per Capita)","100,1",,"Pack","    (41.708280193, -71.522470314)","Table 11- Orzechowski and Walker, Tax Burden on Tobacco","POL","450POL","450CGS","453CGS","2"
"RI","Rhode Island","1992","OW","The Tax Burden on Tobacco","Cigarette Sales","Average Cost per pack","1,979","$","Dollars","    (41.708280193, -71.522470314)","Table 13- Orzechowski and Walker, Tax Burden on Tobacco","POL","450POL","450CGS","455CGS","1"
"SC","South Carolina","1992","OW","The Tax Burden on Tobacco","Cigarette Sales","Average Cost per pack","1,645","$","Dollars","    (33.998821303, -81.045371207)","Table 13- Orzechowski and Walker, Tax Burden on Tobacco","POL","450POL","450CGS","455CGS","1"
"SC","South Carolina","1992","OW","The Tax Burden on Tobacco","Cigarette Sales","Cigarette Consumption (Pack Sales Per Capita)","112,9",,"Pack","    (33.998821303, -81.045371207)","Table 11- Orzechowski and Walker, Tax Burden on Tobacco","POL","450POL","450CGS","453CGS","2"
"SD","South Dakota","1992","OW","The Tax Burden on Tobacco","Cigarette Sales","Average Cost per pack","1,803","$","Dollars","    (44.353130053, -100.373530637)","Table 13- Orzechowski and Walker, Tax Burden on Tobacco","POL","450POL","450CGS","455CGS","1"
"SD","South Dakota","1992","OW","The Tax Burden on Tobacco","Cigarette Sales","Cigarette Consumption (Pack Sales Per Capita)","93",,"Pack","    (44.353130053, -100.373530637)","Table 11- Orzechowski and Walker, Tax Burden on Tobacco","POL","450POL","450CGS","453CGS","2"
"TN","Tennessee","1992","OW","The Tax Burden on Tobacco","Cigarette Sales","Average Cost per pack","1,702","$","Dollars","    (35.68094058, -85.774490914)","Table 13- Orzechowski and Walker, Tax Burden on Tobacco","POL","450POL","450CGS","455CGS","1"
"TN","Tennessee","1992","OW","The Tax Burden on Tobacco","Cigarette Sales","Cigarette Consumption (Pack Sales Per Capita)","121",,"Pack","    (35.68094058, -85.774490914)","Table 11- Orzechowski and Walker, Tax Burden on Tobacco","POL","450POL","450CGS","453CGS","2"
"TX","Texas","1992","OW","The Tax Burden on Tobacco","Cigarette Sales","Cigarette Consumption (Pack Sales Per Capita)","77,2",,"Pack","    (31.827240407, -99.426770206)","Table 11- Orzechowski and Walker, Tax Burden on Tobacco","POL","450POL","450CGS","453CGS","2"
"TX","Texas","1992","OW","The Tax Burden on Tobacco","Cigarette Sales","Average Cost per pack","2,046","$","Dollars","    (31.827240407, -99.426770206)","Table 13- Orzechowski and Walker, Tax Burden on Tobacco","POL","450POL","450CGS","455CGS","1"
"UT","Utah","1992","OW","The Tax Burden on Tobacco","Cigarette Sales","Cigarette Consumption (Pack Sales Per Capita)","55",,"Pack","    (39.360700171, -111.587130635)","Table 11- Orzechowski and Walker, Tax Burden on Tobacco","POL","450POL","450CGS","453CGS","2"
"UT","Utah","1992","OW","The Tax Burden on Tobacco","Cigarette Sales","Average Cost per pack","1,801","$","Dollars","    (39.360700171, -111.587130635)","Table 13- Orzechowski and Walker, Tax Burden on Tobacco","POL","450POL","450CGS","455CGS","1"
"VT","Vermont","1992","OW","The Tax Burden on Tobacco","Cigarette Sales","Average Cost per pack","1,738","$","Dollars","    (43.625381239, -72.517640791)","Table 13- Orzechowski and Walker, Tax Burden on Tobacco","POL","450POL","450CGS","455CGS","1"
"VT","Vermont","1992","OW","The Tax Burden on Tobacco","Cigarette Sales","Cigarette Consumption (Pack Sales Per Capita)","126,5",,"Pack","    (43.625381239, -72.517640791)","Table 11- Orzechowski and Walker, Tax Burden on Tobacco","POL","450POL","450CGS","453CGS","2"
"VA","Virginia","1992","OW","The Tax Burden on Tobacco","Cigarette Sales","Cigarette Consumption (Pack Sales Per Capita)","108,2",,"Pack","    (37.542680674, -78.457890463)","Table 11- Orzechowski and Walker, Tax Burden on Tobacco","POL","450POL","450CGS","453CGS","2"
"VA","Virginia","1992","OW","The Tax Burden on Tobacco","Cigarette Sales","Average Cost per pack","1,657","$","Dollars","    (37.542680674, -78.457890463)","Table 13- Orzechowski and Walker, Tax Burden on Tobacco","POL","450POL","450CGS","455CGS","1"
"WA","Washington","1992","OW","The Tax Burden on Tobacco","Cigarette Sales","Cigarette Consumption (Pack Sales Per Capita)","81,1",,"Pack","    (47.522278629, -120.47001079)","Table 11- Orzechowski and Walker, Tax Burden on Tobacco","POL","450POL","450CGS","453CGS","2"
"WA","Washington","1992","OW","The Tax Burden on Tobacco","Cigarette Sales","Average Cost per pack","2,023","$","Dollars","    (47.522278629, -120.47001079)","Table 13- Orzechowski and Walker, Tax Burden on Tobacco","POL","450POL","450CGS","455CGS","1"
"WV","West Virginia","1992","OW","The Tax Burden on Tobacco","Cigarette Sales","Cigarette Consumption (Pack Sales Per Capita)","98",,"Pack","    (38.665510202, -80.712640135)","Table 11- Orzechowski and Walker, Tax Burden on Tobacco","POL","450POL","450CGS","453CGS","2"
"WV","West Virginia","1992","OW","The Tax Burden on Tobacco","Cigarette Sales","Average Cost per pack","1,662","$","Dollars","    (38.665510202, -80.712640135)","Table 13- Orzechowski and Walker, Tax Burden on Tobacco","POL","450POL","450CGS","455CGS","1"
"WI","Wisconsin","1992","OW","The Tax Burden on Tobacco","Cigarette Sales","Cigarette Consumption (Pack Sales Per Capita)","96,2",,"Pack","    (44.393191174, -89.816370742)","Table 11- Orzechowski and Walker, Tax Burden on Tobacco","POL","450POL","450CGS","453CGS","2"
"WI","Wisconsin","1992","OW","The Tax Burden on Tobacco","Cigarette Sales","Average Cost per pack","1,955","$","Dollars","    (44.393191174, -89.816370742)","Table 13- Orzechowski and Walker, Tax Burden on Tobacco","POL","450POL","450CGS","455CGS","1"
"WY","Wyoming","1992","OW","The Tax Burden on Tobacco","Cigarette Sales","Cigarette Consumption (Pack Sales Per Capita)","110,8",,"Pack","    (43.235541343, -108.109830353)","Table 11- Orzechowski and Walker, Tax Burden on Tobacco","POL","450POL","450CGS","453CGS","2"
"WY","Wyoming","1992","OW","The Tax Burden on Tobacco","Cigarette Sales","Average Cost per pack","1,669","$","Dollars","    (43.235541343, -108.109830353)","Table 13- Orzechowski and Walker, Tax Burden on Tobacco","POL","450POL","450CGS","455CGS","1"
"AL","Alabama","1991","OW","The Tax Burden on Tobacco","Cigarette Sales","Average Cost per pack","1,722","$","Dollars","    (32.840571122, -86.631860762)","Table 13- Orzechowski and Walker, Tax Burden on Tobacco","POL","450POL","450CGS","455CGS","1"
"AL","Alabama","1991","OW","The Tax Burden on Tobacco","Cigarette Sales","Cigarette Consumption (Pack Sales Per Capita)","107,9",,"Pack","    (32.840571122, -86.631860762)","Table 11- Orzechowski and Walker, Tax Burden on Tobacco","POL","450POL","450CGS","453CGS","2"
"AK","Alaska","1991","OW","The Tax Burden on Tobacco","Cigarette Sales","Average Cost per pack","2,073","$","Dollars","    (64.845079957001, -147.722059036)","Table 13- Orzechowski and Walker, Tax Burden on Tobacco","POL","450POL","450CGS","455CGS","1"
"AK","Alaska","1991","OW","The Tax Burden on Tobacco","Cigarette Sales","Cigarette Consumption (Pack Sales Per Capita)","101,8",,"Pack","    (64.845079957001, -147.722059036)","Table 11- Orzechowski and Walker, Tax Burden on Tobacco","POL","450POL","450CGS","453CGS","2"
"AZ","Arizona","1991","OW","The Tax Burden on Tobacco","Cigarette Sales","Average Cost per pack","1,657","$","Dollars","    (34.86597028, -111.763811277)","Table 13- Orzechowski and Walker, Tax Burden on Tobacco","POL","450POL","450CGS","455CGS","1"
"AZ","Arizona","1991","OW","The Tax Burden on Tobacco","Cigarette Sales","Cigarette Consumption (Pack Sales Per Capita)","81,2",,"Pack","    (34.86597028, -111.763811277)","Table 11- Orzechowski and Walker, Tax Burden on Tobacco","POL","450POL","450CGS","453CGS","2"
"AR","Arkansas","1991","OW","The Tax Burden on Tobacco","Cigarette Sales","Cigarette Consumption (Pack Sales Per Capita)","116,8",,"Pack","    (34.748650124, -92.274490743)","Table 11- Orzechowski and Walker, Tax Burden on Tobacco","POL","450POL","450CGS","453CGS","2"
"AR","Arkansas","1991","OW","The Tax Burden on Tobacco","Cigarette Sales","Average Cost per pack","1,773","$","Dollars","    (34.748650124, -92.274490743)","Table 13- Orzechowski and Walker, Tax Burden on Tobacco","POL","450POL","450CGS","455CGS","1"
"CA","California","1991","OW","The Tax Burden on Tobacco","Cigarette Sales","Average Cost per pack","2,019","$","Dollars","    (37.638640123, -120.999999538)","Table 13- Orzechowski and Walker, Tax Burden on Tobacco","POL","450POL","450CGS","455CGS","1"
"CA","California","1991","OW","The Tax Burden on Tobacco","Cigarette Sales","Cigarette Consumption (Pack Sales Per Capita)","68,7",,"Pack","    (37.638640123, -120.999999538)","Table 11- Orzechowski and Walker, Tax Burden on Tobacco","POL","450POL","450CGS","453CGS","2"
"CO","Colorado","1991","OW","The Tax Burden on Tobacco","Cigarette Sales","Cigarette Consumption (Pack Sales Per Capita)","90,2",,"Pack","    (38.843840757, -106.133610921)","Table 11- Orzechowski and Walker, Tax Burden on Tobacco","POL","450POL","450CGS","453CGS","2"
"CO","Colorado","1991","OW","The Tax Burden on Tobacco","Cigarette Sales","Average Cost per pack","1,575","$","Dollars","    (38.843840757, -106.133610921)","Table 13- Orzechowski and Walker, Tax Burden on Tobacco","POL","450POL","450CGS","455CGS","1"
"CT","Connecticut","1991","OW","The Tax Burden on Tobacco","Cigarette Sales","Average Cost per pack","1,935","$","Dollars","    (41.56266102, -72.649840952)","Table 13- Orzechowski and Walker, Tax Burden on Tobacco","POL","450POL","450CGS","455CGS","1"
"CT","Connecticut","1991","OW","The Tax Burden on Tobacco","Cigarette Sales","Cigarette Consumption (Pack Sales Per Capita)","86,7",,"Pack","    (41.56266102, -72.649840952)","Table 11- Orzechowski and Walker, Tax Burden on Tobacco","POL","450POL","450CGS","453CGS","2"
"DE","Delaware","1991","OW","The Tax Burden on Tobacco","Cigarette Sales","Cigarette Consumption (Pack Sales Per Capita)","118,8",,"Pack","    (39.008830667, -75.577741168)","Table 11- Orzechowski and Walker, Tax Burden on Tobacco","POL","450POL","450CGS","453CGS","2"
"DE","Delaware","1991","OW","The Tax Burden on Tobacco","Cigarette Sales","Average Cost per pack","1,747","$","Dollars","    (39.008830667, -75.577741168)","Table 13- Orzechowski and Walker, Tax Burden on Tobacco","POL","450POL","450CGS","455CGS","1"
"DC","District of Columbia","1991","OW","The Tax Burden on Tobacco","Cigarette Sales","Average Cost per pack","1,874","$","Dollars","    (38.890371385, -77.031961127)","Table 13- Orzechowski and Walker, Tax Burden on Tobacco","POL","450POL","450CGS","455CGS","1"
"DC","District of Columbia","1991","OW","The Tax Burden on Tobacco","Cigarette Sales","Cigarette Consumption (Pack Sales Per Capita)","82,2",,"Pack","    (38.890371385, -77.031961127)","Table 11- Orzechowski and Walker, Tax Burden on Tobacco","POL","450POL","450CGS","453CGS","2"
"FL","Florida","1991","OW","The Tax Burden on Tobacco","Cigarette Sales","Average Cost per pack","1,87","$","Dollars","    (28.932040377, -81.928960539)","Table 13- Orzechowski and Walker, Tax Burden on Tobacco","POL","450POL","450CGS","455CGS","1"
"FL","Florida","1991","OW","The Tax Burden on Tobacco","Cigarette Sales","Cigarette Consumption (Pack Sales Per Capita)","98,2",,"Pack","    (28.932040377, -81.928960539)","Table 11- Orzechowski and Walker, Tax Burden on Tobacco","POL","450POL","450CGS","453CGS","2"
"GA","Georgia","1991","OW","The Tax Burden on Tobacco","Cigarette Sales","Average Cost per pack","1,595","$","Dollars","    (32.839681093, -83.627580346)","Table 13- Orzechowski and Walker, Tax Burden on Tobacco","POL","450POL","450CGS","455CGS","1"
"GA","Georgia","1991","OW","The Tax Burden on Tobacco","Cigarette Sales","Cigarette Consumption (Pack Sales Per Capita)","109,6",,"Pack","    (32.839681093, -83.627580346)","Table 11- Orzechowski and Walker, Tax Burden on Tobacco","POL","450POL","450CGS","453CGS","2"
"HI","Hawaii","1991","OW","The Tax Burden on Tobacco","Cigarette Sales","Average Cost per pack","2,049","$","Dollars","    (21.304850435, -157.857749403)","Table 13- Orzechowski and Walker, Tax Burden on Tobacco","POL","450POL","450CGS","455CGS","1"
"HI","Hawaii","1991","OW","The Tax Burden on Tobacco","Cigarette Sales","Cigarette Consumption (Pack Sales Per Capita)","54,7",,"Pack","    (21.304850435, -157.857749403)","Table 11- Orzechowski and Walker, Tax Burden on Tobacco","POL","450POL","450CGS","453CGS","2"
"ID","Idaho","1991","OW","The Tax Burden on Tobacco","Cigarette Sales","Cigarette Consumption (Pack Sales Per Capita)","85,4",,"Pack","    (43.682630005, -114.363730042)","Table 11- Orzechowski and Walker, Tax Burden on Tobacco","POL","450POL","450CGS","453CGS","2"
"ID","Idaho","1991","OW","The Tax Burden on Tobacco","Cigarette Sales","Average Cost per pack","1,672","$","Dollars","    (43.682630005, -114.363730042)","Table 13- Orzechowski and Walker, Tax Burden on Tobacco","POL","450POL","450CGS","455CGS","1"
"IL","Illinois","1991","OW","The Tax Burden on Tobacco","Cigarette Sales","Average Cost per pack","1,798","$","Dollars","    (40.485010283, -88.997710178)","Table 13- Orzechowski and Walker, Tax Burden on Tobacco","POL","450POL","450CGS","455CGS","1"
"IL","Illinois","1991","OW","The Tax Burden on Tobacco","Cigarette Sales","Cigarette Consumption (Pack Sales Per Capita)","96,1",,"Pack","    (40.485010283, -88.997710178)","Table 11- Orzechowski and Walker, Tax Burden on Tobacco","POL","450POL","450CGS","453CGS","2"
"IN","Indiana","1991","OW","The Tax Burden on Tobacco","Cigarette Sales","Cigarette Consumption (Pack Sales Per Capita)","127,2",,"Pack","    (39.766910452, -86.149960194)","Table 11- Orzechowski and Walker, Tax Burden on Tobacco","POL","450POL","450CGS","453CGS","2"
"IN","Indiana","1991","OW","The Tax Burden on Tobacco","Cigarette Sales","Average Cost per pack","1,535","$","Dollars","    (39.766910452, -86.149960194)","Table 13- Orzechowski and Walker, Tax Burden on Tobacco","POL","450POL","450CGS","455CGS","1"
"IA","Iowa","1991","OW","The Tax Burden on Tobacco","Cigarette Sales","Average Cost per pack","1,785","$","Dollars","    (42.469400913, -93.816490556)","Table 13- Orzechowski and Walker, Tax Burden on Tobacco","POL","450POL","450CGS","455CGS","1"
"IA","Iowa","1991","OW","The Tax Burden on Tobacco","Cigarette Sales","Cigarette Consumption (Pack Sales Per Capita)","97,1",,"Pack","    (42.469400913, -93.816490556)","Table 11- Orzechowski and Walker, Tax Burden on Tobacco","POL","450POL","450CGS","453CGS","2"
"KS","Kansas","1991","OW","The Tax Burden on Tobacco","Cigarette Sales","Cigarette Consumption (Pack Sales Per Capita)","91,8",,"Pack","    (38.3477403, -98.200781227)","Table 11- Orzechowski and Walker, Tax Burden on Tobacco","POL","450POL","450CGS","453CGS","2"
"KS","Kansas","1991","OW","The Tax Burden on Tobacco","Cigarette Sales","Average Cost per pack","1,742","$","Dollars","    (38.3477403, -98.200781227)","Table 13- Orzechowski and Walker, Tax Burden on Tobacco","POL","450POL","450CGS","455CGS","1"
"KY","Kentucky","1991","OW","The Tax Burden on Tobacco","Cigarette Sales","Average Cost per pack","1,358","$","Dollars","    (37.645970271, -84.774971048)","Table 13- Orzechowski and Walker, Tax Burden on Tobacco","POL","450POL","450CGS","455CGS","1"
"KY","Kentucky","1991","OW","The Tax Burden on Tobacco","Cigarette Sales","Cigarette Consumption (Pack Sales Per Capita)","170,8",,"Pack","    (37.645970271, -84.774971048)","Table 11- Orzechowski and Walker, Tax Burden on Tobacco","POL","450POL","450CGS","453CGS","2"
"LA","Louisiana","1991","OW","The Tax Burden on Tobacco","Cigarette Sales","Cigarette Consumption (Pack Sales Per Capita)","107,2",,"Pack","    (31.312660644, -92.445680071)","Table 11- Orzechowski and Walker, Tax Burden on Tobacco","POL","450POL","450CGS","453CGS","2"
"LA","Louisiana","1991","OW","The Tax Burden on Tobacco","Cigarette Sales","Average Cost per pack","1,781","$","Dollars","    (31.312660644, -92.445680071)","Table 13- Orzechowski and Walker, Tax Burden on Tobacco","POL","450POL","450CGS","455CGS","1"
"ME","Maine","1991","OW","The Tax Burden on Tobacco","Cigarette Sales","Average Cost per pack","1,877","$","Dollars","    (45.254228894001, -68.985031336)","Table 13- Orzechowski and Walker, Tax Burden on Tobacco","POL","450POL","450CGS","455CGS","1"
"ME","Maine","1991","OW","The Tax Burden on Tobacco","Cigarette Sales","Cigarette Consumption (Pack Sales Per Capita)","116,1",,"Pack","    (45.254228894001, -68.985031336)","Table 11- Orzechowski and Walker, Tax Burden on Tobacco","POL","450POL","450CGS","453CGS","2"
"MD","Maryland","1991","OW","The Tax Burden on Tobacco","Cigarette Sales","Average Cost per pack","1,591","$","Dollars","    (39.290580964, -76.609260111)","Table 13- Orzechowski and Walker, Tax Burden on Tobacco","POL","450POL","450CGS","455CGS","1"
"MD","Maryland","1991","OW","The Tax Burden on Tobacco","Cigarette Sales","Cigarette Consumption (Pack Sales Per Capita)","97,6",,"Pack","    (39.290580964, -76.609260111)","Table 11- Orzechowski and Walker, Tax Burden on Tobacco","POL","450POL","450CGS","453CGS","2"
"MA","Massachusetts","1991","OW","The Tax Burden on Tobacco","Cigarette Sales","Cigarette Consumption (Pack Sales Per Capita)","93,5",,"Pack","    (42.27687047, -72.082690675)","Table 11- Orzechowski and Walker, Tax Burden on Tobacco","POL","450POL","450CGS","453CGS","2"
"MA","Massachusetts","1991","OW","The Tax Burden on Tobacco","Cigarette Sales","Average Cost per pack","1,759","$","Dollars","    (42.27687047, -72.082690675)","Table 13- Orzechowski and Walker, Tax Burden on Tobacco","POL","450POL","450CGS","455CGS","1"
"MI","Michigan","1991","OW","The Tax Burden on Tobacco","Cigarette Sales","Cigarette Consumption (Pack Sales Per Capita)","110,3",,"Pack","    (44.661319543001, -84.71439027)","Table 11- Orzechowski and Walker, Tax Burden on Tobacco","POL","450POL","450CGS","453CGS","2"
"MI","Michigan","1991","OW","The Tax Burden on Tobacco","Cigarette Sales","Average Cost per pack","1,767","$","Dollars","    (44.661319543001, -84.71439027)","Table 13- Orzechowski and Walker, Tax Burden on Tobacco","POL","450POL","450CGS","455CGS","1"
"MN","Minnesota","1991","OW","The Tax Burden on Tobacco","Cigarette Sales","Average Cost per pack","1,977","$","Dollars","    (46.355648736, -94.794200503)","Table 13- Orzechowski and Walker, Tax Burden on Tobacco","POL","450POL","450CGS","455CGS","1"
"MN","Minnesota","1991","OW","The Tax Burden on Tobacco","Cigarette Sales","Cigarette Consumption (Pack Sales Per Capita)","86,2",,"Pack","    (46.355648736, -94.794200503)","Table 11- Orzechowski and Walker, Tax Burden on Tobacco","POL","450POL","450CGS","453CGS","2"
"MS","Mississippi","1991","OW","The Tax Burden on Tobacco","Cigarette Sales","Average Cost per pack","1,608","$","Dollars","    (32.745510099, -89.538030825)","Table 13- Orzechowski and Walker, Tax Burden on Tobacco","POL","450POL","450CGS","455CGS","1"
"MS","Mississippi","1991","OW","The Tax Burden on Tobacco","Cigarette Sales","Cigarette Consumption (Pack Sales Per Capita)","105,6",,"Pack","    (32.745510099, -89.538030825)","Table 11- Orzechowski and Walker, Tax Burden on Tobacco","POL","450POL","450CGS","453CGS","2"
"MO","Missouri","1991","OW","The Tax Burden on Tobacco","Cigarette Sales","Average Cost per pack","1,531","$","Dollars","    (38.635790776, -92.566300053)","Table 13- Orzechowski and Walker, Tax Burden on Tobacco","POL","450POL","450CGS","455CGS","1"
"MO","Missouri","1991","OW","The Tax Burden on Tobacco","Cigarette Sales","Cigarette Consumption (Pack Sales Per Capita)","119,9",,"Pack","    (38.635790776, -92.566300053)","Table 11- Orzechowski and Walker, Tax Burden on Tobacco","POL","450POL","450CGS","453CGS","2"
"MT","Montana","1991","OW","The Tax Burden on Tobacco","Cigarette Sales","Cigarette Consumption (Pack Sales Per Capita)","82,9",,"Pack","    (47.066528972, -109.424420645)","Table 11- Orzechowski and Walker, Tax Burden on Tobacco","POL","450POL","450CGS","453CGS","2"
"MT","Montana","1991","OW","The Tax Burden on Tobacco","Cigarette Sales","Average Cost per pack","1,635","$","Dollars","    (47.066528972, -109.424420645)","Table 13- Orzechowski and Walker, Tax Burden on Tobacco","POL","450POL","450CGS","455CGS","1"
"NE","Nebraska","1991","OW","The Tax Burden on Tobacco","Cigarette Sales","Average Cost per pack","1,695","$","Dollars","    (41.641040988001, -99.365720623)","Table 13- Orzechowski and Walker, Tax Burden on Tobacco","POL","450POL","450CGS","455CGS","1"
"NE","Nebraska","1991","OW","The Tax Burden on Tobacco","Cigarette Sales","Cigarette Consumption (Pack Sales Per Capita)","92,4",,"Pack","    (41.641040988001, -99.365720623)","Table 11- Orzechowski and Walker, Tax Burden on Tobacco","POL","450POL","450CGS","453CGS","2"
"NV","Nevada","1991","OW","The Tax Burden on Tobacco","Cigarette Sales","Average Cost per pack","1,938","$","Dollars","    (39.49324039, -117.071840564)","Table 13- Orzechowski and Walker, Tax Burden on Tobacco","POL","450POL","450CGS","455CGS","1"
"NV","Nevada","1991","OW","The Tax Burden on Tobacco","Cigarette Sales","Cigarette Consumption (Pack Sales Per Capita)","115,5",,"Pack","    (39.49324039, -117.071840564)","Table 11- Orzechowski and Walker, Tax Burden on Tobacco","POL","450POL","450CGS","453CGS","2"
"NH","New Hampshire","1991","OW","The Tax Burden on Tobacco","Cigarette Sales","Average Cost per pack","1,644","$","Dollars","    (43.655950113, -71.50036092)","Table 13- Orzechowski and Walker, Tax Burden on Tobacco","POL","450POL","450CGS","455CGS","1"
"NH","New Hampshire","1991","OW","The Tax Burden on Tobacco","Cigarette Sales","Cigarette Consumption (Pack Sales Per Capita)","144,8",,"Pack","    (43.655950113, -71.50036092)","Table 11- Orzechowski and Walker, Tax Burden on Tobacco","POL","450POL","450CGS","453CGS","2"
"NJ","New Jersey","1991","OW","The Tax Burden on Tobacco","Cigarette Sales","Average Cost per pack","1,911","$","Dollars","    (40.130570048, -74.273691288)","Table 13- Orzechowski and Walker, Tax Burden on Tobacco","POL","450POL","450CGS","455CGS","1"
"NJ","New Jersey","1991","OW","The Tax Burden on Tobacco","Cigarette Sales","Cigarette Consumption (Pack Sales Per Capita)","86,7",,"Pack","    (40.130570048, -74.273691288)","Table 11- Orzechowski and Walker, Tax Burden on Tobacco","POL","450POL","450CGS","453CGS","2"
"NM","New Mexico","1991","OW","The Tax Burden on Tobacco","Cigarette Sales","Cigarette Consumption (Pack Sales Per Capita)","69,9",,"Pack","    (34.520880952, -106.240580985)","Table 11- Orzechowski and Walker, Tax Burden on Tobacco","POL","450POL","450CGS","453CGS","2"
"NM","New Mexico","1991","OW","The Tax Burden on Tobacco","Cigarette Sales","Average Cost per pack","1,654","$","Dollars","    (34.520880952, -106.240580985)","Table 13- Orzechowski and Walker, Tax Burden on Tobacco","POL","450POL","450CGS","455CGS","1"
"NY","New York","1991","OW","The Tax Burden on Tobacco","Cigarette Sales","Cigarette Consumption (Pack Sales Per Capita)","86,4",,"Pack","    (42.827001032, -75.543970427)","Table 11- Orzechowski and Walker, Tax Burden on Tobacco","POL","450POL","450CGS","453CGS","2"
"NY","New York","1991","OW","The Tax Burden on Tobacco","Cigarette Sales","Average Cost per pack","1,985","$","Dollars","    (42.827001032, -75.543970427)","Table 13- Orzechowski and Walker, Tax Burden on Tobacco","POL","450POL","450CGS","455CGS","1"
"NC","North Carolina","1991","OW","The Tax Burden on Tobacco","Cigarette Sales","Average Cost per pack","1,45","$","Dollars","    (35.466220975, -79.159250463)","Table 13- Orzechowski and Walker, Tax Burden on Tobacco","POL","450POL","450CGS","455CGS","1"
"NC","North Carolina","1991","OW","The Tax Burden on Tobacco","Cigarette Sales","Cigarette Consumption (Pack Sales Per Capita)","132,7",,"Pack","    (35.466220975, -79.159250463)","Table 11- Orzechowski and Walker, Tax Burden on Tobacco","POL","450POL","450CGS","453CGS","2"
"ND","North Dakota","1991","OW","The Tax Burden on Tobacco","Cigarette Sales","Average Cost per pack","1,683","$","Dollars","    (47.475319779, -100.118421049)","Table 13- Orzechowski and Walker, Tax Burden on Tobacco","POL","450POL","450CGS","455CGS","1"
"ND","North Dakota","1991","OW","The Tax Burden on Tobacco","Cigarette Sales","Cigarette Consumption (Pack Sales Per Capita)","85,2",,"Pack","    (47.475319779, -100.118421049)","Table 11- Orzechowski and Walker, Tax Burden on Tobacco","POL","450POL","450CGS","453CGS","2"
"OH","Ohio","1991","OW","The Tax Burden on Tobacco","Cigarette Sales","Cigarette Consumption (Pack Sales Per Capita)","113,2",,"Pack","    (40.060210141, -82.404260056)","Table 11- Orzechowski and Walker, Tax Burden on Tobacco","POL","450POL","450CGS","453CGS","2"
"OH","Ohio","1991","OW","The Tax Burden on Tobacco","Cigarette Sales","Average Cost per pack","1,596","$","Dollars","    (40.060210141, -82.404260056)","Table 13- Orzechowski and Walker, Tax Burden on Tobacco","POL","450POL","450CGS","455CGS","1"
"OK","Oklahoma","1991","OW","The Tax Burden on Tobacco","Cigarette Sales","Average Cost per pack","1,706","$","Dollars","    (35.472031356, -97.521070214)","Table 13- Orzechowski and Walker, Tax Burden on Tobacco","POL","450POL","450CGS","455CGS","1"
"OK","Oklahoma","1991","OW","The Tax Burden on Tobacco","Cigarette Sales","Cigarette Consumption (Pack Sales Per Capita)","87,8",,"Pack","    (35.472031356, -97.521070214)","Table 11- Orzechowski and Walker, Tax Burden on Tobacco","POL","450POL","450CGS","453CGS","2"
"OR","Oregon","1991","OW","The Tax Burden on Tobacco","Cigarette Sales","Cigarette Consumption (Pack Sales Per Capita)","100,1",,"Pack","    (44.567449424, -120.155031326)","Table 11- Orzechowski and Walker, Tax Burden on Tobacco","POL","450POL","450CGS","453CGS","2"
"OR","Oregon","1991","OW","The Tax Burden on Tobacco","Cigarette Sales","Average Cost per pack","1,772","$","Dollars","    (44.567449424, -120.155031326)","Table 13- Orzechowski and Walker, Tax Burden on Tobacco","POL","450POL","450CGS","455CGS","1"
"PA","Pennsylvania","1991","OW","The Tax Burden on Tobacco","Cigarette Sales","Cigarette Consumption (Pack Sales Per Capita)","102,5",,"Pack","    (40.793730152, -77.860700294)","Table 11- Orzechowski and Walker, Tax Burden on Tobacco","POL","450POL","450CGS","453CGS","2"
"PA","Pennsylvania","1991","OW","The Tax Burden on Tobacco","Cigarette Sales","Average Cost per pack","1,762","$","Dollars","    (40.793730152, -77.860700294)","Table 13- Orzechowski and Walker, Tax Burden on Tobacco","POL","450POL","450CGS","455CGS","1"
"RI","Rhode Island","1991","OW","The Tax Burden on Tobacco","Cigarette Sales","Cigarette Consumption (Pack Sales Per Capita)","103,6",,"Pack","    (41.708280193, -71.522470314)","Table 11- Orzechowski and Walker, Tax Burden on Tobacco","POL","450POL","450CGS","453CGS","2"
"RI","Rhode Island","1991","OW","The Tax Burden on Tobacco","Cigarette Sales","Average Cost per pack","1,9","$","Dollars","    (41.708280193, -71.522470314)","Table 13- Orzechowski and Walker, Tax Burden on Tobacco","POL","450POL","450CGS","455CGS","1"
"SC","South Carolina","1991","OW","The Tax Burden on Tobacco","Cigarette Sales","Cigarette Consumption (Pack Sales Per Capita)","121,5",,"Pack","    (33.998821303, -81.045371207)","Table 11- Orzechowski and Walker, Tax Burden on Tobacco","POL","450POL","450CGS","453CGS","2"
"SC","South Carolina","1991","OW","The Tax Burden on Tobacco","Cigarette Sales","Average Cost per pack","1,519","$","Dollars","    (33.998821303, -81.045371207)","Table 13- Orzechowski and Walker, Tax Burden on Tobacco","POL","450POL","450CGS","455CGS","1"
"SD","South Dakota","1991","OW","The Tax Burden on Tobacco","Cigarette Sales","Average Cost per pack","1,63","$","Dollars","    (44.353130053, -100.373530637)","Table 13- Orzechowski and Walker, Tax Burden on Tobacco","POL","450POL","450CGS","455CGS","1"
"SD","South Dakota","1991","OW","The Tax Burden on Tobacco","Cigarette Sales","Cigarette Consumption (Pack Sales Per Capita)","91,8",,"Pack","    (44.353130053, -100.373530637)","Table 11- Orzechowski and Walker, Tax Burden on Tobacco","POL","450POL","450CGS","453CGS","2"
"TN","Tennessee","1991","OW","The Tax Burden on Tobacco","Cigarette Sales","Average Cost per pack","1,639","$","Dollars","    (35.68094058, -85.774490914)","Table 13- Orzechowski and Walker, Tax Burden on Tobacco","POL","450POL","450CGS","455CGS","1"
"TN","Tennessee","1991","OW","The Tax Burden on Tobacco","Cigarette Sales","Cigarette Consumption (Pack Sales Per Capita)","120,6",,"Pack","    (35.68094058, -85.774490914)","Table 11- Orzechowski and Walker, Tax Burden on Tobacco","POL","450POL","450CGS","453CGS","2"
"TX","Texas","1991","OW","The Tax Burden on Tobacco","Cigarette Sales","Cigarette Consumption (Pack Sales Per Capita)","79,6",,"Pack","    (31.827240407, -99.426770206)","Table 11- Orzechowski and Walker, Tax Burden on Tobacco","POL","450POL","450CGS","453CGS","2"
"TX","Texas","1991","OW","The Tax Burden on Tobacco","Cigarette Sales","Average Cost per pack","1,86","$","Dollars","    (31.827240407, -99.426770206)","Table 13- Orzechowski and Walker, Tax Burden on Tobacco","POL","450POL","450CGS","455CGS","1"
"UT","Utah","1991","OW","The Tax Burden on Tobacco","Cigarette Sales","Average Cost per pack","1,701","$","Dollars","    (39.360700171, -111.587130635)","Table 13- Orzechowski and Walker, Tax Burden on Tobacco","POL","450POL","450CGS","455CGS","1"
"UT","Utah","1991","OW","The Tax Burden on Tobacco","Cigarette Sales","Cigarette Consumption (Pack Sales Per Capita)","53,5",,"Pack","    (39.360700171, -111.587130635)","Table 11- Orzechowski and Walker, Tax Burden on Tobacco","POL","450POL","450CGS","453CGS","2"
"VT","Vermont","1991","OW","The Tax Burden on Tobacco","Cigarette Sales","Cigarette Consumption (Pack Sales Per Capita)","120,9",,"Pack","    (43.625381239, -72.517640791)","Table 11- Orzechowski and Walker, Tax Burden on Tobacco","POL","450POL","450CGS","453CGS","2"
"VT","Vermont","1991","OW","The Tax Burden on Tobacco","Cigarette Sales","Average Cost per pack","1,68","$","Dollars","    (43.625381239, -72.517640791)","Table 13- Orzechowski and Walker, Tax Burden on Tobacco","POL","450POL","450CGS","455CGS","1"
"VA","Virginia","1991","OW","The Tax Burden on Tobacco","Cigarette Sales","Cigarette Consumption (Pack Sales Per Capita)","109,1",,"Pack","    (37.542680674, -78.457890463)","Table 11- Orzechowski and Walker, Tax Burden on Tobacco","POL","450POL","450CGS","453CGS","2"
"VA","Virginia","1991","OW","The Tax Burden on Tobacco","Cigarette Sales","Average Cost per pack","1,579","$","Dollars","    (37.542680674, -78.457890463)","Table 13- Orzechowski and Walker, Tax Burden on Tobacco","POL","450POL","450CGS","455CGS","1"
"WA","Washington","1991","OW","The Tax Burden on Tobacco","Cigarette Sales","Average Cost per pack","1,992","$","Dollars","    (47.522278629, -120.47001079)","Table 13- Orzechowski and Walker, Tax Burden on Tobacco","POL","450POL","450CGS","455CGS","1"
"WA","Washington","1991","OW","The Tax Burden on Tobacco","Cigarette Sales","Cigarette Consumption (Pack Sales Per Capita)","78,7",,"Pack","    (47.522278629, -120.47001079)","Table 11- Orzechowski and Walker, Tax Burden on Tobacco","POL","450POL","450CGS","453CGS","2"
"WV","West Virginia","1991","OW","The Tax Burden on Tobacco","Cigarette Sales","Cigarette Consumption (Pack Sales Per Capita)","100,1",,"Pack","    (38.665510202, -80.712640135)","Table 11- Orzechowski and Walker, Tax Burden on Tobacco","POL","450POL","450CGS","453CGS","2"
"WV","West Virginia","1991","OW","The Tax Burden on Tobacco","Cigarette Sales","Average Cost per pack","1,582","$","Dollars","    (38.665510202, -80.712640135)","Table 13- Orzechowski and Walker, Tax Burden on Tobacco","POL","450POL","450CGS","455CGS","1"
"WI","Wisconsin","1991","OW","The Tax Burden on Tobacco","Cigarette Sales","Cigarette Consumption (Pack Sales Per Capita)","95,5",,"Pack","    (44.393191174, -89.816370742)","Table 11- Orzechowski and Walker, Tax Burden on Tobacco","POL","450POL","450CGS","453CGS","2"
"WI","Wisconsin","1991","OW","The Tax Burden on Tobacco","Cigarette Sales","Average Cost per pack","1,765","$","Dollars","    (44.393191174, -89.816370742)","Table 13- Orzechowski and Walker, Tax Burden on Tobacco","POL","450POL","450CGS","455CGS","1"
"WY","Wyoming","1991","OW","The Tax Burden on Tobacco","Cigarette Sales","Cigarette Consumption (Pack Sales Per Capita)","109,1",,"Pack","    (43.235541343, -108.109830353)","Table 11- Orzechowski and Walker, Tax Burden on Tobacco","POL","450POL","450CGS","453CGS","2"
"WY","Wyoming","1991","OW","The Tax Burden on Tobacco","Cigarette Sales","Average Cost per pack","1,551","$","Dollars","    (43.235541343, -108.109830353)","Table 13- Orzechowski and Walker, Tax Burden on Tobacco","POL","450POL","450CGS","455CGS","1"
"AL","Alabama","1990","OW","The Tax Burden on Tobacco","Cigarette Sales","Average Cost per pack","1,444","$","Dollars","    (32.840571122, -86.631860762)","Table 13- Orzechowski and Walker, Tax Burden on Tobacco","POL","450POL","450CGS","455CGS","1"
"AL","Alabama","1990","OW","The Tax Burden on Tobacco","Cigarette Sales","Cigarette Consumption (Pack Sales Per Capita)","108,6",,"Pack","    (32.840571122, -86.631860762)","Table 11- Orzechowski and Walker, Tax Burden on Tobacco","POL","450POL","450CGS","453CGS","2"
"AK","Alaska","1990","OW","The Tax Burden on Tobacco","Cigarette Sales","Average Cost per pack","2,017","$","Dollars","    (64.845079957001, -147.722059036)","Table 13- Orzechowski and Walker, Tax Burden on Tobacco","POL","450POL","450CGS","455CGS","1"
"AK","Alaska","1990","OW","The Tax Burden on Tobacco","Cigarette Sales","Cigarette Consumption (Pack Sales Per Capita)","100,2",,"Pack","    (64.845079957001, -147.722059036)","Table 11- Orzechowski and Walker, Tax Burden on Tobacco","POL","450POL","450CGS","453CGS","2"
"AZ","Arizona","1990","OW","The Tax Burden on Tobacco","Cigarette Sales","Average Cost per pack","1,514","$","Dollars","    (34.86597028, -111.763811277)","Table 13- Orzechowski and Walker, Tax Burden on Tobacco","POL","450POL","450CGS","455CGS","1"
"AZ","Arizona","1990","OW","The Tax Burden on Tobacco","Cigarette Sales","Cigarette Consumption (Pack Sales Per Capita)","88,9",,"Pack","    (34.86597028, -111.763811277)","Table 11- Orzechowski and Walker, Tax Burden on Tobacco","POL","450POL","450CGS","453CGS","2"
"AR","Arkansas","1990","OW","The Tax Burden on Tobacco","Cigarette Sales","Average Cost per pack","1,465","$","Dollars","    (34.748650124, -92.274490743)","Table 13- Orzechowski and Walker, Tax Burden on Tobacco","POL","450POL","450CGS","455CGS","1"
"AR","Arkansas","1990","OW","The Tax Burden on Tobacco","Cigarette Sales","Cigarette Consumption (Pack Sales Per Capita)","113,1",,"Pack","    (34.748650124, -92.274490743)","Table 11- Orzechowski and Walker, Tax Burden on Tobacco","POL","450POL","450CGS","453CGS","2"
"CA","California","1990","OW","The Tax Burden on Tobacco","Cigarette Sales","Cigarette Consumption (Pack Sales Per Capita)","77,8",,"Pack","    (37.638640123, -120.999999538)","Table 11- Orzechowski and Walker, Tax Burden on Tobacco","POL","450POL","450CGS","453CGS","2"
"CA","California","1990","OW","The Tax Burden on Tobacco","Cigarette Sales","Average Cost per pack","1,868","$","Dollars","    (37.638640123, -120.999999538)","Table 13- Orzechowski and Walker, Tax Burden on Tobacco","POL","450POL","450CGS","455CGS","1"
"CO","Colorado","1990","OW","The Tax Burden on Tobacco","Cigarette Sales","Average Cost per pack","1,457","$","Dollars","    (38.843840757, -106.133610921)","Table 13- Orzechowski and Walker, Tax Burden on Tobacco","POL","450POL","450CGS","455CGS","1"
"CO","Colorado","1990","OW","The Tax Burden on Tobacco","Cigarette Sales","Cigarette Consumption (Pack Sales Per Capita)","87,4",,"Pack","    (38.843840757, -106.133610921)","Table 11- Orzechowski and Walker, Tax Burden on Tobacco","POL","450POL","450CGS","453CGS","2"
"CT","Connecticut","1990","OW","The Tax Burden on Tobacco","Cigarette Sales","Cigarette Consumption (Pack Sales Per Capita)","91,5",,"Pack","    (41.56266102, -72.649840952)","Table 11- Orzechowski and Walker, Tax Burden on Tobacco","POL","450POL","450CGS","453CGS","2"
"CT","Connecticut","1990","OW","The Tax Burden on Tobacco","Cigarette Sales","Average Cost per pack","1,695","$","Dollars","    (41.56266102, -72.649840952)","Table 13- Orzechowski and Walker, Tax Burden on Tobacco","POL","450POL","450CGS","455CGS","1"
"DE","Delaware","1990","OW","The Tax Burden on Tobacco","Cigarette Sales","Average Cost per pack","1,432","$","Dollars","    (39.008830667, -75.577741168)","Table 13- Orzechowski and Walker, Tax Burden on Tobacco","POL","450POL","450CGS","455CGS","1"
"DE","Delaware","1990","OW","The Tax Burden on Tobacco","Cigarette Sales","Cigarette Consumption (Pack Sales Per Capita)","127,2",,"Pack","    (39.008830667, -75.577741168)","Table 11- Orzechowski and Walker, Tax Burden on Tobacco","POL","450POL","450CGS","453CGS","2"
"DC","District of Columbia","1990","OW","The Tax Burden on Tobacco","Cigarette Sales","Cigarette Consumption (Pack Sales Per Capita)","84,1",,"Pack","    (38.890371385, -77.031961127)","Table 11- Orzechowski and Walker, Tax Burden on Tobacco","POL","450POL","450CGS","453CGS","2"
"DC","District of Columbia","1990","OW","The Tax Burden on Tobacco","Cigarette Sales","Average Cost per pack","1,433","$","Dollars","    (38.890371385, -77.031961127)","Table 13- Orzechowski and Walker, Tax Burden on Tobacco","POL","450POL","450CGS","455CGS","1"
"FL","Florida","1990","OW","The Tax Burden on Tobacco","Cigarette Sales","Cigarette Consumption (Pack Sales Per Capita)","110,1",,"Pack","    (28.932040377, -81.928960539)","Table 11- Orzechowski and Walker, Tax Burden on Tobacco","POL","450POL","450CGS","453CGS","2"
"FL","Florida","1990","OW","The Tax Burden on Tobacco","Cigarette Sales","Average Cost per pack","1,748","$","Dollars","    (28.932040377, -81.928960539)","Table 13- Orzechowski and Walker, Tax Burden on Tobacco","POL","450POL","450CGS","455CGS","1"
"GA","Georgia","1990","OW","The Tax Burden on Tobacco","Cigarette Sales","Cigarette Consumption (Pack Sales Per Capita)","113,8",,"Pack","    (32.839681093, -83.627580346)","Table 11- Orzechowski and Walker, Tax Burden on Tobacco","POL","450POL","450CGS","453CGS","2"
"GA","Georgia","1990","OW","The Tax Burden on Tobacco","Cigarette Sales","Average Cost per pack","1,382","$","Dollars","    (32.839681093, -83.627580346)","Table 13- Orzechowski and Walker, Tax Burden on Tobacco","POL","450POL","450CGS","455CGS","1"
"HI","Hawaii","1990","OW","The Tax Burden on Tobacco","Cigarette Sales","Average Cost per pack","1,635","$","Dollars","    (21.304850435, -157.857749403)","Table 13- Orzechowski and Walker, Tax Burden on Tobacco","POL","450POL","450CGS","455CGS","1"
"HI","Hawaii","1990","OW","The Tax Burden on Tobacco","Cigarette Sales","Cigarette Consumption (Pack Sales Per Capita)","48,9",,"Pack","    (21.304850435, -157.857749403)","Table 11- Orzechowski and Walker, Tax Burden on Tobacco","POL","450POL","450CGS","453CGS","2"
"ID","Idaho","1990","OW","The Tax Burden on Tobacco","Cigarette Sales","Cigarette Consumption (Pack Sales Per Capita)","90,1",,"Pack","    (43.682630005, -114.363730042)","Table 11- Orzechowski and Walker, Tax Burden on Tobacco","POL","450POL","450CGS","453CGS","2"
"ID","Idaho","1990","OW","The Tax Burden on Tobacco","Cigarette Sales","Average Cost per pack","1,444","$","Dollars","    (43.682630005, -114.363730042)","Table 13- Orzechowski and Walker, Tax Burden on Tobacco","POL","450POL","450CGS","455CGS","1"
"IL","Illinois","1990","OW","The Tax Burden on Tobacco","Cigarette Sales","Average Cost per pack","1,54","$","Dollars","    (40.485010283, -88.997710178)","Table 13- Orzechowski and Walker, Tax Burden on Tobacco","POL","450POL","450CGS","455CGS","1"
"IL","Illinois","1990","OW","The Tax Burden on Tobacco","Cigarette Sales","Cigarette Consumption (Pack Sales Per Capita)","94,1",,"Pack","    (40.485010283, -88.997710178)","Table 11- Orzechowski and Walker, Tax Burden on Tobacco","POL","450POL","450CGS","453CGS","2"
"IN","Indiana","1990","OW","The Tax Burden on Tobacco","Cigarette Sales","Cigarette Consumption (Pack Sales Per Capita)","128,3",,"Pack","    (39.766910452, -86.149960194)","Table 11- Orzechowski and Walker, Tax Burden on Tobacco","POL","450POL","450CGS","453CGS","2"
"IN","Indiana","1990","OW","The Tax Burden on Tobacco","Cigarette Sales","Average Cost per pack","1,358","$","Dollars","    (39.766910452, -86.149960194)","Table 13- Orzechowski and Walker, Tax Burden on Tobacco","POL","450POL","450CGS","455CGS","1"
"IA","Iowa","1990","OW","The Tax Burden on Tobacco","Cigarette Sales","Cigarette Consumption (Pack Sales Per Capita)","95,4",,"Pack","    (42.469400913, -93.816490556)","Table 11- Orzechowski and Walker, Tax Burden on Tobacco","POL","450POL","450CGS","453CGS","2"
"IA","Iowa","1990","OW","The Tax Burden on Tobacco","Cigarette Sales","Average Cost per pack","1,554","$","Dollars","    (42.469400913, -93.816490556)","Table 13- Orzechowski and Walker, Tax Burden on Tobacco","POL","450POL","450CGS","455CGS","1"
"KS","Kansas","1990","OW","The Tax Burden on Tobacco","Cigarette Sales","Cigarette Consumption (Pack Sales Per Capita)","94,3",,"Pack","    (38.3477403, -98.200781227)","Table 11- Orzechowski and Walker, Tax Burden on Tobacco","POL","450POL","450CGS","453CGS","2"
"KS","Kansas","1990","OW","The Tax Burden on Tobacco","Cigarette Sales","Average Cost per pack","1,457","$","Dollars","    (38.3477403, -98.200781227)","Table 13- Orzechowski and Walker, Tax Burden on Tobacco","POL","450POL","450CGS","455CGS","1"
"KY","Kentucky","1990","OW","The Tax Burden on Tobacco","Cigarette Sales","Cigarette Consumption (Pack Sales Per Capita)","182,5",,"Pack","    (37.645970271, -84.774971048)","Table 11- Orzechowski and Walker, Tax Burden on Tobacco","POL","450POL","450CGS","453CGS","2"
"KY","Kentucky","1990","OW","The Tax Burden on Tobacco","Cigarette Sales","Average Cost per pack","1,205","$","Dollars","    (37.645970271, -84.774971048)","Table 13- Orzechowski and Walker, Tax Burden on Tobacco","POL","450POL","450CGS","455CGS","1"
"LA","Louisiana","1990","OW","The Tax Burden on Tobacco","Cigarette Sales","Cigarette Consumption (Pack Sales Per Capita)","101,5",,"Pack","    (31.312660644, -92.445680071)","Table 11- Orzechowski and Walker, Tax Burden on Tobacco","POL","450POL","450CGS","453CGS","2"
"LA","Louisiana","1990","OW","The Tax Burden on Tobacco","Cigarette Sales","Average Cost per pack","1,496","$","Dollars","    (31.312660644, -92.445680071)","Table 13- Orzechowski and Walker, Tax Burden on Tobacco","POL","450POL","450CGS","455CGS","1"
"ME","Maine","1990","OW","The Tax Burden on Tobacco","Cigarette Sales","Cigarette Consumption (Pack Sales Per Capita)","117,5",,"Pack","    (45.254228894001, -68.985031336)","Table 11- Orzechowski and Walker, Tax Burden on Tobacco","POL","450POL","450CGS","453CGS","2"
"ME","Maine","1990","OW","The Tax Burden on Tobacco","Cigarette Sales","Average Cost per pack","1,589","$","Dollars","    (45.254228894001, -68.985031336)","Table 13- Orzechowski and Walker, Tax Burden on Tobacco","POL","450POL","450CGS","455CGS","1"
"MD","Maryland","1990","OW","The Tax Burden on Tobacco","Cigarette Sales","Cigarette Consumption (Pack Sales Per Capita)","102,8",,"Pack","    (39.290580964, -76.609260111)","Table 11- Orzechowski and Walker, Tax Burden on Tobacco","POL","450POL","450CGS","453CGS","2"
"MD","Maryland","1990","OW","The Tax Burden on Tobacco","Cigarette Sales","Average Cost per pack","1,416","$","Dollars","    (39.290580964, -76.609260111)","Table 13- Orzechowski and Walker, Tax Burden on Tobacco","POL","450POL","450CGS","455CGS","1"
"MA","Massachusetts","1990","OW","The Tax Burden on Tobacco","Cigarette Sales","Cigarette Consumption (Pack Sales Per Capita)","99,4",,"Pack","    (42.27687047, -72.082690675)","Table 11- Orzechowski and Walker, Tax Burden on Tobacco","POL","450POL","450CGS","453CGS","2"
"MA","Massachusetts","1990","OW","The Tax Burden on Tobacco","Cigarette Sales","Average Cost per pack","1,633","$","Dollars","    (42.27687047, -72.082690675)","Table 13- Orzechowski and Walker, Tax Burden on Tobacco","POL","450POL","450CGS","455CGS","1"
"MI","Michigan","1990","OW","The Tax Burden on Tobacco","Cigarette Sales","Average Cost per pack","1,449","$","Dollars","    (44.661319543001, -84.71439027)","Table 13- Orzechowski and Walker, Tax Burden on Tobacco","POL","450POL","450CGS","455CGS","1"
"MI","Michigan","1990","OW","The Tax Burden on Tobacco","Cigarette Sales","Cigarette Consumption (Pack Sales Per Capita)","114,4",,"Pack","    (44.661319543001, -84.71439027)","Table 11- Orzechowski and Walker, Tax Burden on Tobacco","POL","450POL","450CGS","453CGS","2"
"MN","Minnesota","1990","OW","The Tax Burden on Tobacco","Cigarette Sales","Average Cost per pack","1,739","$","Dollars","    (46.355648736, -94.794200503)","Table 13- Orzechowski and Walker, Tax Burden on Tobacco","POL","450POL","450CGS","455CGS","1"
"MN","Minnesota","1990","OW","The Tax Burden on Tobacco","Cigarette Sales","Cigarette Consumption (Pack Sales Per Capita)","90,7",,"Pack","    (46.355648736, -94.794200503)","Table 11- Orzechowski and Walker, Tax Burden on Tobacco","POL","450POL","450CGS","453CGS","2"
"MS","Mississippi","1990","OW","The Tax Burden on Tobacco","Cigarette Sales","Average Cost per pack","1,427","$","Dollars","    (32.745510099, -89.538030825)","Table 13- Orzechowski and Walker, Tax Burden on Tobacco","POL","450POL","450CGS","455CGS","1"
"MS","Mississippi","1990","OW","The Tax Burden on Tobacco","Cigarette Sales","Cigarette Consumption (Pack Sales Per Capita)","101,8",,"Pack","    (32.745510099, -89.538030825)","Table 11- Orzechowski and Walker, Tax Burden on Tobacco","POL","450POL","450CGS","453CGS","2"
"MO","Missouri","1990","OW","The Tax Burden on Tobacco","Cigarette Sales","Cigarette Consumption (Pack Sales Per Capita)","119,1",,"Pack","    (38.635790776, -92.566300053)","Table 11- Orzechowski and Walker, Tax Burden on Tobacco","POL","450POL","450CGS","453CGS","2"
"MO","Missouri","1990","OW","The Tax Burden on Tobacco","Cigarette Sales","Average Cost per pack","1,325","$","Dollars","    (38.635790776, -92.566300053)","Table 13- Orzechowski and Walker, Tax Burden on Tobacco","POL","450POL","450CGS","455CGS","1"
"MT","Montana","1990","OW","The Tax Burden on Tobacco","Cigarette Sales","Cigarette Consumption (Pack Sales Per Capita)","84,7",,"Pack","    (47.066528972, -109.424420645)","Table 11- Orzechowski and Walker, Tax Burden on Tobacco","POL","450POL","450CGS","453CGS","2"
"MT","Montana","1990","OW","The Tax Burden on Tobacco","Cigarette Sales","Average Cost per pack","1,436","$","Dollars","    (47.066528972, -109.424420645)","Table 13- Orzechowski and Walker, Tax Burden on Tobacco","POL","450POL","450CGS","455CGS","1"
"NE","Nebraska","1990","OW","The Tax Burden on Tobacco","Cigarette Sales","Cigarette Consumption (Pack Sales Per Capita)","89,9",,"Pack","    (41.641040988001, -99.365720623)","Table 11- Orzechowski and Walker, Tax Burden on Tobacco","POL","450POL","450CGS","453CGS","2"
"NE","Nebraska","1990","OW","The Tax Burden on Tobacco","Cigarette Sales","Average Cost per pack","1,522","$","Dollars","    (41.641040988001, -99.365720623)","Table 13- Orzechowski and Walker, Tax Burden on Tobacco","POL","450POL","450CGS","455CGS","1"
"NV","Nevada","1990","OW","The Tax Burden on Tobacco","Cigarette Sales","Average Cost per pack","1,863","$","Dollars","    (39.49324039, -117.071840564)","Table 13- Orzechowski and Walker, Tax Burden on Tobacco","POL","450POL","450CGS","455CGS","1"
"NV","Nevada","1990","OW","The Tax Burden on Tobacco","Cigarette Sales","Cigarette Consumption (Pack Sales Per Capita)","137,3",,"Pack","    (39.49324039, -117.071840564)","Table 11- Orzechowski and Walker, Tax Burden on Tobacco","POL","450POL","450CGS","453CGS","2"
"NH","New Hampshire","1990","OW","The Tax Burden on Tobacco","Cigarette Sales","Cigarette Consumption (Pack Sales Per Capita)","152,4",,"Pack","    (43.655950113, -71.50036092)","Table 11- Orzechowski and Walker, Tax Burden on Tobacco","POL","450POL","450CGS","453CGS","2"
"NH","New Hampshire","1990","OW","The Tax Burden on Tobacco","Cigarette Sales","Average Cost per pack","1,539","$","Dollars","    (43.655950113, -71.50036092)","Table 13- Orzechowski and Walker, Tax Burden on Tobacco","POL","450POL","450CGS","455CGS","1"
"NJ","New Jersey","1990","OW","The Tax Burden on Tobacco","Cigarette Sales","Average Cost per pack","1,804","$","Dollars","    (40.130570048, -74.273691288)","Table 13- Orzechowski and Walker, Tax Burden on Tobacco","POL","450POL","450CGS","455CGS","1"
"NJ","New Jersey","1990","OW","The Tax Burden on Tobacco","Cigarette Sales","Cigarette Consumption (Pack Sales Per Capita)","98,6",,"Pack","    (40.130570048, -74.273691288)","Table 11- Orzechowski and Walker, Tax Burden on Tobacco","POL","450POL","450CGS","453CGS","2"
"NM","New Mexico","1990","OW","The Tax Burden on Tobacco","Cigarette Sales","Cigarette Consumption (Pack Sales Per Capita)","70,8",,"Pack","    (34.520880952, -106.240580985)","Table 11- Orzechowski and Walker, Tax Burden on Tobacco","POL","450POL","450CGS","453CGS","2"
"NM","New Mexico","1990","OW","The Tax Burden on Tobacco","Cigarette Sales","Average Cost per pack","1,469","$","Dollars","    (34.520880952, -106.240580985)","Table 13- Orzechowski and Walker, Tax Burden on Tobacco","POL","450POL","450CGS","455CGS","1"
"NY","New York","1990","OW","The Tax Burden on Tobacco","Cigarette Sales","Cigarette Consumption (Pack Sales Per Capita)","93,7",,"Pack","    (42.827001032, -75.543970427)","Table 11- Orzechowski and Walker, Tax Burden on Tobacco","POL","450POL","450CGS","453CGS","2"
"NY","New York","1990","OW","The Tax Burden on Tobacco","Cigarette Sales","Average Cost per pack","1,804","$","Dollars","    (42.827001032, -75.543970427)","Table 13- Orzechowski and Walker, Tax Burden on Tobacco","POL","450POL","450CGS","455CGS","1"
"NC","North Carolina","1990","OW","The Tax Burden on Tobacco","Cigarette Sales","Cigarette Consumption (Pack Sales Per Capita)","133,7",,"Pack","    (35.466220975, -79.159250463)","Table 11- Orzechowski and Walker, Tax Burden on Tobacco","POL","450POL","450CGS","453CGS","2"
"NC","North Carolina","1990","OW","The Tax Burden on Tobacco","Cigarette Sales","Average Cost per pack","1,266","$","Dollars","    (35.466220975, -79.159250463)","Table 13- Orzechowski and Walker, Tax Burden on Tobacco","POL","450POL","450CGS","455CGS","1"
"ND","North Dakota","1990","OW","The Tax Burden on Tobacco","Cigarette Sales","Cigarette Consumption (Pack Sales Per Capita)","77,1",,"Pack","    (47.475319779, -100.118421049)","Table 11- Orzechowski and Walker, Tax Burden on Tobacco","POL","450POL","450CGS","453CGS","2"
"ND","North Dakota","1990","OW","The Tax Burden on Tobacco","Cigarette Sales","Average Cost per pack","1,598","$","Dollars","    (47.475319779, -100.118421049)","Table 13- Orzechowski and Walker, Tax Burden on Tobacco","POL","450POL","450CGS","455CGS","1"
"OH","Ohio","1990","OW","The Tax Burden on Tobacco","Cigarette Sales","Average Cost per pack","1,398","$","Dollars","    (40.060210141, -82.404260056)","Table 13- Orzechowski and Walker, Tax Burden on Tobacco","POL","450POL","450CGS","455CGS","1"
"OH","Ohio","1990","OW","The Tax Burden on Tobacco","Cigarette Sales","Cigarette Consumption (Pack Sales Per Capita)","115,5",,"Pack","    (40.060210141, -82.404260056)","Table 11- Orzechowski and Walker, Tax Burden on Tobacco","POL","450POL","450CGS","453CGS","2"
"OK","Oklahoma","1990","OW","The Tax Burden on Tobacco","Cigarette Sales","Average Cost per pack","1,491","$","Dollars","    (35.472031356, -97.521070214)","Table 13- Orzechowski and Walker, Tax Burden on Tobacco","POL","450POL","450CGS","455CGS","1"
"OK","Oklahoma","1990","OW","The Tax Burden on Tobacco","Cigarette Sales","Cigarette Consumption (Pack Sales Per Capita)","88,4",,"Pack","    (35.472031356, -97.521070214)","Table 11- Orzechowski and Walker, Tax Burden on Tobacco","POL","450POL","450CGS","453CGS","2"
"OR","Oregon","1990","OW","The Tax Burden on Tobacco","Cigarette Sales","Cigarette Consumption (Pack Sales Per Capita)","102,5",,"Pack","    (44.567449424, -120.155031326)","Table 11- Orzechowski and Walker, Tax Burden on Tobacco","POL","450POL","450CGS","453CGS","2"
"OR","Oregon","1990","OW","The Tax Burden on Tobacco","Cigarette Sales","Average Cost per pack","1,601","$","Dollars","    (44.567449424, -120.155031326)","Table 13- Orzechowski and Walker, Tax Burden on Tobacco","POL","450POL","450CGS","455CGS","1"
"PA","Pennsylvania","1990","OW","The Tax Burden on Tobacco","Cigarette Sales","Average Cost per pack","1,441","$","Dollars","    (40.793730152, -77.860700294)","Table 13- Orzechowski and Walker, Tax Burden on Tobacco","POL","450POL","450CGS","455CGS","1"
"PA","Pennsylvania","1990","OW","The Tax Burden on Tobacco","Cigarette Sales","Cigarette Consumption (Pack Sales Per Capita)","101,3",,"Pack","    (40.793730152, -77.860700294)","Table 11- Orzechowski and Walker, Tax Burden on Tobacco","POL","450POL","450CGS","453CGS","2"
"RI","Rhode Island","1990","OW","The Tax Burden on Tobacco","Cigarette Sales","Cigarette Consumption (Pack Sales Per Capita)","101,4",,"Pack","    (41.708280193, -71.522470314)","Table 11- Orzechowski and Walker, Tax Burden on Tobacco","POL","450POL","450CGS","453CGS","2"
"RI","Rhode Island","1990","OW","The Tax Burden on Tobacco","Cigarette Sales","Average Cost per pack","1,703","$","Dollars","    (41.708280193, -71.522470314)","Table 13- Orzechowski and Walker, Tax Burden on Tobacco","POL","450POL","450CGS","455CGS","1"
"SC","South Carolina","1990","OW","The Tax Burden on Tobacco","Cigarette Sales","Average Cost per pack","1,29","$","Dollars","    (33.998821303, -81.045371207)","Table 13- Orzechowski and Walker, Tax Burden on Tobacco","POL","450POL","450CGS","455CGS","1"
"SC","South Carolina","1990","OW","The Tax Burden on Tobacco","Cigarette Sales","Cigarette Consumption (Pack Sales Per Capita)","118,6",,"Pack","    (33.998821303, -81.045371207)","Table 11- Orzechowski and Walker, Tax Burden on Tobacco","POL","450POL","450CGS","453CGS","2"
"SD","South Dakota","1990","OW","The Tax Burden on Tobacco","Cigarette Sales","Cigarette Consumption (Pack Sales Per Capita)","88,3",,"Pack","    (44.353130053, -100.373530637)","Table 11- Orzechowski and Walker, Tax Burden on Tobacco","POL","450POL","450CGS","453CGS","2"
"SD","South Dakota","1990","OW","The Tax Burden on Tobacco","Cigarette Sales","Average Cost per pack","1,503","$","Dollars","    (44.353130053, -100.373530637)","Table 13- Orzechowski and Walker, Tax Burden on Tobacco","POL","450POL","450CGS","455CGS","1"
"TN","Tennessee","1990","OW","The Tax Burden on Tobacco","Cigarette Sales","Cigarette Consumption (Pack Sales Per Capita)","121,8",,"Pack","    (35.68094058, -85.774490914)","Table 11- Orzechowski and Walker, Tax Burden on Tobacco","POL","450POL","450CGS","453CGS","2"
"TN","Tennessee","1990","OW","The Tax Burden on Tobacco","Cigarette Sales","Average Cost per pack","1,374","$","Dollars","    (35.68094058, -85.774490914)","Table 13- Orzechowski and Walker, Tax Burden on Tobacco","POL","450POL","450CGS","455CGS","1"
"TX","Texas","1990","OW","The Tax Burden on Tobacco","Cigarette Sales","Cigarette Consumption (Pack Sales Per Capita)","85,6",,"Pack","    (31.827240407, -99.426770206)","Table 11- Orzechowski and Walker, Tax Burden on Tobacco","POL","450POL","450CGS","453CGS","2"
"TX","Texas","1990","OW","The Tax Burden on Tobacco","Cigarette Sales","Average Cost per pack","1,736","$","Dollars","    (31.827240407, -99.426770206)","Table 13- Orzechowski and Walker, Tax Burden on Tobacco","POL","450POL","450CGS","455CGS","1"
"UT","Utah","1990","OW","The Tax Burden on Tobacco","Cigarette Sales","Average Cost per pack","1,671","$","Dollars","    (39.360700171, -111.587130635)","Table 13- Orzechowski and Walker, Tax Burden on Tobacco","POL","450POL","450CGS","455CGS","1"
"UT","Utah","1990","OW","The Tax Burden on Tobacco","Cigarette Sales","Cigarette Consumption (Pack Sales Per Capita)","53,4",,"Pack","    (39.360700171, -111.587130635)","Table 11- Orzechowski and Walker, Tax Burden on Tobacco","POL","450POL","450CGS","453CGS","2"
"VT","Vermont","1990","OW","The Tax Burden on Tobacco","Cigarette Sales","Cigarette Consumption (Pack Sales Per Capita)","124,3",,"Pack","    (43.625381239, -72.517640791)","Table 11- Orzechowski and Walker, Tax Burden on Tobacco","POL","450POL","450CGS","453CGS","2"
"VT","Vermont","1990","OW","The Tax Burden on Tobacco","Cigarette Sales","Average Cost per pack","1,501","$","Dollars","    (43.625381239, -72.517640791)","Table 13- Orzechowski and Walker, Tax Burden on Tobacco","POL","450POL","450CGS","455CGS","1"
"VA","Virginia","1990","OW","The Tax Burden on Tobacco","Cigarette Sales","Cigarette Consumption (Pack Sales Per Capita)","118,9",,"Pack","    (37.542680674, -78.457890463)","Table 11- Orzechowski and Walker, Tax Burden on Tobacco","POL","450POL","450CGS","453CGS","2"
"VA","Virginia","1990","OW","The Tax Burden on Tobacco","Cigarette Sales","Average Cost per pack","1,365","$","Dollars","    (37.542680674, -78.457890463)","Table 13- Orzechowski and Walker, Tax Burden on Tobacco","POL","450POL","450CGS","455CGS","1"
"WA","Washington","1990","OW","The Tax Burden on Tobacco","Cigarette Sales","Cigarette Consumption (Pack Sales Per Capita)","83,4",,"Pack","    (47.522278629, -120.47001079)","Table 11- Orzechowski and Walker, Tax Burden on Tobacco","POL","450POL","450CGS","453CGS","2"
"WA","Washington","1990","OW","The Tax Burden on Tobacco","Cigarette Sales","Average Cost per pack","1,774","$","Dollars","    (47.522278629, -120.47001079)","Table 13- Orzechowski and Walker, Tax Burden on Tobacco","POL","450POL","450CGS","455CGS","1"
"WV","West Virginia","1990","OW","The Tax Burden on Tobacco","Cigarette Sales","Cigarette Consumption (Pack Sales Per Capita)","104,1",,"Pack","    (38.665510202, -80.712640135)","Table 11- Orzechowski and Walker, Tax Burden on Tobacco","POL","450POL","450CGS","453CGS","2"
"WV","West Virginia","1990","OW","The Tax Burden on Tobacco","Cigarette Sales","Average Cost per pack","1,441","$","Dollars","    (38.665510202, -80.712640135)","Table 13- Orzechowski and Walker, Tax Burden on Tobacco","POL","450POL","450CGS","455CGS","1"
"WI","Wisconsin","1990","OW","The Tax Burden on Tobacco","Cigarette Sales","Average Cost per pack","1,586","$","Dollars","    (44.393191174, -89.816370742)","Table 13- Orzechowski and Walker, Tax Burden on Tobacco","POL","450POL","450CGS","455CGS","1"
"WI","Wisconsin","1990","OW","The Tax Burden on Tobacco","Cigarette Sales","Cigarette Consumption (Pack Sales Per Capita)","94,1",,"Pack","    (44.393191174, -89.816370742)","Table 11- Orzechowski and Walker, Tax Burden on Tobacco","POL","450POL","450CGS","453CGS","2"
"WY","Wyoming","1990","OW","The Tax Burden on Tobacco","Cigarette Sales","Average Cost per pack","1,27","$","Dollars","    (43.235541343, -108.109830353)","Table 13- Orzechowski and Walker, Tax Burden on Tobacco","POL","450POL","450CGS","455CGS","1"
"WY","Wyoming","1990","OW","The Tax Burden on Tobacco","Cigarette Sales","Cigarette Consumption (Pack Sales Per Capita)","96,9",,"Pack","    (43.235541343, -108.109830353)","Table 11- Orzechowski and Walker, Tax Burden on Tobacco","POL","450POL","450CGS","453CGS","2"
"AL","Alabama","1989","OW","The Tax Burden on Tobacco","Cigarette Sales","Average Cost per pack","1,391","$","Dollars","    (32.840571122, -86.631860762)","Table 13- Orzechowski and Walker, Tax Burden on Tobacco","POL","450POL","450CGS","455CGS","1"
"AL","Alabama","1989","OW","The Tax Burden on Tobacco","Cigarette Sales","Cigarette Consumption (Pack Sales Per Capita)","105,6",,"Pack","    (32.840571122, -86.631860762)","Table 11- Orzechowski and Walker, Tax Burden on Tobacco","POL","450POL","450CGS","453CGS","2"
"AK","Alaska","1989","OW","The Tax Burden on Tobacco","Cigarette Sales","Cigarette Consumption (Pack Sales Per Capita)","94,4",,"Pack","    (64.845079957001, -147.722059036)","Table 11- Orzechowski and Walker, Tax Burden on Tobacco","POL","450POL","450CGS","453CGS","2"
"AK","Alaska","1989","OW","The Tax Burden on Tobacco","Cigarette Sales","Average Cost per pack","1,702","$","Dollars","    (64.845079957001, -147.722059036)","Table 13- Orzechowski and Walker, Tax Burden on Tobacco","POL","450POL","450CGS","455CGS","1"
"AZ","Arizona","1989","OW","The Tax Burden on Tobacco","Cigarette Sales","Average Cost per pack","1,302","$","Dollars","    (34.86597028, -111.763811277)","Table 13- Orzechowski and Walker, Tax Burden on Tobacco","POL","450POL","450CGS","455CGS","1"
"AZ","Arizona","1989","OW","The Tax Burden on Tobacco","Cigarette Sales","Cigarette Consumption (Pack Sales Per Capita)","96,8",,"Pack","    (34.86597028, -111.763811277)","Table 11- Orzechowski and Walker, Tax Burden on Tobacco","POL","450POL","450CGS","453CGS","2"
"AR","Arkansas","1989","OW","The Tax Burden on Tobacco","Cigarette Sales","Cigarette Consumption (Pack Sales Per Capita)","118,3",,"Pack","    (34.748650124, -92.274490743)","Table 11- Orzechowski and Walker, Tax Burden on Tobacco","POL","450POL","450CGS","453CGS","2"
"AR","Arkansas","1989","OW","The Tax Burden on Tobacco","Cigarette Sales","Average Cost per pack","1,412","$","Dollars","    (34.748650124, -92.274490743)","Table 13- Orzechowski and Walker, Tax Burden on Tobacco","POL","450POL","450CGS","455CGS","1"
"CA","California","1989","OW","The Tax Burden on Tobacco","Cigarette Sales","Average Cost per pack","1,638","$","Dollars","    (37.638640123, -120.999999538)","Table 13- Orzechowski and Walker, Tax Burden on Tobacco","POL","450POL","450CGS","455CGS","1"
"CA","California","1989","OW","The Tax Burden on Tobacco","Cigarette Sales","Cigarette Consumption (Pack Sales Per Capita)","82,4",,"Pack","    (37.638640123, -120.999999538)","Table 11- Orzechowski and Walker, Tax Burden on Tobacco","POL","450POL","450CGS","453CGS","2"
"CO","Colorado","1989","OW","The Tax Burden on Tobacco","Cigarette Sales","Average Cost per pack","1,493","$","Dollars","    (38.843840757, -106.133610921)","Table 13- Orzechowski and Walker, Tax Burden on Tobacco","POL","450POL","450CGS","455CGS","1"
"CO","Colorado","1989","OW","The Tax Burden on Tobacco","Cigarette Sales","Cigarette Consumption (Pack Sales Per Capita)","88,8",,"Pack","    (38.843840757, -106.133610921)","Table 11- Orzechowski and Walker, Tax Burden on Tobacco","POL","450POL","450CGS","453CGS","2"
"CT","Connecticut","1989","OW","The Tax Burden on Tobacco","Cigarette Sales","Average Cost per pack","1,712","$","Dollars","    (41.56266102, -72.649840952)","Table 13- Orzechowski and Walker, Tax Burden on Tobacco","POL","450POL","450CGS","455CGS","1"
"CT","Connecticut","1989","OW","The Tax Burden on Tobacco","Cigarette Sales","Cigarette Consumption (Pack Sales Per Capita)","100,6",,"Pack","    (41.56266102, -72.649840952)","Table 11- Orzechowski and Walker, Tax Burden on Tobacco","POL","450POL","450CGS","453CGS","2"
"DE","Delaware","1989","OW","The Tax Burden on Tobacco","Cigarette Sales","Cigarette Consumption (Pack Sales Per Capita)","131,7",,"Pack","    (39.008830667, -75.577741168)","Table 11- Orzechowski and Walker, Tax Burden on Tobacco","POL","450POL","450CGS","453CGS","2"
"DE","Delaware","1989","OW","The Tax Burden on Tobacco","Cigarette Sales","Average Cost per pack","1,4","$","Dollars","    (39.008830667, -75.577741168)","Table 13- Orzechowski and Walker, Tax Burden on Tobacco","POL","450POL","450CGS","455CGS","1"
"DC","District of Columbia","1989","OW","The Tax Burden on Tobacco","Cigarette Sales","Cigarette Consumption (Pack Sales Per Capita)","101,1",,"Pack","    (38.890371385, -77.031961127)","Table 11- Orzechowski and Walker, Tax Burden on Tobacco","POL","450POL","450CGS","453CGS","2"
"DC","District of Columbia","1989","OW","The Tax Burden on Tobacco","Cigarette Sales","Average Cost per pack","1,457","$","Dollars","    (38.890371385, -77.031961127)","Table 13- Orzechowski and Walker, Tax Burden on Tobacco","POL","450POL","450CGS","455CGS","1"
"FL","Florida","1989","OW","The Tax Burden on Tobacco","Cigarette Sales","Average Cost per pack","1,501","$","Dollars","    (28.932040377, -81.928960539)","Table 13- Orzechowski and Walker, Tax Burden on Tobacco","POL","450POL","450CGS","455CGS","1"
"FL","Florida","1989","OW","The Tax Burden on Tobacco","Cigarette Sales","Cigarette Consumption (Pack Sales Per Capita)","113,8",,"Pack","    (28.932040377, -81.928960539)","Table 11- Orzechowski and Walker, Tax Burden on Tobacco","POL","450POL","450CGS","453CGS","2"
"GA","Georgia","1989","OW","The Tax Burden on Tobacco","Cigarette Sales","Cigarette Consumption (Pack Sales Per Capita)","117,1",,"Pack","    (32.839681093, -83.627580346)","Table 11- Orzechowski and Walker, Tax Burden on Tobacco","POL","450POL","450CGS","453CGS","2"
"GA","Georgia","1989","OW","The Tax Burden on Tobacco","Cigarette Sales","Average Cost per pack","1,323","$","Dollars","    (32.839681093, -83.627580346)","Table 13- Orzechowski and Walker, Tax Burden on Tobacco","POL","450POL","450CGS","455CGS","1"
"HI","Hawaii","1989","OW","The Tax Burden on Tobacco","Cigarette Sales","Cigarette Consumption (Pack Sales Per Capita)","57,4",,"Pack","    (21.304850435, -157.857749403)","Table 11- Orzechowski and Walker, Tax Burden on Tobacco","POL","450POL","450CGS","453CGS","2"
"HI","Hawaii","1989","OW","The Tax Burden on Tobacco","Cigarette Sales","Average Cost per pack","1,655","$","Dollars","    (21.304850435, -157.857749403)","Table 13- Orzechowski and Walker, Tax Burden on Tobacco","POL","450POL","450CGS","455CGS","1"
"ID","Idaho","1989","OW","The Tax Burden on Tobacco","Cigarette Sales","Cigarette Consumption (Pack Sales Per Capita)","78,4",,"Pack","    (43.682630005, -114.363730042)","Table 11- Orzechowski and Walker, Tax Burden on Tobacco","POL","450POL","450CGS","453CGS","2"
"ID","Idaho","1989","OW","The Tax Burden on Tobacco","Cigarette Sales","Average Cost per pack","1,413","$","Dollars","    (43.682630005, -114.363730042)","Table 13- Orzechowski and Walker, Tax Burden on Tobacco","POL","450POL","450CGS","455CGS","1"
"IL","Illinois","1989","OW","The Tax Burden on Tobacco","Cigarette Sales","Cigarette Consumption (Pack Sales Per Capita)","104,6",,"Pack","    (40.485010283, -88.997710178)","Table 11- Orzechowski and Walker, Tax Burden on Tobacco","POL","450POL","450CGS","453CGS","2"
"IL","Illinois","1989","OW","The Tax Burden on Tobacco","Cigarette Sales","Average Cost per pack","1,473","$","Dollars","    (40.485010283, -88.997710178)","Table 13- Orzechowski and Walker, Tax Burden on Tobacco","POL","450POL","450CGS","455CGS","1"
"IN","Indiana","1989","OW","The Tax Burden on Tobacco","Cigarette Sales","Cigarette Consumption (Pack Sales Per Capita)","132,5",,"Pack","    (39.766910452, -86.149960194)","Table 11- Orzechowski and Walker, Tax Burden on Tobacco","POL","450POL","450CGS","453CGS","2"
"IN","Indiana","1989","OW","The Tax Burden on Tobacco","Cigarette Sales","Average Cost per pack","1,308","$","Dollars","    (39.766910452, -86.149960194)","Table 13- Orzechowski and Walker, Tax Burden on Tobacco","POL","450POL","450CGS","455CGS","1"
"IA","Iowa","1989","OW","The Tax Burden on Tobacco","Cigarette Sales","Average Cost per pack","1,496","$","Dollars","    (42.469400913, -93.816490556)","Table 13- Orzechowski and Walker, Tax Burden on Tobacco","POL","450POL","450CGS","455CGS","1"
"IA","Iowa","1989","OW","The Tax Burden on Tobacco","Cigarette Sales","Cigarette Consumption (Pack Sales Per Capita)","94,4",,"Pack","    (42.469400913, -93.816490556)","Table 11- Orzechowski and Walker, Tax Burden on Tobacco","POL","450POL","450CGS","453CGS","2"
"KS","Kansas","1989","OW","The Tax Burden on Tobacco","Cigarette Sales","Cigarette Consumption (Pack Sales Per Capita)","96,5",,"Pack","    (38.3477403, -98.200781227)","Table 11- Orzechowski and Walker, Tax Burden on Tobacco","POL","450POL","450CGS","453CGS","2"
"KS","Kansas","1989","OW","The Tax Burden on Tobacco","Cigarette Sales","Average Cost per pack","1,458","$","Dollars","    (38.3477403, -98.200781227)","Table 13- Orzechowski and Walker, Tax Burden on Tobacco","POL","450POL","450CGS","455CGS","1"
"KY","Kentucky","1989","OW","The Tax Burden on Tobacco","Cigarette Sales","Cigarette Consumption (Pack Sales Per Capita)","171,6",,"Pack","    (37.645970271, -84.774971048)","Table 11- Orzechowski and Walker, Tax Burden on Tobacco","POL","450POL","450CGS","453CGS","2"
"KY","Kentucky","1989","OW","The Tax Burden on Tobacco","Cigarette Sales","Average Cost per pack","1,156","$","Dollars","    (37.645970271, -84.774971048)","Table 13- Orzechowski and Walker, Tax Burden on Tobacco","POL","450POL","450CGS","455CGS","1"
"LA","Louisiana","1989","OW","The Tax Burden on Tobacco","Cigarette Sales","Average Cost per pack","1,434","$","Dollars","    (31.312660644, -92.445680071)","Table 13- Orzechowski and Walker, Tax Burden on Tobacco","POL","450POL","450CGS","455CGS","1"
"LA","Louisiana","1989","OW","The Tax Burden on Tobacco","Cigarette Sales","Cigarette Consumption (Pack Sales Per Capita)","103,6",,"Pack","    (31.312660644, -92.445680071)","Table 11- Orzechowski and Walker, Tax Burden on Tobacco","POL","450POL","450CGS","453CGS","2"
"ME","Maine","1989","OW","The Tax Burden on Tobacco","Cigarette Sales","Average Cost per pack","1,601","$","Dollars","    (45.254228894001, -68.985031336)","Table 13- Orzechowski and Walker, Tax Burden on Tobacco","POL","450POL","450CGS","455CGS","1"
"ME","Maine","1989","OW","The Tax Burden on Tobacco","Cigarette Sales","Cigarette Consumption (Pack Sales Per Capita)","122,4",,"Pack","    (45.254228894001, -68.985031336)","Table 11- Orzechowski and Walker, Tax Burden on Tobacco","POL","450POL","450CGS","453CGS","2"
"MD","Maryland","1989","OW","The Tax Burden on Tobacco","Cigarette Sales","Cigarette Consumption (Pack Sales Per Capita)","109",,"Pack","    (39.290580964, -76.609260111)","Table 11- Orzechowski and Walker, Tax Burden on Tobacco","POL","450POL","450CGS","453CGS","2"
"MD","Maryland","1989","OW","The Tax Burden on Tobacco","Cigarette Sales","Average Cost per pack","1,315","$","Dollars","    (39.290580964, -76.609260111)","Table 13- Orzechowski and Walker, Tax Burden on Tobacco","POL","450POL","450CGS","455CGS","1"
"MA","Massachusetts","1989","OW","The Tax Burden on Tobacco","Cigarette Sales","Cigarette Consumption (Pack Sales Per Capita)","104,4",,"Pack","    (42.27687047, -72.082690675)","Table 11- Orzechowski and Walker, Tax Burden on Tobacco","POL","450POL","450CGS","453CGS","2"
"MA","Massachusetts","1989","OW","The Tax Burden on Tobacco","Cigarette Sales","Average Cost per pack","1,524","$","Dollars","    (42.27687047, -72.082690675)","Table 13- Orzechowski and Walker, Tax Burden on Tobacco","POL","450POL","450CGS","455CGS","1"
"MI","Michigan","1989","OW","The Tax Burden on Tobacco","Cigarette Sales","Cigarette Consumption (Pack Sales Per Capita)","116,6",,"Pack","    (44.661319543001, -84.71439027)","Table 11- Orzechowski and Walker, Tax Burden on Tobacco","POL","450POL","450CGS","453CGS","2"
"MI","Michigan","1989","OW","The Tax Burden on Tobacco","Cigarette Sales","Average Cost per pack","1,439","$","Dollars","    (44.661319543001, -84.71439027)","Table 13- Orzechowski and Walker, Tax Burden on Tobacco","POL","450POL","450CGS","455CGS","1"
"MN","Minnesota","1989","OW","The Tax Burden on Tobacco","Cigarette Sales","Cigarette Consumption (Pack Sales Per Capita)","92,3",,"Pack","    (46.355648736, -94.794200503)","Table 11- Orzechowski and Walker, Tax Burden on Tobacco","POL","450POL","450CGS","453CGS","2"
"MN","Minnesota","1989","OW","The Tax Burden on Tobacco","Cigarette Sales","Average Cost per pack","1,623","$","Dollars","    (46.355648736, -94.794200503)","Table 13- Orzechowski and Walker, Tax Burden on Tobacco","POL","450POL","450CGS","455CGS","1"
"MS","Mississippi","1989","OW","The Tax Burden on Tobacco","Cigarette Sales","Average Cost per pack","1,399","$","Dollars","    (32.745510099, -89.538030825)","Table 13- Orzechowski and Walker, Tax Burden on Tobacco","POL","450POL","450CGS","455CGS","1"
"MS","Mississippi","1989","OW","The Tax Burden on Tobacco","Cigarette Sales","Cigarette Consumption (Pack Sales Per Capita)","108,3",,"Pack","    (32.745510099, -89.538030825)","Table 11- Orzechowski and Walker, Tax Burden on Tobacco","POL","450POL","450CGS","453CGS","2"
"MO","Missouri","1989","OW","The Tax Burden on Tobacco","Cigarette Sales","Cigarette Consumption (Pack Sales Per Capita)","122,8",,"Pack","    (38.635790776, -92.566300053)","Table 11- Orzechowski and Walker, Tax Burden on Tobacco","POL","450POL","450CGS","453CGS","2"
"MO","Missouri","1989","OW","The Tax Burden on Tobacco","Cigarette Sales","Average Cost per pack","1,291","$","Dollars","    (38.635790776, -92.566300053)","Table 13- Orzechowski and Walker, Tax Burden on Tobacco","POL","450POL","450CGS","455CGS","1"
"MT","Montana","1989","OW","The Tax Burden on Tobacco","Cigarette Sales","Average Cost per pack","1,404","$","Dollars","    (47.066528972, -109.424420645)","Table 13- Orzechowski and Walker, Tax Burden on Tobacco","POL","450POL","450CGS","455CGS","1"
"MT","Montana","1989","OW","The Tax Burden on Tobacco","Cigarette Sales","Cigarette Consumption (Pack Sales Per Capita)","86,2",,"Pack","    (47.066528972, -109.424420645)","Table 11- Orzechowski and Walker, Tax Burden on Tobacco","POL","450POL","450CGS","453CGS","2"
"NE","Nebraska","1989","OW","The Tax Burden on Tobacco","Cigarette Sales","Cigarette Consumption (Pack Sales Per Capita)","93,8",,"Pack","    (41.641040988001, -99.365720623)","Table 11- Orzechowski and Walker, Tax Burden on Tobacco","POL","450POL","450CGS","453CGS","2"
"NE","Nebraska","1989","OW","The Tax Burden on Tobacco","Cigarette Sales","Average Cost per pack","1,434","$","Dollars","    (41.641040988001, -99.365720623)","Table 13- Orzechowski and Walker, Tax Burden on Tobacco","POL","450POL","450CGS","455CGS","1"
"NV","Nevada","1989","OW","The Tax Burden on Tobacco","Cigarette Sales","Average Cost per pack","1,737","$","Dollars","    (39.49324039, -117.071840564)","Table 13- Orzechowski and Walker, Tax Burden on Tobacco","POL","450POL","450CGS","455CGS","1"
"NV","Nevada","1989","OW","The Tax Burden on Tobacco","Cigarette Sales","Cigarette Consumption (Pack Sales Per Capita)","137,9",,"Pack","    (39.49324039, -117.071840564)","Table 11- Orzechowski and Walker, Tax Burden on Tobacco","POL","450POL","450CGS","453CGS","2"
"NH","New Hampshire","1989","OW","The Tax Burden on Tobacco","Cigarette Sales","Average Cost per pack","1,359","$","Dollars","    (43.655950113, -71.50036092)","Table 13- Orzechowski and Walker, Tax Burden on Tobacco","POL","450POL","450CGS","455CGS","1"
"NH","New Hampshire","1989","OW","The Tax Burden on Tobacco","Cigarette Sales","Cigarette Consumption (Pack Sales Per Capita)","172,9",,"Pack","    (43.655950113, -71.50036092)","Table 11- Orzechowski and Walker, Tax Burden on Tobacco","POL","450POL","450CGS","453CGS","2"
"NJ","New Jersey","1989","OW","The Tax Burden on Tobacco","Cigarette Sales","Average Cost per pack","1,493","$","Dollars","    (40.130570048, -74.273691288)","Table 13- Orzechowski and Walker, Tax Burden on Tobacco","POL","450POL","450CGS","455CGS","1"
"NJ","New Jersey","1989","OW","The Tax Burden on Tobacco","Cigarette Sales","Cigarette Consumption (Pack Sales Per Capita)","103",,"Pack","    (40.130570048, -74.273691288)","Table 11- Orzechowski and Walker, Tax Burden on Tobacco","POL","450POL","450CGS","453CGS","2"
"NM","New Mexico","1989","OW","The Tax Burden on Tobacco","Cigarette Sales","Cigarette Consumption (Pack Sales Per Capita)","74,4",,"Pack","    (34.520880952, -106.240580985)","Table 11- Orzechowski and Walker, Tax Burden on Tobacco","POL","450POL","450CGS","453CGS","2"
"NM","New Mexico","1989","OW","The Tax Burden on Tobacco","Cigarette Sales","Average Cost per pack","1,336","$","Dollars","    (34.520880952, -106.240580985)","Table 13- Orzechowski and Walker, Tax Burden on Tobacco","POL","450POL","450CGS","455CGS","1"
"NY","New York","1989","OW","The Tax Burden on Tobacco","Cigarette Sales","Cigarette Consumption (Pack Sales Per Capita)","100,1",,"Pack","    (42.827001032, -75.543970427)","Table 11- Orzechowski and Walker, Tax Burden on Tobacco","POL","450POL","450CGS","453CGS","2"
"NY","New York","1989","OW","The Tax Burden on Tobacco","Cigarette Sales","Average Cost per pack","1,674","$","Dollars","    (42.827001032, -75.543970427)","Table 13- Orzechowski and Walker, Tax Burden on Tobacco","POL","450POL","450CGS","455CGS","1"
"NC","North Carolina","1989","OW","The Tax Burden on Tobacco","Cigarette Sales","Average Cost per pack","1,164","$","Dollars","    (35.466220975, -79.159250463)","Table 13- Orzechowski and Walker, Tax Burden on Tobacco","POL","450POL","450CGS","455CGS","1"
"NC","North Carolina","1989","OW","The Tax Burden on Tobacco","Cigarette Sales","Cigarette Consumption (Pack Sales Per Capita)","139,3",,"Pack","    (35.466220975, -79.159250463)","Table 11- Orzechowski and Walker, Tax Burden on Tobacco","POL","450POL","450CGS","453CGS","2"
"ND","North Dakota","1989","OW","The Tax Burden on Tobacco","Cigarette Sales","Average Cost per pack","1,443","$","Dollars","    (47.475319779, -100.118421049)","Table 13- Orzechowski and Walker, Tax Burden on Tobacco","POL","450POL","450CGS","455CGS","1"
"ND","North Dakota","1989","OW","The Tax Burden on Tobacco","Cigarette Sales","Cigarette Consumption (Pack Sales Per Capita)","84,1",,"Pack","    (47.475319779, -100.118421049)","Table 11- Orzechowski and Walker, Tax Burden on Tobacco","POL","450POL","450CGS","453CGS","2"
"OH","Ohio","1989","OW","The Tax Burden on Tobacco","Cigarette Sales","Average Cost per pack","1,354","$","Dollars","    (40.060210141, -82.404260056)","Table 13- Orzechowski and Walker, Tax Burden on Tobacco","POL","450POL","450CGS","455CGS","1"
"OH","Ohio","1989","OW","The Tax Burden on Tobacco","Cigarette Sales","Cigarette Consumption (Pack Sales Per Capita)","118,6",,"Pack","    (40.060210141, -82.404260056)","Table 11- Orzechowski and Walker, Tax Burden on Tobacco","POL","450POL","450CGS","453CGS","2"
"OK","Oklahoma","1989","OW","The Tax Burden on Tobacco","Cigarette Sales","Cigarette Consumption (Pack Sales Per Capita)","97,5",,"Pack","    (35.472031356, -97.521070214)","Table 11- Orzechowski and Walker, Tax Burden on Tobacco","POL","450POL","450CGS","453CGS","2"
"OK","Oklahoma","1989","OW","The Tax Burden on Tobacco","Cigarette Sales","Average Cost per pack","1,461","$","Dollars","    (35.472031356, -97.521070214)","Table 13- Orzechowski and Walker, Tax Burden on Tobacco","POL","450POL","450CGS","455CGS","1"
"OR","Oregon","1989","OW","The Tax Burden on Tobacco","Cigarette Sales","Average Cost per pack","1,569","$","Dollars","    (44.567449424, -120.155031326)","Table 13- Orzechowski and Walker, Tax Burden on Tobacco","POL","450POL","450CGS","455CGS","1"
"OR","Oregon","1989","OW","The Tax Burden on Tobacco","Cigarette Sales","Cigarette Consumption (Pack Sales Per Capita)","106,6",,"Pack","    (44.567449424, -120.155031326)","Table 11- Orzechowski and Walker, Tax Burden on Tobacco","POL","450POL","450CGS","453CGS","2"
"PA","Pennsylvania","1989","OW","The Tax Burden on Tobacco","Cigarette Sales","Average Cost per pack","1,337","$","Dollars","    (40.793730152, -77.860700294)","Table 13- Orzechowski and Walker, Tax Burden on Tobacco","POL","450POL","450CGS","455CGS","1"
"PA","Pennsylvania","1989","OW","The Tax Burden on Tobacco","Cigarette Sales","Cigarette Consumption (Pack Sales Per Capita)","107,1",,"Pack","    (40.793730152, -77.860700294)","Table 11- Orzechowski and Walker, Tax Burden on Tobacco","POL","450POL","450CGS","453CGS","2"
"RI","Rhode Island","1989","OW","The Tax Burden on Tobacco","Cigarette Sales","Average Cost per pack","1,509","$","Dollars","    (41.708280193, -71.522470314)","Table 13- Orzechowski and Walker, Tax Burden on Tobacco","POL","450POL","450CGS","455CGS","1"
"RI","Rhode Island","1989","OW","The Tax Burden on Tobacco","Cigarette Sales","Cigarette Consumption (Pack Sales Per Capita)","120,8",,"Pack","    (41.708280193, -71.522470314)","Table 11- Orzechowski and Walker, Tax Burden on Tobacco","POL","450POL","450CGS","453CGS","2"
"SC","South Carolina","1989","OW","The Tax Burden on Tobacco","Cigarette Sales","Average Cost per pack","1,252","$","Dollars","    (33.998821303, -81.045371207)","Table 13- Orzechowski and Walker, Tax Burden on Tobacco","POL","450POL","450CGS","455CGS","1"
"SC","South Carolina","1989","OW","The Tax Burden on Tobacco","Cigarette Sales","Cigarette Consumption (Pack Sales Per Capita)","122,4",,"Pack","    (33.998821303, -81.045371207)","Table 11- Orzechowski and Walker, Tax Burden on Tobacco","POL","450POL","450CGS","453CGS","2"
"SD","South Dakota","1989","OW","The Tax Burden on Tobacco","Cigarette Sales","Cigarette Consumption (Pack Sales Per Capita)","87,4",,"Pack","    (44.353130053, -100.373530637)","Table 11- Orzechowski and Walker, Tax Burden on Tobacco","POL","450POL","450CGS","453CGS","2"
"SD","South Dakota","1989","OW","The Tax Burden on Tobacco","Cigarette Sales","Average Cost per pack","1,389","$","Dollars","    (44.353130053, -100.373530637)","Table 13- Orzechowski and Walker, Tax Burden on Tobacco","POL","450POL","450CGS","455CGS","1"
"TN","Tennessee","1989","OW","The Tax Burden on Tobacco","Cigarette Sales","Cigarette Consumption (Pack Sales Per Capita)","124,7",,"Pack","    (35.68094058, -85.774490914)","Table 11- Orzechowski and Walker, Tax Burden on Tobacco","POL","450POL","450CGS","453CGS","2"
"TN","Tennessee","1989","OW","The Tax Burden on Tobacco","Cigarette Sales","Average Cost per pack","1,35","$","Dollars","    (35.68094058, -85.774490914)","Table 13- Orzechowski and Walker, Tax Burden on Tobacco","POL","450POL","450CGS","455CGS","1"
"TX","Texas","1989","OW","The Tax Burden on Tobacco","Cigarette Sales","Average Cost per pack","1,457","$","Dollars","    (31.827240407, -99.426770206)","Table 13- Orzechowski and Walker, Tax Burden on Tobacco","POL","450POL","450CGS","455CGS","1"
"TX","Texas","1989","OW","The Tax Burden on Tobacco","Cigarette Sales","Cigarette Consumption (Pack Sales Per Capita)","94,5",,"Pack","    (31.827240407, -99.426770206)","Table 11- Orzechowski and Walker, Tax Burden on Tobacco","POL","450POL","450CGS","453CGS","2"
"UT","Utah","1989","OW","The Tax Burden on Tobacco","Cigarette Sales","Average Cost per pack","1,519","$","Dollars","    (39.360700171, -111.587130635)","Table 13- Orzechowski and Walker, Tax Burden on Tobacco","POL","450POL","450CGS","455CGS","1"
"UT","Utah","1989","OW","The Tax Burden on Tobacco","Cigarette Sales","Cigarette Consumption (Pack Sales Per Capita)","57",,"Pack","    (39.360700171, -111.587130635)","Table 11- Orzechowski and Walker, Tax Burden on Tobacco","POL","450POL","450CGS","453CGS","2"
"VT","Vermont","1989","OW","The Tax Burden on Tobacco","Cigarette Sales","Cigarette Consumption (Pack Sales Per Capita)","120,9",,"Pack","    (43.625381239, -72.517640791)","Table 11- Orzechowski and Walker, Tax Burden on Tobacco","POL","450POL","450CGS","453CGS","2"
"VT","Vermont","1989","OW","The Tax Burden on Tobacco","Cigarette Sales","Average Cost per pack","1,437","$","Dollars","    (43.625381239, -72.517640791)","Table 13- Orzechowski and Walker, Tax Burden on Tobacco","POL","450POL","450CGS","455CGS","1"
"VA","Virginia","1989","OW","The Tax Burden on Tobacco","Cigarette Sales","Average Cost per pack","1,286","$","Dollars","    (37.542680674, -78.457890463)","Table 13- Orzechowski and Walker, Tax Burden on Tobacco","POL","450POL","450CGS","455CGS","1"
"VA","Virginia","1989","OW","The Tax Burden on Tobacco","Cigarette Sales","Cigarette Consumption (Pack Sales Per Capita)","122,5",,"Pack","    (37.542680674, -78.457890463)","Table 11- Orzechowski and Walker, Tax Burden on Tobacco","POL","450POL","450CGS","453CGS","2"
"WA","Washington","1989","OW","The Tax Burden on Tobacco","Cigarette Sales","Average Cost per pack","1,675","$","Dollars","    (47.522278629, -120.47001079)","Table 13- Orzechowski and Walker, Tax Burden on Tobacco","POL","450POL","450CGS","455CGS","1"
"WA","Washington","1989","OW","The Tax Burden on Tobacco","Cigarette Sales","Cigarette Consumption (Pack Sales Per Capita)","86,1",,"Pack","    (47.522278629, -120.47001079)","Table 11- Orzechowski and Walker, Tax Burden on Tobacco","POL","450POL","450CGS","453CGS","2"
"WV","West Virginia","1989","OW","The Tax Burden on Tobacco","Cigarette Sales","Average Cost per pack","1,429","$","Dollars","    (38.665510202, -80.712640135)","Table 13- Orzechowski and Walker, Tax Burden on Tobacco","POL","450POL","450CGS","455CGS","1"
"WV","West Virginia","1989","OW","The Tax Burden on Tobacco","Cigarette Sales","Cigarette Consumption (Pack Sales Per Capita)","104",,"Pack","    (38.665510202, -80.712640135)","Table 11- Orzechowski and Walker, Tax Burden on Tobacco","POL","450POL","450CGS","453CGS","2"
"WI","Wisconsin","1989","OW","The Tax Burden on Tobacco","Cigarette Sales","Cigarette Consumption (Pack Sales Per Capita)","100,3",,"Pack","    (44.393191174, -89.816370742)","Table 11- Orzechowski and Walker, Tax Burden on Tobacco","POL","450POL","450CGS","453CGS","2"
"WI","Wisconsin","1989","OW","The Tax Burden on Tobacco","Cigarette Sales","Average Cost per pack","1,511","$","Dollars","    (44.393191174, -89.816370742)","Table 13- Orzechowski and Walker, Tax Burden on Tobacco","POL","450POL","450CGS","455CGS","1"
"WY","Wyoming","1989","OW","The Tax Burden on Tobacco","Cigarette Sales","Average Cost per pack","1,295","$","Dollars","    (43.235541343, -108.109830353)","Table 13- Orzechowski and Walker, Tax Burden on Tobacco","POL","450POL","450CGS","455CGS","1"
"WY","Wyoming","1989","OW","The Tax Burden on Tobacco","Cigarette Sales","Cigarette Consumption (Pack Sales Per Capita)","111,4",,"Pack","    (43.235541343, -108.109830353)","Table 11- Orzechowski and Walker, Tax Burden on Tobacco","POL","450POL","450CGS","453CGS","2"
"AL","Alabama","1988","OW","The Tax Burden on Tobacco","Cigarette Sales","Average Cost per pack","1,223","$","Dollars","    (32.840571122, -86.631860762)","Table 13- Orzechowski and Walker, Tax Burden on Tobacco","POL","450POL","450CGS","455CGS","1"
"AL","Alabama","1988","OW","The Tax Burden on Tobacco","Cigarette Sales","Cigarette Consumption (Pack Sales Per Capita)","112,1",,"Pack","    (32.840571122, -86.631860762)","Table 11- Orzechowski and Walker, Tax Burden on Tobacco","POL","450POL","450CGS","453CGS","2"
"AK","Alaska","1988","OW","The Tax Burden on Tobacco","Cigarette Sales","Cigarette Consumption (Pack Sales Per Capita)","80",,"Pack","    (64.845079957001, -147.722059036)","Table 11- Orzechowski and Walker, Tax Burden on Tobacco","POL","450POL","450CGS","453CGS","2"
"AK","Alaska","1988","OW","The Tax Burden on Tobacco","Cigarette Sales","Average Cost per pack","1,394","$","Dollars","    (64.845079957001, -147.722059036)","Table 13- Orzechowski and Walker, Tax Burden on Tobacco","POL","450POL","450CGS","455CGS","1"
"AZ","Arizona","1988","OW","The Tax Burden on Tobacco","Cigarette Sales","Average Cost per pack","1,256","$","Dollars","    (34.86597028, -111.763811277)","Table 13- Orzechowski and Walker, Tax Burden on Tobacco","POL","450POL","450CGS","455CGS","1"
"AZ","Arizona","1988","OW","The Tax Burden on Tobacco","Cigarette Sales","Cigarette Consumption (Pack Sales Per Capita)","102,2",,"Pack","    (34.86597028, -111.763811277)","Table 11- Orzechowski and Walker, Tax Burden on Tobacco","POL","450POL","450CGS","453CGS","2"
"AR","Arkansas","1988","OW","The Tax Burden on Tobacco","Cigarette Sales","Average Cost per pack","1,277","$","Dollars","    (34.748650124, -92.274490743)","Table 13- Orzechowski and Walker, Tax Burden on Tobacco","POL","450POL","450CGS","455CGS","1"
"AR","Arkansas","1988","OW","The Tax Burden on Tobacco","Cigarette Sales","Cigarette Consumption (Pack Sales Per Capita)","121,5",,"Pack","    (34.748650124, -92.274490743)","Table 11- Orzechowski and Walker, Tax Burden on Tobacco","POL","450POL","450CGS","453CGS","2"
"CA","California","1988","OW","The Tax Burden on Tobacco","Cigarette Sales","Cigarette Consumption (Pack Sales Per Capita)","90,1",,"Pack","    (37.638640123, -120.999999538)","Table 11- Orzechowski and Walker, Tax Burden on Tobacco","POL","450POL","450CGS","453CGS","2"
"CA","California","1988","OW","The Tax Burden on Tobacco","Cigarette Sales","Average Cost per pack","1,264","$","Dollars","    (37.638640123, -120.999999538)","Table 13- Orzechowski and Walker, Tax Burden on Tobacco","POL","450POL","450CGS","455CGS","1"
"CO","Colorado","1988","OW","The Tax Burden on Tobacco","Cigarette Sales","Cigarette Consumption (Pack Sales Per Capita)","94,6",,"Pack","    (38.843840757, -106.133610921)","Table 11- Orzechowski and Walker, Tax Burden on Tobacco","POL","450POL","450CGS","453CGS","2"
"CO","Colorado","1988","OW","The Tax Burden on Tobacco","Cigarette Sales","Average Cost per pack","1,308","$","Dollars","    (38.843840757, -106.133610921)","Table 13- Orzechowski and Walker, Tax Burden on Tobacco","POL","450POL","450CGS","455CGS","1"
"CT","Connecticut","1988","OW","The Tax Burden on Tobacco","Cigarette Sales","Average Cost per pack","1,42","$","Dollars","    (41.56266102, -72.649840952)","Table 13- Orzechowski and Walker, Tax Burden on Tobacco","POL","450POL","450CGS","455CGS","1"
"CT","Connecticut","1988","OW","The Tax Burden on Tobacco","Cigarette Sales","Cigarette Consumption (Pack Sales Per Capita)","104,8",,"Pack","    (41.56266102, -72.649840952)","Table 11- Orzechowski and Walker, Tax Burden on Tobacco","POL","450POL","450CGS","453CGS","2"
"DE","Delaware","1988","OW","The Tax Burden on Tobacco","Cigarette Sales","Average Cost per pack","1,24","$","Dollars","    (39.008830667, -75.577741168)","Table 13- Orzechowski and Walker, Tax Burden on Tobacco","POL","450POL","450CGS","455CGS","1"
"DE","Delaware","1988","OW","The Tax Burden on Tobacco","Cigarette Sales","Cigarette Consumption (Pack Sales Per Capita)","137,1",,"Pack","    (39.008830667, -75.577741168)","Table 11- Orzechowski and Walker, Tax Burden on Tobacco","POL","450POL","450CGS","453CGS","2"
"DC","District of Columbia","1988","OW","The Tax Burden on Tobacco","Cigarette Sales","Average Cost per pack","1,359","$","Dollars","    (38.890371385, -77.031961127)","Table 13- Orzechowski and Walker, Tax Burden on Tobacco","POL","450POL","450CGS","455CGS","1"
"DC","District of Columbia","1988","OW","The Tax Burden on Tobacco","Cigarette Sales","Cigarette Consumption (Pack Sales Per Capita)","105,4",,"Pack","    (38.890371385, -77.031961127)","Table 11- Orzechowski and Walker, Tax Burden on Tobacco","POL","450POL","450CGS","453CGS","2"
"FL","Florida","1988","OW","The Tax Burden on Tobacco","Cigarette Sales","Cigarette Consumption (Pack Sales Per Capita)","119,5",,"Pack","    (28.932040377, -81.928960539)","Table 11- Orzechowski and Walker, Tax Burden on Tobacco","POL","450POL","450CGS","453CGS","2"
"FL","Florida","1988","OW","The Tax Burden on Tobacco","Cigarette Sales","Average Cost per pack","1,398","$","Dollars","    (28.932040377, -81.928960539)","Table 13- Orzechowski and Walker, Tax Burden on Tobacco","POL","450POL","450CGS","455CGS","1"
"GA","Georgia","1988","OW","The Tax Burden on Tobacco","Cigarette Sales","Cigarette Consumption (Pack Sales Per Capita)","124,1",,"Pack","    (32.839681093, -83.627580346)","Table 11- Orzechowski and Walker, Tax Burden on Tobacco","POL","450POL","450CGS","453CGS","2"
"GA","Georgia","1988","OW","The Tax Burden on Tobacco","Cigarette Sales","Average Cost per pack","1,224","$","Dollars","    (32.839681093, -83.627580346)","Table 13- Orzechowski and Walker, Tax Burden on Tobacco","POL","450POL","450CGS","455CGS","1"
"HI","Hawaii","1988","OW","The Tax Burden on Tobacco","Cigarette Sales","Average Cost per pack","1,491","$","Dollars","    (21.304850435, -157.857749403)","Table 13- Orzechowski and Walker, Tax Burden on Tobacco","POL","450POL","450CGS","455CGS","1"
"HI","Hawaii","1988","OW","The Tax Burden on Tobacco","Cigarette Sales","Cigarette Consumption (Pack Sales Per Capita)","55,6",,"Pack","    (21.304850435, -157.857749403)","Table 11- Orzechowski and Walker, Tax Burden on Tobacco","POL","450POL","450CGS","453CGS","2"
"ID","Idaho","1988","OW","The Tax Burden on Tobacco","Cigarette Sales","Cigarette Consumption (Pack Sales Per Capita)","84,5",,"Pack","    (43.682630005, -114.363730042)","Table 11- Orzechowski and Walker, Tax Burden on Tobacco","POL","450POL","450CGS","453CGS","2"
"ID","Idaho","1988","OW","The Tax Burden on Tobacco","Cigarette Sales","Average Cost per pack","1,336","$","Dollars","    (43.682630005, -114.363730042)","Table 13- Orzechowski and Walker, Tax Burden on Tobacco","POL","450POL","450CGS","455CGS","1"
"IL","Illinois","1988","OW","The Tax Burden on Tobacco","Cigarette Sales","Average Cost per pack","1,327","$","Dollars","    (40.485010283, -88.997710178)","Table 13- Orzechowski and Walker, Tax Burden on Tobacco","POL","450POL","450CGS","455CGS","1"
"IL","Illinois","1988","OW","The Tax Burden on Tobacco","Cigarette Sales","Cigarette Consumption (Pack Sales Per Capita)","107,6",,"Pack","    (40.485010283, -88.997710178)","Table 11- Orzechowski and Walker, Tax Burden on Tobacco","POL","450POL","450CGS","453CGS","2"
"IN","Indiana","1988","OW","The Tax Burden on Tobacco","Cigarette Sales","Average Cost per pack","1,19","$","Dollars","    (39.766910452, -86.149960194)","Table 13- Orzechowski and Walker, Tax Burden on Tobacco","POL","450POL","450CGS","455CGS","1"
"IN","Indiana","1988","OW","The Tax Burden on Tobacco","Cigarette Sales","Cigarette Consumption (Pack Sales Per Capita)","134",,"Pack","    (39.766910452, -86.149960194)","Table 11- Orzechowski and Walker, Tax Burden on Tobacco","POL","450POL","450CGS","453CGS","2"
"IA","Iowa","1988","OW","The Tax Burden on Tobacco","Cigarette Sales","Cigarette Consumption (Pack Sales Per Capita)","100,2",,"Pack","    (42.469400913, -93.816490556)","Table 11- Orzechowski and Walker, Tax Burden on Tobacco","POL","450POL","450CGS","453CGS","2"
"IA","Iowa","1988","OW","The Tax Burden on Tobacco","Cigarette Sales","Average Cost per pack","1,451","$","Dollars","    (42.469400913, -93.816490556)","Table 13- Orzechowski and Walker, Tax Burden on Tobacco","POL","450POL","450CGS","455CGS","1"
"KS","Kansas","1988","OW","The Tax Burden on Tobacco","Cigarette Sales","Average Cost per pack","1,365","$","Dollars","    (38.3477403, -98.200781227)","Table 13- Orzechowski and Walker, Tax Burden on Tobacco","POL","450POL","450CGS","455CGS","1"
"KS","Kansas","1988","OW","The Tax Burden on Tobacco","Cigarette Sales","Cigarette Consumption (Pack Sales Per Capita)","103,2",,"Pack","    (38.3477403, -98.200781227)","Table 11- Orzechowski and Walker, Tax Burden on Tobacco","POL","450POL","450CGS","453CGS","2"
"KY","Kentucky","1988","OW","The Tax Burden on Tobacco","Cigarette Sales","Average Cost per pack","1,038","$","Dollars","    (37.645970271, -84.774971048)","Table 13- Orzechowski and Walker, Tax Burden on Tobacco","POL","450POL","450CGS","455CGS","1"
"KY","Kentucky","1988","OW","The Tax Burden on Tobacco","Cigarette Sales","Cigarette Consumption (Pack Sales Per Capita)","173,2",,"Pack","    (37.645970271, -84.774971048)","Table 11- Orzechowski and Walker, Tax Burden on Tobacco","POL","450POL","450CGS","453CGS","2"
"LA","Louisiana","1988","OW","The Tax Burden on Tobacco","Cigarette Sales","Average Cost per pack","1,307","$","Dollars","    (31.312660644, -92.445680071)","Table 13- Orzechowski and Walker, Tax Burden on Tobacco","POL","450POL","450CGS","455CGS","1"
"LA","Louisiana","1988","OW","The Tax Burden on Tobacco","Cigarette Sales","Cigarette Consumption (Pack Sales Per Capita)","110,9",,"Pack","    (31.312660644, -92.445680071)","Table 11- Orzechowski and Walker, Tax Burden on Tobacco","POL","450POL","450CGS","453CGS","2"
"ME","Maine","1988","OW","The Tax Burden on Tobacco","Cigarette Sales","Cigarette Consumption (Pack Sales Per Capita)","125",,"Pack","    (45.254228894001, -68.985031336)","Table 11- Orzechowski and Walker, Tax Burden on Tobacco","POL","450POL","450CGS","453CGS","2"
"ME","Maine","1988","OW","The Tax Burden on Tobacco","Cigarette Sales","Average Cost per pack","1,444","$","Dollars","    (45.254228894001, -68.985031336)","Table 13- Orzechowski and Walker, Tax Burden on Tobacco","POL","450POL","450CGS","455CGS","1"
"MD","Maryland","1988","OW","The Tax Burden on Tobacco","Cigarette Sales","Cigarette Consumption (Pack Sales Per Capita)","115",,"Pack","    (39.290580964, -76.609260111)","Table 11- Orzechowski and Walker, Tax Burden on Tobacco","POL","450POL","450CGS","453CGS","2"
"MD","Maryland","1988","OW","The Tax Burden on Tobacco","Cigarette Sales","Average Cost per pack","1,202","$","Dollars","    (39.290580964, -76.609260111)","Table 13- Orzechowski and Walker, Tax Burden on Tobacco","POL","450POL","450CGS","455CGS","1"
"MA","Massachusetts","1988","OW","The Tax Burden on Tobacco","Cigarette Sales","Average Cost per pack","1,486","$","Dollars","    (42.27687047, -72.082690675)","Table 13- Orzechowski and Walker, Tax Burden on Tobacco","POL","450POL","450CGS","455CGS","1"
"MA","Massachusetts","1988","OW","The Tax Burden on Tobacco","Cigarette Sales","Cigarette Consumption (Pack Sales Per Capita)","111,7",,"Pack","    (42.27687047, -72.082690675)","Table 11- Orzechowski and Walker, Tax Burden on Tobacco","POL","450POL","450CGS","453CGS","2"
"MI","Michigan","1988","OW","The Tax Burden on Tobacco","Cigarette Sales","Cigarette Consumption (Pack Sales Per Capita)","121,1",,"Pack","    (44.661319543001, -84.71439027)","Table 11- Orzechowski and Walker, Tax Burden on Tobacco","POL","450POL","450CGS","453CGS","2"
"MI","Michigan","1988","OW","The Tax Burden on Tobacco","Cigarette Sales","Average Cost per pack","1,33","$","Dollars","    (44.661319543001, -84.71439027)","Table 13- Orzechowski and Walker, Tax Burden on Tobacco","POL","450POL","450CGS","455CGS","1"
"MN","Minnesota","1988","OW","The Tax Burden on Tobacco","Cigarette Sales","Cigarette Consumption (Pack Sales Per Capita)","94,1",,"Pack","    (46.355648736, -94.794200503)","Table 11- Orzechowski and Walker, Tax Burden on Tobacco","POL","450POL","450CGS","453CGS","2"
"MN","Minnesota","1988","OW","The Tax Burden on Tobacco","Cigarette Sales","Average Cost per pack","1,525","$","Dollars","    (46.355648736, -94.794200503)","Table 13- Orzechowski and Walker, Tax Burden on Tobacco","POL","450POL","450CGS","455CGS","1"
"MS","Mississippi","1988","OW","The Tax Burden on Tobacco","Cigarette Sales","Cigarette Consumption (Pack Sales Per Capita)","109",,"Pack","    (32.745510099, -89.538030825)","Table 11- Orzechowski and Walker, Tax Burden on Tobacco","POL","450POL","450CGS","453CGS","2"
"MS","Mississippi","1988","OW","The Tax Burden on Tobacco","Cigarette Sales","Average Cost per pack","1,258","$","Dollars","    (32.745510099, -89.538030825)","Table 13- Orzechowski and Walker, Tax Burden on Tobacco","POL","450POL","450CGS","455CGS","1"
"MO","Missouri","1988","OW","The Tax Burden on Tobacco","Cigarette Sales","Average Cost per pack","1,189","$","Dollars","    (38.635790776, -92.566300053)","Table 13- Orzechowski and Walker, Tax Burden on Tobacco","POL","450POL","450CGS","455CGS","1"
"MO","Missouri","1988","OW","The Tax Burden on Tobacco","Cigarette Sales","Cigarette Consumption (Pack Sales Per Capita)","127,4",,"Pack","    (38.635790776, -92.566300053)","Table 11- Orzechowski and Walker, Tax Burden on Tobacco","POL","450POL","450CGS","453CGS","2"
"MT","Montana","1988","OW","The Tax Burden on Tobacco","Cigarette Sales","Cigarette Consumption (Pack Sales Per Capita)","87,1",,"Pack","    (47.066528972, -109.424420645)","Table 11- Orzechowski and Walker, Tax Burden on Tobacco","POL","450POL","450CGS","453CGS","2"
"MT","Montana","1988","OW","The Tax Burden on Tobacco","Cigarette Sales","Average Cost per pack","1,23","$","Dollars","    (47.066528972, -109.424420645)","Table 13- Orzechowski and Walker, Tax Burden on Tobacco","POL","450POL","450CGS","455CGS","1"
"NE","Nebraska","1988","OW","The Tax Burden on Tobacco","Cigarette Sales","Cigarette Consumption (Pack Sales Per Capita)","92,9",,"Pack","    (41.641040988001, -99.365720623)","Table 11- Orzechowski and Walker, Tax Burden on Tobacco","POL","450POL","450CGS","453CGS","2"
"NE","Nebraska","1988","OW","The Tax Burden on Tobacco","Cigarette Sales","Average Cost per pack","1,393","$","Dollars","    (41.641040988001, -99.365720623)","Table 13- Orzechowski and Walker, Tax Burden on Tobacco","POL","450POL","450CGS","455CGS","1"
"NV","Nevada","1988","OW","The Tax Burden on Tobacco","Cigarette Sales","Average Cost per pack","1,456","$","Dollars","    (39.49324039, -117.071840564)","Table 13- Orzechowski and Walker, Tax Burden on Tobacco","POL","450POL","450CGS","455CGS","1"
"NV","Nevada","1988","OW","The Tax Burden on Tobacco","Cigarette Sales","Cigarette Consumption (Pack Sales Per Capita)","141,9",,"Pack","    (39.49324039, -117.071840564)","Table 11- Orzechowski and Walker, Tax Burden on Tobacco","POL","450POL","450CGS","453CGS","2"
"NH","New Hampshire","1988","OW","The Tax Burden on Tobacco","Cigarette Sales","Cigarette Consumption (Pack Sales Per Capita)","180,4",,"Pack","    (43.655950113, -71.50036092)","Table 11- Orzechowski and Walker, Tax Burden on Tobacco","POL","450POL","450CGS","453CGS","2"
"NH","New Hampshire","1988","OW","The Tax Burden on Tobacco","Cigarette Sales","Average Cost per pack","1,259","$","Dollars","    (43.655950113, -71.50036092)","Table 13- Orzechowski and Walker, Tax Burden on Tobacco","POL","450POL","450CGS","455CGS","1"
"NJ","New Jersey","1988","OW","The Tax Burden on Tobacco","Cigarette Sales","Average Cost per pack","1,395","$","Dollars","    (40.130570048, -74.273691288)","Table 13- Orzechowski and Walker, Tax Burden on Tobacco","POL","450POL","450CGS","455CGS","1"
"NJ","New Jersey","1988","OW","The Tax Burden on Tobacco","Cigarette Sales","Cigarette Consumption (Pack Sales Per Capita)","107,8",,"Pack","    (40.130570048, -74.273691288)","Table 11- Orzechowski and Walker, Tax Burden on Tobacco","POL","450POL","450CGS","453CGS","2"
"NM","New Mexico","1988","OW","The Tax Burden on Tobacco","Cigarette Sales","Cigarette Consumption (Pack Sales Per Capita)","77,7",,"Pack","    (34.520880952, -106.240580985)","Table 11- Orzechowski and Walker, Tax Burden on Tobacco","POL","450POL","450CGS","453CGS","2"
"NM","New Mexico","1988","OW","The Tax Burden on Tobacco","Cigarette Sales","Average Cost per pack","1,272","$","Dollars","    (34.520880952, -106.240580985)","Table 13- Orzechowski and Walker, Tax Burden on Tobacco","POL","450POL","450CGS","455CGS","1"
"NY","New York","1988","OW","The Tax Burden on Tobacco","Cigarette Sales","Cigarette Consumption (Pack Sales Per Capita)","106,2",,"Pack","    (42.827001032, -75.543970427)","Table 11- Orzechowski and Walker, Tax Burden on Tobacco","POL","450POL","450CGS","453CGS","2"
"NY","New York","1988","OW","The Tax Burden on Tobacco","Cigarette Sales","Average Cost per pack","1,367","$","Dollars","    (42.827001032, -75.543970427)","Table 13- Orzechowski and Walker, Tax Burden on Tobacco","POL","450POL","450CGS","455CGS","1"
"NC","North Carolina","1988","OW","The Tax Burden on Tobacco","Cigarette Sales","Cigarette Consumption (Pack Sales Per Capita)","146",,"Pack","    (35.466220975, -79.159250463)","Table 11- Orzechowski and Walker, Tax Burden on Tobacco","POL","450POL","450CGS","453CGS","2"
"NC","North Carolina","1988","OW","The Tax Burden on Tobacco","Cigarette Sales","Average Cost per pack","1,076","$","Dollars","    (35.466220975, -79.159250463)","Table 13- Orzechowski and Walker, Tax Burden on Tobacco","POL","450POL","450CGS","455CGS","1"
"ND","North Dakota","1988","OW","The Tax Burden on Tobacco","Cigarette Sales","Cigarette Consumption (Pack Sales Per Capita)","87,1",,"Pack","    (47.475319779, -100.118421049)","Table 11- Orzechowski and Walker, Tax Burden on Tobacco","POL","450POL","450CGS","453CGS","2"
"ND","North Dakota","1988","OW","The Tax Burden on Tobacco","Cigarette Sales","Average Cost per pack","1,359","$","Dollars","    (47.475319779, -100.118421049)","Table 13- Orzechowski and Walker, Tax Burden on Tobacco","POL","450POL","450CGS","455CGS","1"
"OH","Ohio","1988","OW","The Tax Burden on Tobacco","Cigarette Sales","Cigarette Consumption (Pack Sales Per Capita)","122,4",,"Pack","    (40.060210141, -82.404260056)","Table 11- Orzechowski and Walker, Tax Burden on Tobacco","POL","450POL","450CGS","453CGS","2"
"OH","Ohio","1988","OW","The Tax Burden on Tobacco","Cigarette Sales","Average Cost per pack","1,205","$","Dollars","    (40.060210141, -82.404260056)","Table 13- Orzechowski and Walker, Tax Burden on Tobacco","POL","450POL","450CGS","455CGS","1"
"OK","Oklahoma","1988","OW","The Tax Burden on Tobacco","Cigarette Sales","Cigarette Consumption (Pack Sales Per Capita)","103,6",,"Pack","    (35.472031356, -97.521070214)","Table 11- Orzechowski and Walker, Tax Burden on Tobacco","POL","450POL","450CGS","453CGS","2"
"OK","Oklahoma","1988","OW","The Tax Burden on Tobacco","Cigarette Sales","Average Cost per pack","1,334","$","Dollars","    (35.472031356, -97.521070214)","Table 13- Orzechowski and Walker, Tax Burden on Tobacco","POL","450POL","450CGS","455CGS","1"
"OR","Oregon","1988","OW","The Tax Burden on Tobacco","Cigarette Sales","Cigarette Consumption (Pack Sales Per Capita)","108,2",,"Pack","    (44.567449424, -120.155031326)","Table 11- Orzechowski and Walker, Tax Burden on Tobacco","POL","450POL","450CGS","453CGS","2"
"OR","Oregon","1988","OW","The Tax Burden on Tobacco","Cigarette Sales","Average Cost per pack","1,45","$","Dollars","    (44.567449424, -120.155031326)","Table 13- Orzechowski and Walker, Tax Burden on Tobacco","POL","450POL","450CGS","455CGS","1"
"PA","Pennsylvania","1988","OW","The Tax Burden on Tobacco","Cigarette Sales","Average Cost per pack","1,228","$","Dollars","    (40.793730152, -77.860700294)","Table 13- Orzechowski and Walker, Tax Burden on Tobacco","POL","450POL","450CGS","455CGS","1"
"PA","Pennsylvania","1988","OW","The Tax Burden on Tobacco","Cigarette Sales","Cigarette Consumption (Pack Sales Per Capita)","107,6",,"Pack","    (40.793730152, -77.860700294)","Table 11- Orzechowski and Walker, Tax Burden on Tobacco","POL","450POL","450CGS","453CGS","2"
"RI","Rhode Island","1988","OW","The Tax Burden on Tobacco","Cigarette Sales","Cigarette Consumption (Pack Sales Per Capita)","138",,"Pack","    (41.708280193, -71.522470314)","Table 11- Orzechowski and Walker, Tax Burden on Tobacco","POL","450POL","450CGS","453CGS","2"
"RI","Rhode Island","1988","OW","The Tax Burden on Tobacco","Cigarette Sales","Average Cost per pack","1,348","$","Dollars","    (41.708280193, -71.522470314)","Table 13- Orzechowski and Walker, Tax Burden on Tobacco","POL","450POL","450CGS","455CGS","1"
"SC","South Carolina","1988","OW","The Tax Burden on Tobacco","Cigarette Sales","Cigarette Consumption (Pack Sales Per Capita)","124,4",,"Pack","    (33.998821303, -81.045371207)","Table 11- Orzechowski and Walker, Tax Burden on Tobacco","POL","450POL","450CGS","453CGS","2"
"SC","South Carolina","1988","OW","The Tax Burden on Tobacco","Cigarette Sales","Average Cost per pack","1,119","$","Dollars","    (33.998821303, -81.045371207)","Table 13- Orzechowski and Walker, Tax Burden on Tobacco","POL","450POL","450CGS","455CGS","1"
"SD","South Dakota","1988","OW","The Tax Burden on Tobacco","Cigarette Sales","Average Cost per pack","1,301","$","Dollars","    (44.353130053, -100.373530637)","Table 13- Orzechowski and Walker, Tax Burden on Tobacco","POL","450POL","450CGS","455CGS","1"
"SD","South Dakota","1988","OW","The Tax Burden on Tobacco","Cigarette Sales","Cigarette Consumption (Pack Sales Per Capita)","91,9",,"Pack","    (44.353130053, -100.373530637)","Table 11- Orzechowski and Walker, Tax Burden on Tobacco","POL","450POL","450CGS","453CGS","2"
"TN","Tennessee","1988","OW","The Tax Burden on Tobacco","Cigarette Sales","Average Cost per pack","1,215","$","Dollars","    (35.68094058, -85.774490914)","Table 13- Orzechowski and Walker, Tax Burden on Tobacco","POL","450POL","450CGS","455CGS","1"
"TN","Tennessee","1988","OW","The Tax Burden on Tobacco","Cigarette Sales","Cigarette Consumption (Pack Sales Per Capita)","125,3",,"Pack","    (35.68094058, -85.774490914)","Table 11- Orzechowski and Walker, Tax Burden on Tobacco","POL","450POL","450CGS","453CGS","2"
"TX","Texas","1988","OW","The Tax Burden on Tobacco","Cigarette Sales","Cigarette Consumption (Pack Sales Per Capita)","96,5",,"Pack","    (31.827240407, -99.426770206)","Table 11- Orzechowski and Walker, Tax Burden on Tobacco","POL","450POL","450CGS","453CGS","2"
"TX","Texas","1988","OW","The Tax Burden on Tobacco","Cigarette Sales","Average Cost per pack","1,37","$","Dollars","    (31.827240407, -99.426770206)","Table 13- Orzechowski and Walker, Tax Burden on Tobacco","POL","450POL","450CGS","455CGS","1"
"UT","Utah","1988","OW","The Tax Burden on Tobacco","Cigarette Sales","Cigarette Consumption (Pack Sales Per Capita)","55",,"Pack","    (39.360700171, -111.587130635)","Table 11- Orzechowski and Walker, Tax Burden on Tobacco","POL","450POL","450CGS","453CGS","2"
"UT","Utah","1988","OW","The Tax Burden on Tobacco","Cigarette Sales","Average Cost per pack","1,356","$","Dollars","    (39.360700171, -111.587130635)","Table 13- Orzechowski and Walker, Tax Burden on Tobacco","POL","450POL","450CGS","455CGS","1"
"VT","Vermont","1988","OW","The Tax Burden on Tobacco","Cigarette Sales","Cigarette Consumption (Pack Sales Per Capita)","128,7",,"Pack","    (43.625381239, -72.517640791)","Table 11- Orzechowski and Walker, Tax Burden on Tobacco","POL","450POL","450CGS","453CGS","2"
"VT","Vermont","1988","OW","The Tax Burden on Tobacco","Cigarette Sales","Average Cost per pack","1,297","$","Dollars","    (43.625381239, -72.517640791)","Table 13- Orzechowski and Walker, Tax Burden on Tobacco","POL","450POL","450CGS","455CGS","1"
"VA","Virginia","1988","OW","The Tax Burden on Tobacco","Cigarette Sales","Cigarette Consumption (Pack Sales Per Capita)","129,5",,"Pack","    (37.542680674, -78.457890463)","Table 11- Orzechowski and Walker, Tax Burden on Tobacco","POL","450POL","450CGS","453CGS","2"
"VA","Virginia","1988","OW","The Tax Burden on Tobacco","Cigarette Sales","Average Cost per pack","1,094","$","Dollars","    (37.542680674, -78.457890463)","Table 13- Orzechowski and Walker, Tax Burden on Tobacco","POL","450POL","450CGS","455CGS","1"
"WA","Washington","1988","OW","The Tax Burden on Tobacco","Cigarette Sales","Cigarette Consumption (Pack Sales Per Capita)","88,2",,"Pack","    (47.522278629, -120.47001079)","Table 11- Orzechowski and Walker, Tax Burden on Tobacco","POL","450POL","450CGS","453CGS","2"
"WA","Washington","1988","OW","The Tax Burden on Tobacco","Cigarette Sales","Average Cost per pack","1,506","$","Dollars","    (47.522278629, -120.47001079)","Table 13- Orzechowski and Walker, Tax Burden on Tobacco","POL","450POL","450CGS","455CGS","1"
"WV","West Virginia","1988","OW","The Tax Burden on Tobacco","Cigarette Sales","Average Cost per pack","1,312","$","Dollars","    (38.665510202, -80.712640135)","Table 13- Orzechowski and Walker, Tax Burden on Tobacco","POL","450POL","450CGS","455CGS","1"
"WV","West Virginia","1988","OW","The Tax Burden on Tobacco","Cigarette Sales","Cigarette Consumption (Pack Sales Per Capita)","109,1",,"Pack","    (38.665510202, -80.712640135)","Table 11- Orzechowski and Walker, Tax Burden on Tobacco","POL","450POL","450CGS","453CGS","2"
"WI","Wisconsin","1988","OW","The Tax Burden on Tobacco","Cigarette Sales","Cigarette Consumption (Pack Sales Per Capita)","102,6",,"Pack","    (44.393191174, -89.816370742)","Table 11- Orzechowski and Walker, Tax Burden on Tobacco","POL","450POL","450CGS","453CGS","2"
"WI","Wisconsin","1988","OW","The Tax Burden on Tobacco","Cigarette Sales","Average Cost per pack","1,383","$","Dollars","    (44.393191174, -89.816370742)","Table 13- Orzechowski and Walker, Tax Burden on Tobacco","POL","450POL","450CGS","455CGS","1"
"WY","Wyoming","1988","OW","The Tax Burden on Tobacco","Cigarette Sales","Average Cost per pack","1,186","$","Dollars","    (43.235541343, -108.109830353)","Table 13- Orzechowski and Walker, Tax Burden on Tobacco","POL","450POL","450CGS","455CGS","1"
"WY","Wyoming","1988","OW","The Tax Burden on Tobacco","Cigarette Sales","Cigarette Consumption (Pack Sales Per Capita)","114,3",,"Pack","    (43.235541343, -108.109830353)","Table 11- Orzechowski and Walker, Tax Burden on Tobacco","POL","450POL","450CGS","453CGS","2"
"AL","Alabama","1987","OW","The Tax Burden on Tobacco","Cigarette Sales","Cigarette Consumption (Pack Sales Per Capita)","114",,"Pack","    (32.840571122, -86.631860762)","Table 11- Orzechowski and Walker, Tax Burden on Tobacco","POL","450POL","450CGS","453CGS","2"
"AL","Alabama","1987","OW","The Tax Burden on Tobacco","Cigarette Sales","Average Cost per pack","1,144","$","Dollars","    (32.840571122, -86.631860762)","Table 13- Orzechowski and Walker, Tax Burden on Tobacco","POL","450POL","450CGS","455CGS","1"
"AK","Alaska","1987","OW","The Tax Burden on Tobacco","Cigarette Sales","Average Cost per pack","1,254","$","Dollars","    (64.845079957001, -147.722059036)","Table 13- Orzechowski and Walker, Tax Burden on Tobacco","POL","450POL","450CGS","455CGS","1"
"AK","Alaska","1987","OW","The Tax Burden on Tobacco","Cigarette Sales","Cigarette Consumption (Pack Sales Per Capita)","110,4",,"Pack","    (64.845079957001, -147.722059036)","Table 11- Orzechowski and Walker, Tax Burden on Tobacco","POL","450POL","450CGS","453CGS","2"
"AZ","Arizona","1987","OW","The Tax Burden on Tobacco","Cigarette Sales","Cigarette Consumption (Pack Sales Per Capita)","106,1",,"Pack","    (34.86597028, -111.763811277)","Table 11- Orzechowski and Walker, Tax Burden on Tobacco","POL","450POL","450CGS","453CGS","2"
"AZ","Arizona","1987","OW","The Tax Burden on Tobacco","Cigarette Sales","Average Cost per pack","1,135","$","Dollars","    (34.86597028, -111.763811277)","Table 13- Orzechowski and Walker, Tax Burden on Tobacco","POL","450POL","450CGS","455CGS","1"
"AR","Arkansas","1987","OW","The Tax Burden on Tobacco","Cigarette Sales","Cigarette Consumption (Pack Sales Per Capita)","122,3",,"Pack","    (34.748650124, -92.274490743)","Table 11- Orzechowski and Walker, Tax Burden on Tobacco","POL","450POL","450CGS","453CGS","2"
"AR","Arkansas","1987","OW","The Tax Burden on Tobacco","Cigarette Sales","Average Cost per pack","1,199","$","Dollars","    (34.748650124, -92.274490743)","Table 13- Orzechowski and Walker, Tax Burden on Tobacco","POL","450POL","450CGS","455CGS","1"
"CA","California","1987","OW","The Tax Burden on Tobacco","Cigarette Sales","Average Cost per pack","1,174","$","Dollars","    (37.638640123, -120.999999538)","Table 13- Orzechowski and Walker, Tax Burden on Tobacco","POL","450POL","450CGS","455CGS","1"
"CA","California","1987","OW","The Tax Burden on Tobacco","Cigarette Sales","Cigarette Consumption (Pack Sales Per Capita)","97,5",,"Pack","    (37.638640123, -120.999999538)","Table 11- Orzechowski and Walker, Tax Burden on Tobacco","POL","450POL","450CGS","453CGS","2"
"CO","Colorado","1987","OW","The Tax Burden on Tobacco","Cigarette Sales","Cigarette Consumption (Pack Sales Per Capita)","102,4",,"Pack","    (38.843840757, -106.133610921)","Table 11- Orzechowski and Walker, Tax Burden on Tobacco","POL","450POL","450CGS","453CGS","2"
"CO","Colorado","1987","OW","The Tax Burden on Tobacco","Cigarette Sales","Average Cost per pack","1,16","$","Dollars","    (38.843840757, -106.133610921)","Table 13- Orzechowski and Walker, Tax Burden on Tobacco","POL","450POL","450CGS","455CGS","1"
"CT","Connecticut","1987","OW","The Tax Burden on Tobacco","Cigarette Sales","Cigarette Consumption (Pack Sales Per Capita)","109",,"Pack","    (41.56266102, -72.649840952)","Table 11- Orzechowski and Walker, Tax Burden on Tobacco","POL","450POL","450CGS","453CGS","2"
"CT","Connecticut","1987","OW","The Tax Burden on Tobacco","Cigarette Sales","Average Cost per pack","1,297","$","Dollars","    (41.56266102, -72.649840952)","Table 13- Orzechowski and Walker, Tax Burden on Tobacco","POL","450POL","450CGS","455CGS","1"
"DE","Delaware","1987","OW","The Tax Burden on Tobacco","Cigarette Sales","Average Cost per pack","1,193","$","Dollars","    (39.008830667, -75.577741168)","Table 13- Orzechowski and Walker, Tax Burden on Tobacco","POL","450POL","450CGS","455CGS","1"
"DE","Delaware","1987","OW","The Tax Burden on Tobacco","Cigarette Sales","Cigarette Consumption (Pack Sales Per Capita)","141",,"Pack","    (39.008830667, -75.577741168)","Table 11- Orzechowski and Walker, Tax Burden on Tobacco","POL","450POL","450CGS","453CGS","2"
"DC","District of Columbia","1987","OW","The Tax Burden on Tobacco","Cigarette Sales","Average Cost per pack","1,19","$","Dollars","    (38.890371385, -77.031961127)","Table 13- Orzechowski and Walker, Tax Burden on Tobacco","POL","450POL","450CGS","455CGS","1"
"DC","District of Columbia","1987","OW","The Tax Burden on Tobacco","Cigarette Sales","Cigarette Consumption (Pack Sales Per Capita)","113",,"Pack","    (38.890371385, -77.031961127)","Table 11- Orzechowski and Walker, Tax Burden on Tobacco","POL","450POL","450CGS","453CGS","2"
"FL","Florida","1987","OW","The Tax Burden on Tobacco","Cigarette Sales","Cigarette Consumption (Pack Sales Per Capita)","125,1",,"Pack","    (28.932040377, -81.928960539)","Table 11- Orzechowski and Walker, Tax Burden on Tobacco","POL","450POL","450CGS","453CGS","2"
"FL","Florida","1987","OW","The Tax Burden on Tobacco","Cigarette Sales","Average Cost per pack","1,305","$","Dollars","    (28.932040377, -81.928960539)","Table 13- Orzechowski and Walker, Tax Burden on Tobacco","POL","450POL","450CGS","455CGS","1"
"GA","Georgia","1987","OW","The Tax Burden on Tobacco","Cigarette Sales","Average Cost per pack","1,092","$","Dollars","    (32.839681093, -83.627580346)","Table 13- Orzechowski and Walker, Tax Burden on Tobacco","POL","450POL","450CGS","455CGS","1"
"GA","Georgia","1987","OW","The Tax Burden on Tobacco","Cigarette Sales","Cigarette Consumption (Pack Sales Per Capita)","129,3",,"Pack","    (32.839681093, -83.627580346)","Table 11- Orzechowski and Walker, Tax Burden on Tobacco","POL","450POL","450CGS","453CGS","2"
"HI","Hawaii","1987","OW","The Tax Burden on Tobacco","Cigarette Sales","Average Cost per pack","1,338","$","Dollars","    (21.304850435, -157.857749403)","Table 13- Orzechowski and Walker, Tax Burden on Tobacco","POL","450POL","450CGS","455CGS","1"
"HI","Hawaii","1987","OW","The Tax Burden on Tobacco","Cigarette Sales","Cigarette Consumption (Pack Sales Per Capita)","54,7",,"Pack","    (21.304850435, -157.857749403)","Table 11- Orzechowski and Walker, Tax Burden on Tobacco","POL","450POL","450CGS","453CGS","2"
"ID","Idaho","1987","OW","The Tax Burden on Tobacco","Cigarette Sales","Average Cost per pack","1,219","$","Dollars","    (43.682630005, -114.363730042)","Table 13- Orzechowski and Walker, Tax Burden on Tobacco","POL","450POL","450CGS","455CGS","1"
"ID","Idaho","1987","OW","The Tax Burden on Tobacco","Cigarette Sales","Cigarette Consumption (Pack Sales Per Capita)","95",,"Pack","    (43.682630005, -114.363730042)","Table 11- Orzechowski and Walker, Tax Burden on Tobacco","POL","450POL","450CGS","453CGS","2"
"IL","Illinois","1987","OW","The Tax Burden on Tobacco","Cigarette Sales","Cigarette Consumption (Pack Sales Per Capita)","109,5",,"Pack","    (40.485010283, -88.997710178)","Table 11- Orzechowski and Walker, Tax Burden on Tobacco","POL","450POL","450CGS","453CGS","2"
"IL","Illinois","1987","OW","The Tax Burden on Tobacco","Cigarette Sales","Average Cost per pack","1,241","$","Dollars","    (40.485010283, -88.997710178)","Table 13- Orzechowski and Walker, Tax Burden on Tobacco","POL","450POL","450CGS","455CGS","1"
"IN","Indiana","1987","OW","The Tax Burden on Tobacco","Cigarette Sales","Average Cost per pack","1,093","$","Dollars","    (39.766910452, -86.149960194)","Table 13- Orzechowski and Walker, Tax Burden on Tobacco","POL","450POL","450CGS","455CGS","1"
"IN","Indiana","1987","OW","The Tax Burden on Tobacco","Cigarette Sales","Cigarette Consumption (Pack Sales Per Capita)","134",,"Pack","    (39.766910452, -86.149960194)","Table 11- Orzechowski and Walker, Tax Burden on Tobacco","POL","450POL","450CGS","453CGS","2"
"IA","Iowa","1987","OW","The Tax Burden on Tobacco","Cigarette Sales","Average Cost per pack","1,242","$","Dollars","    (42.469400913, -93.816490556)","Table 13- Orzechowski and Walker, Tax Burden on Tobacco","POL","450POL","450CGS","455CGS","1"
"IA","Iowa","1987","OW","The Tax Burden on Tobacco","Cigarette Sales","Cigarette Consumption (Pack Sales Per Capita)","101,1",,"Pack","    (42.469400913, -93.816490556)","Table 11- Orzechowski and Walker, Tax Burden on Tobacco","POL","450POL","450CGS","453CGS","2"
"KS","Kansas","1987","OW","The Tax Burden on Tobacco","Cigarette Sales","Cigarette Consumption (Pack Sales Per Capita)","105,2",,"Pack","    (38.3477403, -98.200781227)","Table 11- Orzechowski and Walker, Tax Burden on Tobacco","POL","450POL","450CGS","453CGS","2"
"KS","Kansas","1987","OW","The Tax Burden on Tobacco","Cigarette Sales","Average Cost per pack","1,239","$","Dollars","    (38.3477403, -98.200781227)","Table 13- Orzechowski and Walker, Tax Burden on Tobacco","POL","450POL","450CGS","455CGS","1"
"KY","Kentucky","1987","OW","The Tax Burden on Tobacco","Cigarette Sales","Average Cost per pack","0,944","$","Dollars","    (37.645970271, -84.774971048)","Table 13- Orzechowski and Walker, Tax Burden on Tobacco","POL","450POL","450CGS","455CGS","1"
"KY","Kentucky","1987","OW","The Tax Burden on Tobacco","Cigarette Sales","Cigarette Consumption (Pack Sales Per Capita)","171,2",,"Pack","    (37.645970271, -84.774971048)","Table 11- Orzechowski and Walker, Tax Burden on Tobacco","POL","450POL","450CGS","453CGS","2"
"LA","Louisiana","1987","OW","The Tax Burden on Tobacco","Cigarette Sales","Average Cost per pack","1,204","$","Dollars","    (31.312660644, -92.445680071)","Table 13- Orzechowski and Walker, Tax Burden on Tobacco","POL","450POL","450CGS","455CGS","1"
"LA","Louisiana","1987","OW","The Tax Burden on Tobacco","Cigarette Sales","Cigarette Consumption (Pack Sales Per Capita)","116,5",,"Pack","    (31.312660644, -92.445680071)","Table 11- Orzechowski and Walker, Tax Burden on Tobacco","POL","450POL","450CGS","453CGS","2"
"ME","Maine","1987","OW","The Tax Burden on Tobacco","Cigarette Sales","Cigarette Consumption (Pack Sales Per Capita)","125",,"Pack","    (45.254228894001, -68.985031336)","Table 11- Orzechowski and Walker, Tax Burden on Tobacco","POL","450POL","450CGS","453CGS","2"
"ME","Maine","1987","OW","The Tax Burden on Tobacco","Cigarette Sales","Average Cost per pack","1,29","$","Dollars","    (45.254228894001, -68.985031336)","Table 13- Orzechowski and Walker, Tax Burden on Tobacco","POL","450POL","450CGS","455CGS","1"
"MD","Maryland","1987","OW","The Tax Burden on Tobacco","Cigarette Sales","Cigarette Consumption (Pack Sales Per Capita)","119,3",,"Pack","    (39.290580964, -76.609260111)","Table 11- Orzechowski and Walker, Tax Burden on Tobacco","POL","450POL","450CGS","453CGS","2"
"MD","Maryland","1987","OW","The Tax Burden on Tobacco","Cigarette Sales","Average Cost per pack","1,092","$","Dollars","    (39.290580964, -76.609260111)","Table 13- Orzechowski and Walker, Tax Burden on Tobacco","POL","450POL","450CGS","455CGS","1"
"MA","Massachusetts","1987","OW","The Tax Burden on Tobacco","Cigarette Sales","Cigarette Consumption (Pack Sales Per Capita)","113,8",,"Pack","    (42.27687047, -72.082690675)","Table 11- Orzechowski and Walker, Tax Burden on Tobacco","POL","450POL","450CGS","453CGS","2"
"MA","Massachusetts","1987","OW","The Tax Burden on Tobacco","Cigarette Sales","Average Cost per pack","1,316","$","Dollars","    (42.27687047, -72.082690675)","Table 13- Orzechowski and Walker, Tax Burden on Tobacco","POL","450POL","450CGS","455CGS","1"
"MI","Michigan","1987","OW","The Tax Burden on Tobacco","Cigarette Sales","Average Cost per pack","1,222","$","Dollars","    (44.661319543001, -84.71439027)","Table 13- Orzechowski and Walker, Tax Burden on Tobacco","POL","450POL","450CGS","455CGS","1"
"MI","Michigan","1987","OW","The Tax Burden on Tobacco","Cigarette Sales","Cigarette Consumption (Pack Sales Per Capita)","122,1",,"Pack","    (44.661319543001, -84.71439027)","Table 11- Orzechowski and Walker, Tax Burden on Tobacco","POL","450POL","450CGS","453CGS","2"
"MN","Minnesota","1987","OW","The Tax Burden on Tobacco","Cigarette Sales","Cigarette Consumption (Pack Sales Per Capita)","108,8",,"Pack","    (46.355648736, -94.794200503)","Table 11- Orzechowski and Walker, Tax Burden on Tobacco","POL","450POL","450CGS","453CGS","2"
"MN","Minnesota","1987","OW","The Tax Burden on Tobacco","Cigarette Sales","Average Cost per pack","1,417","$","Dollars","    (46.355648736, -94.794200503)","Table 13- Orzechowski and Walker, Tax Burden on Tobacco","POL","450POL","450CGS","455CGS","1"
"MS","Mississippi","1987","OW","The Tax Burden on Tobacco","Cigarette Sales","Average Cost per pack","1,226","$","Dollars","    (32.745510099, -89.538030825)","Table 13- Orzechowski and Walker, Tax Burden on Tobacco","POL","450POL","450CGS","455CGS","1"
"MS","Mississippi","1987","OW","The Tax Burden on Tobacco","Cigarette Sales","Cigarette Consumption (Pack Sales Per Capita)","110",,"Pack","    (32.745510099, -89.538030825)","Table 11- Orzechowski and Walker, Tax Burden on Tobacco","POL","450POL","450CGS","453CGS","2"
"MO","Missouri","1987","OW","The Tax Burden on Tobacco","Cigarette Sales","Average Cost per pack","1,146","$","Dollars","    (38.635790776, -92.566300053)","Table 13- Orzechowski and Walker, Tax Burden on Tobacco","POL","450POL","450CGS","455CGS","1"
"MO","Missouri","1987","OW","The Tax Burden on Tobacco","Cigarette Sales","Cigarette Consumption (Pack Sales Per Capita)","128,7",,"Pack","    (38.635790776, -92.566300053)","Table 11- Orzechowski and Walker, Tax Burden on Tobacco","POL","450POL","450CGS","453CGS","2"
"MT","Montana","1987","OW","The Tax Burden on Tobacco","Cigarette Sales","Average Cost per pack","1,153","$","Dollars","    (47.066528972, -109.424420645)","Table 13- Orzechowski and Walker, Tax Burden on Tobacco","POL","450POL","450CGS","455CGS","1"
"MT","Montana","1987","OW","The Tax Burden on Tobacco","Cigarette Sales","Cigarette Consumption (Pack Sales Per Capita)","91,7",,"Pack","    (47.066528972, -109.424420645)","Table 11- Orzechowski and Walker, Tax Burden on Tobacco","POL","450POL","450CGS","453CGS","2"
"NE","Nebraska","1987","OW","The Tax Burden on Tobacco","Cigarette Sales","Average Cost per pack","1,233","$","Dollars","    (41.641040988001, -99.365720623)","Table 13- Orzechowski and Walker, Tax Burden on Tobacco","POL","450POL","450CGS","455CGS","1"
"NE","Nebraska","1987","OW","The Tax Burden on Tobacco","Cigarette Sales","Cigarette Consumption (Pack Sales Per Capita)","101,3",,"Pack","    (41.641040988001, -99.365720623)","Table 11- Orzechowski and Walker, Tax Burden on Tobacco","POL","450POL","450CGS","453CGS","2"
"NV","Nevada","1987","OW","The Tax Burden on Tobacco","Cigarette Sales","Cigarette Consumption (Pack Sales Per Capita)","147,7",,"Pack","    (39.49324039, -117.071840564)","Table 11- Orzechowski and Walker, Tax Burden on Tobacco","POL","450POL","450CGS","453CGS","2"
"NV","Nevada","1987","OW","The Tax Burden on Tobacco","Cigarette Sales","Average Cost per pack","1,296","$","Dollars","    (39.49324039, -117.071840564)","Table 13- Orzechowski and Walker, Tax Burden on Tobacco","POL","450POL","450CGS","455CGS","1"
"NH","New Hampshire","1987","OW","The Tax Burden on Tobacco","Cigarette Sales","Average Cost per pack","1,135","$","Dollars","    (43.655950113, -71.50036092)","Table 13- Orzechowski and Walker, Tax Burden on Tobacco","POL","450POL","450CGS","455CGS","1"
"NH","New Hampshire","1987","OW","The Tax Burden on Tobacco","Cigarette Sales","Cigarette Consumption (Pack Sales Per Capita)","195,1",,"Pack","    (43.655950113, -71.50036092)","Table 11- Orzechowski and Walker, Tax Burden on Tobacco","POL","450POL","450CGS","453CGS","2"
"NJ","New Jersey","1987","OW","The Tax Burden on Tobacco","Cigarette Sales","Cigarette Consumption (Pack Sales Per Capita)","111,6",,"Pack","    (40.130570048, -74.273691288)","Table 11- Orzechowski and Walker, Tax Burden on Tobacco","POL","450POL","450CGS","453CGS","2"
"NJ","New Jersey","1987","OW","The Tax Burden on Tobacco","Cigarette Sales","Average Cost per pack","1,318","$","Dollars","    (40.130570048, -74.273691288)","Table 13- Orzechowski and Walker, Tax Burden on Tobacco","POL","450POL","450CGS","455CGS","1"
"NM","New Mexico","1987","OW","The Tax Burden on Tobacco","Cigarette Sales","Average Cost per pack","1,137","$","Dollars","    (34.520880952, -106.240580985)","Table 13- Orzechowski and Walker, Tax Burden on Tobacco","POL","450POL","450CGS","455CGS","1"
"NM","New Mexico","1987","OW","The Tax Burden on Tobacco","Cigarette Sales","Cigarette Consumption (Pack Sales Per Capita)","82,3",,"Pack","    (34.520880952, -106.240580985)","Table 11- Orzechowski and Walker, Tax Burden on Tobacco","POL","450POL","450CGS","453CGS","2"
"NY","New York","1987","OW","The Tax Burden on Tobacco","Cigarette Sales","Cigarette Consumption (Pack Sales Per Capita)","108,9",,"Pack","    (42.827001032, -75.543970427)","Table 11- Orzechowski and Walker, Tax Burden on Tobacco","POL","450POL","450CGS","453CGS","2"
"NY","New York","1987","OW","The Tax Burden on Tobacco","Cigarette Sales","Average Cost per pack","1,259","$","Dollars","    (42.827001032, -75.543970427)","Table 13- Orzechowski and Walker, Tax Burden on Tobacco","POL","450POL","450CGS","455CGS","1"
"NC","North Carolina","1987","OW","The Tax Burden on Tobacco","Cigarette Sales","Cigarette Consumption (Pack Sales Per Capita)","150,5",,"Pack","    (35.466220975, -79.159250463)","Table 11- Orzechowski and Walker, Tax Burden on Tobacco","POL","450POL","450CGS","453CGS","2"
"NC","North Carolina","1987","OW","The Tax Burden on Tobacco","Cigarette Sales","Average Cost per pack","0,96","$","Dollars","    (35.466220975, -79.159250463)","Table 13- Orzechowski and Walker, Tax Burden on Tobacco","POL","450POL","450CGS","455CGS","1"
"ND","North Dakota","1987","OW","The Tax Burden on Tobacco","Cigarette Sales","Average Cost per pack","1,233","$","Dollars","    (47.475319779, -100.118421049)","Table 13- Orzechowski and Walker, Tax Burden on Tobacco","POL","450POL","450CGS","455CGS","1"
"ND","North Dakota","1987","OW","The Tax Burden on Tobacco","Cigarette Sales","Cigarette Consumption (Pack Sales Per Capita)","92,3",,"Pack","    (47.475319779, -100.118421049)","Table 11- Orzechowski and Walker, Tax Burden on Tobacco","POL","450POL","450CGS","453CGS","2"
"OH","Ohio","1987","OW","The Tax Burden on Tobacco","Cigarette Sales","Cigarette Consumption (Pack Sales Per Capita)","124,6",,"Pack","    (40.060210141, -82.404260056)","Table 11- Orzechowski and Walker, Tax Burden on Tobacco","POL","450POL","450CGS","453CGS","2"
"OH","Ohio","1987","OW","The Tax Burden on Tobacco","Cigarette Sales","Average Cost per pack","1,084","$","Dollars","    (40.060210141, -82.404260056)","Table 13- Orzechowski and Walker, Tax Burden on Tobacco","POL","450POL","450CGS","455CGS","1"
"OK","Oklahoma","1987","OW","The Tax Burden on Tobacco","Cigarette Sales","Average Cost per pack","1,226","$","Dollars","    (35.472031356, -97.521070214)","Table 13- Orzechowski and Walker, Tax Burden on Tobacco","POL","450POL","450CGS","455CGS","1"
"OK","Oklahoma","1987","OW","The Tax Burden on Tobacco","Cigarette Sales","Cigarette Consumption (Pack Sales Per Capita)","113,1",,"Pack","    (35.472031356, -97.521070214)","Table 11- Orzechowski and Walker, Tax Burden on Tobacco","POL","450POL","450CGS","453CGS","2"
"OR","Oregon","1987","OW","The Tax Burden on Tobacco","Cigarette Sales","Average Cost per pack","1,308","$","Dollars","    (44.567449424, -120.155031326)","Table 13- Orzechowski and Walker, Tax Burden on Tobacco","POL","450POL","450CGS","455CGS","1"
"OR","Oregon","1987","OW","The Tax Burden on Tobacco","Cigarette Sales","Cigarette Consumption (Pack Sales Per Capita)","108,9",,"Pack","    (44.567449424, -120.155031326)","Table 11- Orzechowski and Walker, Tax Burden on Tobacco","POL","450POL","450CGS","453CGS","2"
"PA","Pennsylvania","1987","OW","The Tax Burden on Tobacco","Cigarette Sales","Cigarette Consumption (Pack Sales Per Capita)","110,6",,"Pack","    (40.793730152, -77.860700294)","Table 11- Orzechowski and Walker, Tax Burden on Tobacco","POL","450POL","450CGS","453CGS","2"
"PA","Pennsylvania","1987","OW","The Tax Burden on Tobacco","Cigarette Sales","Average Cost per pack","1,123","$","Dollars","    (40.793730152, -77.860700294)","Table 13- Orzechowski and Walker, Tax Burden on Tobacco","POL","450POL","450CGS","455CGS","1"
"RI","Rhode Island","1987","OW","The Tax Burden on Tobacco","Cigarette Sales","Average Cost per pack","1,215","$","Dollars","    (41.708280193, -71.522470314)","Table 13- Orzechowski and Walker, Tax Burden on Tobacco","POL","450POL","450CGS","455CGS","1"
"RI","Rhode Island","1987","OW","The Tax Burden on Tobacco","Cigarette Sales","Cigarette Consumption (Pack Sales Per Capita)","124,4",,"Pack","    (41.708280193, -71.522470314)","Table 11- Orzechowski and Walker, Tax Burden on Tobacco","POL","450POL","450CGS","453CGS","2"
"SC","South Carolina","1987","OW","The Tax Burden on Tobacco","Cigarette Sales","Average Cost per pack","0,999","$","Dollars","    (33.998821303, -81.045371207)","Table 13- Orzechowski and Walker, Tax Burden on Tobacco","POL","450POL","450CGS","455CGS","1"
"SC","South Carolina","1987","OW","The Tax Burden on Tobacco","Cigarette Sales","Cigarette Consumption (Pack Sales Per Capita)","126,6",,"Pack","    (33.998821303, -81.045371207)","Table 11- Orzechowski and Walker, Tax Burden on Tobacco","POL","450POL","450CGS","453CGS","2"
"SD","South Dakota","1987","OW","The Tax Burden on Tobacco","Cigarette Sales","Cigarette Consumption (Pack Sales Per Capita)","95,8",,"Pack","    (44.353130053, -100.373530637)","Table 11- Orzechowski and Walker, Tax Burden on Tobacco","POL","450POL","450CGS","453CGS","2"
"SD","South Dakota","1987","OW","The Tax Burden on Tobacco","Cigarette Sales","Average Cost per pack","1,247","$","Dollars","    (44.353130053, -100.373530637)","Table 13- Orzechowski and Walker, Tax Burden on Tobacco","POL","450POL","450CGS","455CGS","1"
"TN","Tennessee","1987","OW","The Tax Burden on Tobacco","Cigarette Sales","Cigarette Consumption (Pack Sales Per Capita)","130,6",,"Pack","    (35.68094058, -85.774490914)","Table 11- Orzechowski and Walker, Tax Burden on Tobacco","POL","450POL","450CGS","453CGS","2"
"TN","Tennessee","1987","OW","The Tax Burden on Tobacco","Cigarette Sales","Average Cost per pack","1,121","$","Dollars","    (35.68094058, -85.774490914)","Table 13- Orzechowski and Walker, Tax Burden on Tobacco","POL","450POL","450CGS","455CGS","1"
"TX","Texas","1987","OW","The Tax Burden on Tobacco","Cigarette Sales","Average Cost per pack","1,28","$","Dollars","    (31.827240407, -99.426770206)","Table 13- Orzechowski and Walker, Tax Burden on Tobacco","POL","450POL","450CGS","455CGS","1"
"TX","Texas","1987","OW","The Tax Burden on Tobacco","Cigarette Sales","Cigarette Consumption (Pack Sales Per Capita)","105,8",,"Pack","    (31.827240407, -99.426770206)","Table 11- Orzechowski and Walker, Tax Burden on Tobacco","POL","450POL","450CGS","453CGS","2"
"UT","Utah","1987","OW","The Tax Burden on Tobacco","Cigarette Sales","Cigarette Consumption (Pack Sales Per Capita)","67,7",,"Pack","    (39.360700171, -111.587130635)","Table 11- Orzechowski and Walker, Tax Burden on Tobacco","POL","450POL","450CGS","453CGS","2"
"UT","Utah","1987","OW","The Tax Burden on Tobacco","Cigarette Sales","Average Cost per pack","1,229","$","Dollars","    (39.360700171, -111.587130635)","Table 13- Orzechowski and Walker, Tax Burden on Tobacco","POL","450POL","450CGS","455CGS","1"
"VT","Vermont","1987","OW","The Tax Burden on Tobacco","Cigarette Sales","Average Cost per pack","1,237","$","Dollars","    (43.625381239, -72.517640791)","Table 13- Orzechowski and Walker, Tax Burden on Tobacco","POL","450POL","450CGS","455CGS","1"
"VT","Vermont","1987","OW","The Tax Burden on Tobacco","Cigarette Sales","Cigarette Consumption (Pack Sales Per Capita)","128,3",,"Pack","    (43.625381239, -72.517640791)","Table 11- Orzechowski and Walker, Tax Burden on Tobacco","POL","450POL","450CGS","453CGS","2"
"VA","Virginia","1987","OW","The Tax Burden on Tobacco","Cigarette Sales","Average Cost per pack","1,021","$","Dollars","    (37.542680674, -78.457890463)","Table 13- Orzechowski and Walker, Tax Burden on Tobacco","POL","450POL","450CGS","455CGS","1"
"VA","Virginia","1987","OW","The Tax Burden on Tobacco","Cigarette Sales","Cigarette Consumption (Pack Sales Per Capita)","133",,"Pack","    (37.542680674, -78.457890463)","Table 11- Orzechowski and Walker, Tax Burden on Tobacco","POL","450POL","450CGS","453CGS","2"
"WA","Washington","1987","OW","The Tax Burden on Tobacco","Cigarette Sales","Average Cost per pack","1,414","$","Dollars","    (47.522278629, -120.47001079)","Table 13- Orzechowski and Walker, Tax Burden on Tobacco","POL","450POL","450CGS","455CGS","1"
"WA","Washington","1987","OW","The Tax Burden on Tobacco","Cigarette Sales","Cigarette Consumption (Pack Sales Per Capita)","91,3",,"Pack","    (47.522278629, -120.47001079)","Table 11- Orzechowski and Walker, Tax Burden on Tobacco","POL","450POL","450CGS","453CGS","2"
"WV","West Virginia","1987","OW","The Tax Burden on Tobacco","Cigarette Sales","Cigarette Consumption (Pack Sales Per Capita)","107,5",,"Pack","    (38.665510202, -80.712640135)","Table 11- Orzechowski and Walker, Tax Burden on Tobacco","POL","450POL","450CGS","453CGS","2"
"WV","West Virginia","1987","OW","The Tax Burden on Tobacco","Cigarette Sales","Average Cost per pack","1,222","$","Dollars","    (38.665510202, -80.712640135)","Table 13- Orzechowski and Walker, Tax Burden on Tobacco","POL","450POL","450CGS","455CGS","1"
"WI","Wisconsin","1987","OW","The Tax Burden on Tobacco","Cigarette Sales","Cigarette Consumption (Pack Sales Per Capita)","106",,"Pack","    (44.393191174, -89.816370742)","Table 11- Orzechowski and Walker, Tax Burden on Tobacco","POL","450POL","450CGS","453CGS","2"
"WI","Wisconsin","1987","OW","The Tax Burden on Tobacco","Cigarette Sales","Average Cost per pack","1,286","$","Dollars","    (44.393191174, -89.816370742)","Table 13- Orzechowski and Walker, Tax Burden on Tobacco","POL","450POL","450CGS","455CGS","1"
"WY","Wyoming","1987","OW","The Tax Burden on Tobacco","Cigarette Sales","Average Cost per pack","1,129","$","Dollars","    (43.235541343, -108.109830353)","Table 13- Orzechowski and Walker, Tax Burden on Tobacco","POL","450POL","450CGS","455CGS","1"
"WY","Wyoming","1987","OW","The Tax Burden on Tobacco","Cigarette Sales","Cigarette Consumption (Pack Sales Per Capita)","110,4",,"Pack","    (43.235541343, -108.109830353)","Table 11- Orzechowski and Walker, Tax Burden on Tobacco","POL","450POL","450CGS","453CGS","2"
"AL","Alabama","1986","OW","The Tax Burden on Tobacco","Cigarette Sales","Average Cost per pack","1,1","$","Dollars","    (32.840571122, -86.631860762)","Table 13- Orzechowski and Walker, Tax Burden on Tobacco","POL","450POL","450CGS","455CGS","1"
"AL","Alabama","1986","OW","The Tax Burden on Tobacco","Cigarette Sales","Cigarette Consumption (Pack Sales Per Capita)","116,3",,"Pack","    (32.840571122, -86.631860762)","Table 11- Orzechowski and Walker, Tax Burden on Tobacco","POL","450POL","450CGS","453CGS","2"
"AK","Alaska","1986","OW","The Tax Burden on Tobacco","Cigarette Sales","Average Cost per pack","1,215","$","Dollars","    (64.845079957001, -147.722059036)","Table 13- Orzechowski and Walker, Tax Burden on Tobacco","POL","450POL","450CGS","455CGS","1"
"AK","Alaska","1986","OW","The Tax Burden on Tobacco","Cigarette Sales","Cigarette Consumption (Pack Sales Per Capita)","126,3",,"Pack","    (64.845079957001, -147.722059036)","Table 11- Orzechowski and Walker, Tax Burden on Tobacco","POL","450POL","450CGS","453CGS","2"
"AZ","Arizona","1986","OW","The Tax Burden on Tobacco","Cigarette Sales","Cigarette Consumption (Pack Sales Per Capita)","107,9",,"Pack","    (34.86597028, -111.763811277)","Table 11- Orzechowski and Walker, Tax Burden on Tobacco","POL","450POL","450CGS","453CGS","2"
"AZ","Arizona","1986","OW","The Tax Burden on Tobacco","Cigarette Sales","Average Cost per pack","1,135","$","Dollars","    (34.86597028, -111.763811277)","Table 13- Orzechowski and Walker, Tax Burden on Tobacco","POL","450POL","450CGS","455CGS","1"
"AR","Arkansas","1986","OW","The Tax Burden on Tobacco","Cigarette Sales","Average Cost per pack","1,13","$","Dollars","    (34.748650124, -92.274490743)","Table 13- Orzechowski and Walker, Tax Burden on Tobacco","POL","450POL","450CGS","455CGS","1"
"AR","Arkansas","1986","OW","The Tax Burden on Tobacco","Cigarette Sales","Cigarette Consumption (Pack Sales Per Capita)","126",,"Pack","    (34.748650124, -92.274490743)","Table 11- Orzechowski and Walker, Tax Burden on Tobacco","POL","450POL","450CGS","453CGS","2"
"CA","California","1986","OW","The Tax Burden on Tobacco","Cigarette Sales","Average Cost per pack","1,039","$","Dollars","    (37.638640123, -120.999999538)","Table 13- Orzechowski and Walker, Tax Burden on Tobacco","POL","450POL","450CGS","455CGS","1"
"CA","California","1986","OW","The Tax Burden on Tobacco","Cigarette Sales","Cigarette Consumption (Pack Sales Per Capita)","99,7",,"Pack","    (37.638640123, -120.999999538)","Table 11- Orzechowski and Walker, Tax Burden on Tobacco","POL","450POL","450CGS","453CGS","2"
"CO","Colorado","1986","OW","The Tax Burden on Tobacco","Cigarette Sales","Average Cost per pack","1,086","$","Dollars","    (38.843840757, -106.133610921)","Table 13- Orzechowski and Walker, Tax Burden on Tobacco","POL","450POL","450CGS","455CGS","1"
"CO","Colorado","1986","OW","The Tax Burden on Tobacco","Cigarette Sales","Cigarette Consumption (Pack Sales Per Capita)","109,9",,"Pack","    (38.843840757, -106.133610921)","Table 11- Orzechowski and Walker, Tax Burden on Tobacco","POL","450POL","450CGS","453CGS","2"
"CT","Connecticut","1986","OW","The Tax Burden on Tobacco","Cigarette Sales","Cigarette Consumption (Pack Sales Per Capita)","108,5",,"Pack","    (41.56266102, -72.649840952)","Table 11- Orzechowski and Walker, Tax Burden on Tobacco","POL","450POL","450CGS","453CGS","2"
"CT","Connecticut","1986","OW","The Tax Burden on Tobacco","Cigarette Sales","Average Cost per pack","1,227","$","Dollars","    (41.56266102, -72.649840952)","Table 13- Orzechowski and Walker, Tax Burden on Tobacco","POL","450POL","450CGS","455CGS","1"
"DE","Delaware","1986","OW","The Tax Burden on Tobacco","Cigarette Sales","Cigarette Consumption (Pack Sales Per Capita)","142,4",,"Pack","    (39.008830667, -75.577741168)","Table 11- Orzechowski and Walker, Tax Burden on Tobacco","POL","450POL","450CGS","453CGS","2"
"DE","Delaware","1986","OW","The Tax Burden on Tobacco","Cigarette Sales","Average Cost per pack","1,114","$","Dollars","    (39.008830667, -75.577741168)","Table 13- Orzechowski and Walker, Tax Burden on Tobacco","POL","450POL","450CGS","455CGS","1"
"DC","District of Columbia","1986","OW","The Tax Burden on Tobacco","Cigarette Sales","Cigarette Consumption (Pack Sales Per Capita)","117,2",,"Pack","    (38.890371385, -77.031961127)","Table 11- Orzechowski and Walker, Tax Burden on Tobacco","POL","450POL","450CGS","453CGS","2"
"DC","District of Columbia","1986","OW","The Tax Burden on Tobacco","Cigarette Sales","Average Cost per pack","1,125","$","Dollars","    (38.890371385, -77.031961127)","Table 13- Orzechowski and Walker, Tax Burden on Tobacco","POL","450POL","450CGS","455CGS","1"
"FL","Florida","1986","OW","The Tax Burden on Tobacco","Cigarette Sales","Average Cost per pack","1,208","$","Dollars","    (28.932040377, -81.928960539)","Table 13- Orzechowski and Walker, Tax Burden on Tobacco","POL","450POL","450CGS","455CGS","1"
"FL","Florida","1986","OW","The Tax Burden on Tobacco","Cigarette Sales","Cigarette Consumption (Pack Sales Per Capita)","124,7",,"Pack","    (28.932040377, -81.928960539)","Table 11- Orzechowski and Walker, Tax Burden on Tobacco","POL","450POL","450CGS","453CGS","2"
"GA","Georgia","1986","OW","The Tax Burden on Tobacco","Cigarette Sales","Average Cost per pack","1,039","$","Dollars","    (32.839681093, -83.627580346)","Table 13- Orzechowski and Walker, Tax Burden on Tobacco","POL","450POL","450CGS","455CGS","1"
"GA","Georgia","1986","OW","The Tax Burden on Tobacco","Cigarette Sales","Cigarette Consumption (Pack Sales Per Capita)","129",,"Pack","    (32.839681093, -83.627580346)","Table 11- Orzechowski and Walker, Tax Burden on Tobacco","POL","450POL","450CGS","453CGS","2"
"HI","Hawaii","1986","OW","The Tax Burden on Tobacco","Cigarette Sales","Average Cost per pack","1,242","$","Dollars","    (21.304850435, -157.857749403)","Table 13- Orzechowski and Walker, Tax Burden on Tobacco","POL","450POL","450CGS","455CGS","1"
"HI","Hawaii","1986","OW","The Tax Burden on Tobacco","Cigarette Sales","Cigarette Consumption (Pack Sales Per Capita)","61,2",,"Pack","    (21.304850435, -157.857749403)","Table 11- Orzechowski and Walker, Tax Burden on Tobacco","POL","450POL","450CGS","453CGS","2"
"ID","Idaho","1986","OW","The Tax Burden on Tobacco","Cigarette Sales","Average Cost per pack","1,071","$","Dollars","    (43.682630005, -114.363730042)","Table 13- Orzechowski and Walker, Tax Burden on Tobacco","POL","450POL","450CGS","455CGS","1"
"ID","Idaho","1986","OW","The Tax Burden on Tobacco","Cigarette Sales","Cigarette Consumption (Pack Sales Per Capita)","96,7",,"Pack","    (43.682630005, -114.363730042)","Table 11- Orzechowski and Walker, Tax Burden on Tobacco","POL","450POL","450CGS","453CGS","2"
"IL","Illinois","1986","OW","The Tax Burden on Tobacco","Cigarette Sales","Cigarette Consumption (Pack Sales Per Capita)","118,2",,"Pack","    (40.485010283, -88.997710178)","Table 11- Orzechowski and Walker, Tax Burden on Tobacco","POL","450POL","450CGS","453CGS","2"
"IL","Illinois","1986","OW","The Tax Burden on Tobacco","Cigarette Sales","Average Cost per pack","1,162","$","Dollars","    (40.485010283, -88.997710178)","Table 13- Orzechowski and Walker, Tax Burden on Tobacco","POL","450POL","450CGS","455CGS","1"
"IN","Indiana","1986","OW","The Tax Burden on Tobacco","Cigarette Sales","Average Cost per pack","1,001","$","Dollars","    (39.766910452, -86.149960194)","Table 13- Orzechowski and Walker, Tax Burden on Tobacco","POL","450POL","450CGS","455CGS","1"
"IN","Indiana","1986","OW","The Tax Burden on Tobacco","Cigarette Sales","Cigarette Consumption (Pack Sales Per Capita)","137,6",,"Pack","    (39.766910452, -86.149960194)","Table 11- Orzechowski and Walker, Tax Burden on Tobacco","POL","450POL","450CGS","453CGS","2"
"IA","Iowa","1986","OW","The Tax Burden on Tobacco","Cigarette Sales","Cigarette Consumption (Pack Sales Per Capita)","104,1",,"Pack","    (42.469400913, -93.816490556)","Table 11- Orzechowski and Walker, Tax Burden on Tobacco","POL","450POL","450CGS","453CGS","2"
"IA","Iowa","1986","OW","The Tax Burden on Tobacco","Cigarette Sales","Average Cost per pack","1,171","$","Dollars","    (42.469400913, -93.816490556)","Table 13- Orzechowski and Walker, Tax Burden on Tobacco","POL","450POL","450CGS","455CGS","1"
"KS","Kansas","1986","OW","The Tax Burden on Tobacco","Cigarette Sales","Cigarette Consumption (Pack Sales Per Capita)","109,4",,"Pack","    (38.3477403, -98.200781227)","Table 11- Orzechowski and Walker, Tax Burden on Tobacco","POL","450POL","450CGS","453CGS","2"
"KS","Kansas","1986","OW","The Tax Burden on Tobacco","Cigarette Sales","Average Cost per pack","1,145","$","Dollars","    (38.3477403, -98.200781227)","Table 13- Orzechowski and Walker, Tax Burden on Tobacco","POL","450POL","450CGS","455CGS","1"
"KY","Kentucky","1986","OW","The Tax Burden on Tobacco","Cigarette Sales","Average Cost per pack","0,905","$","Dollars","    (37.645970271, -84.774971048)","Table 13- Orzechowski and Walker, Tax Burden on Tobacco","POL","450POL","450CGS","455CGS","1"
"KY","Kentucky","1986","OW","The Tax Burden on Tobacco","Cigarette Sales","Cigarette Consumption (Pack Sales Per Capita)","179,8",,"Pack","    (37.645970271, -84.774971048)","Table 11- Orzechowski and Walker, Tax Burden on Tobacco","POL","450POL","450CGS","453CGS","2"
"LA","Louisiana","1986","OW","The Tax Burden on Tobacco","Cigarette Sales","Average Cost per pack","1,178","$","Dollars","    (31.312660644, -92.445680071)","Table 13- Orzechowski and Walker, Tax Burden on Tobacco","POL","450POL","450CGS","455CGS","1"
"LA","Louisiana","1986","OW","The Tax Burden on Tobacco","Cigarette Sales","Cigarette Consumption (Pack Sales Per Capita)","121,2",,"Pack","    (31.312660644, -92.445680071)","Table 11- Orzechowski and Walker, Tax Burden on Tobacco","POL","450POL","450CGS","453CGS","2"
"ME","Maine","1986","OW","The Tax Burden on Tobacco","Cigarette Sales","Average Cost per pack","1,212","$","Dollars","    (45.254228894001, -68.985031336)","Table 13- Orzechowski and Walker, Tax Burden on Tobacco","POL","450POL","450CGS","455CGS","1"
"ME","Maine","1986","OW","The Tax Burden on Tobacco","Cigarette Sales","Cigarette Consumption (Pack Sales Per Capita)","119",,"Pack","    (45.254228894001, -68.985031336)","Table 11- Orzechowski and Walker, Tax Burden on Tobacco","POL","450POL","450CGS","453CGS","2"
"MD","Maryland","1986","OW","The Tax Burden on Tobacco","Cigarette Sales","Cigarette Consumption (Pack Sales Per Capita)","121,8",,"Pack","    (39.290580964, -76.609260111)","Table 11- Orzechowski and Walker, Tax Burden on Tobacco","POL","450POL","450CGS","453CGS","2"
"MD","Maryland","1986","OW","The Tax Burden on Tobacco","Cigarette Sales","Average Cost per pack","1,003","$","Dollars","    (39.290580964, -76.609260111)","Table 13- Orzechowski and Walker, Tax Burden on Tobacco","POL","450POL","450CGS","455CGS","1"
"MA","Massachusetts","1986","OW","The Tax Burden on Tobacco","Cigarette Sales","Cigarette Consumption (Pack Sales Per Capita)","115,8",,"Pack","    (42.27687047, -72.082690675)","Table 11- Orzechowski and Walker, Tax Burden on Tobacco","POL","450POL","450CGS","453CGS","2"
"MA","Massachusetts","1986","OW","The Tax Burden on Tobacco","Cigarette Sales","Average Cost per pack","1,204","$","Dollars","    (42.27687047, -72.082690675)","Table 13- Orzechowski and Walker, Tax Burden on Tobacco","POL","450POL","450CGS","455CGS","1"
"MI","Michigan","1986","OW","The Tax Burden on Tobacco","Cigarette Sales","Average Cost per pack","1,114","$","Dollars","    (44.661319543001, -84.71439027)","Table 13- Orzechowski and Walker, Tax Burden on Tobacco","POL","450POL","450CGS","455CGS","1"
"MI","Michigan","1986","OW","The Tax Burden on Tobacco","Cigarette Sales","Cigarette Consumption (Pack Sales Per Capita)","126,5",,"Pack","    (44.661319543001, -84.71439027)","Table 11- Orzechowski and Walker, Tax Burden on Tobacco","POL","450POL","450CGS","453CGS","2"
"MN","Minnesota","1986","OW","The Tax Burden on Tobacco","Cigarette Sales","Cigarette Consumption (Pack Sales Per Capita)","104,8",,"Pack","    (46.355648736, -94.794200503)","Table 11- Orzechowski and Walker, Tax Burden on Tobacco","POL","450POL","450CGS","453CGS","2"
"MN","Minnesota","1986","OW","The Tax Burden on Tobacco","Cigarette Sales","Average Cost per pack","1,201","$","Dollars","    (46.355648736, -94.794200503)","Table 13- Orzechowski and Walker, Tax Burden on Tobacco","POL","450POL","450CGS","455CGS","1"
"MS","Mississippi","1986","OW","The Tax Burden on Tobacco","Cigarette Sales","Cigarette Consumption (Pack Sales Per Capita)","113,2",,"Pack","    (32.745510099, -89.538030825)","Table 11- Orzechowski and Walker, Tax Burden on Tobacco","POL","450POL","450CGS","453CGS","2"
"MS","Mississippi","1986","OW","The Tax Burden on Tobacco","Cigarette Sales","Average Cost per pack","1,158","$","Dollars","    (32.745510099, -89.538030825)","Table 13- Orzechowski and Walker, Tax Burden on Tobacco","POL","450POL","450CGS","455CGS","1"
"MO","Missouri","1986","OW","The Tax Burden on Tobacco","Cigarette Sales","Cigarette Consumption (Pack Sales Per Capita)","128,8",,"Pack","    (38.635790776, -92.566300053)","Table 11- Orzechowski and Walker, Tax Burden on Tobacco","POL","450POL","450CGS","453CGS","2"
"MO","Missouri","1986","OW","The Tax Burden on Tobacco","Cigarette Sales","Average Cost per pack","1,085","$","Dollars","    (38.635790776, -92.566300053)","Table 13- Orzechowski and Walker, Tax Burden on Tobacco","POL","450POL","450CGS","455CGS","1"
"MT","Montana","1986","OW","The Tax Burden on Tobacco","Cigarette Sales","Cigarette Consumption (Pack Sales Per Capita)","97,8",,"Pack","    (47.066528972, -109.424420645)","Table 11- Orzechowski and Walker, Tax Burden on Tobacco","POL","450POL","450CGS","453CGS","2"
"MT","Montana","1986","OW","The Tax Burden on Tobacco","Cigarette Sales","Average Cost per pack","1,062","$","Dollars","    (47.066528972, -109.424420645)","Table 13- Orzechowski and Walker, Tax Burden on Tobacco","POL","450POL","450CGS","455CGS","1"
"NE","Nebraska","1986","OW","The Tax Burden on Tobacco","Cigarette Sales","Average Cost per pack","1,137","$","Dollars","    (41.641040988001, -99.365720623)","Table 13- Orzechowski and Walker, Tax Burden on Tobacco","POL","450POL","450CGS","455CGS","1"
"NE","Nebraska","1986","OW","The Tax Burden on Tobacco","Cigarette Sales","Cigarette Consumption (Pack Sales Per Capita)","103,1",,"Pack","    (41.641040988001, -99.365720623)","Table 11- Orzechowski and Walker, Tax Burden on Tobacco","POL","450POL","450CGS","453CGS","2"
"NV","Nevada","1986","OW","The Tax Burden on Tobacco","Cigarette Sales","Average Cost per pack","1,14","$","Dollars","    (39.49324039, -117.071840564)","Table 13- Orzechowski and Walker, Tax Burden on Tobacco","POL","450POL","450CGS","455CGS","1"
"NV","Nevada","1986","OW","The Tax Burden on Tobacco","Cigarette Sales","Cigarette Consumption (Pack Sales Per Capita)","142,6",,"Pack","    (39.49324039, -117.071840564)","Table 11- Orzechowski and Walker, Tax Burden on Tobacco","POL","450POL","450CGS","453CGS","2"
"NH","New Hampshire","1986","OW","The Tax Burden on Tobacco","Cigarette Sales","Cigarette Consumption (Pack Sales Per Capita)","195,9",,"Pack","    (43.655950113, -71.50036092)","Table 11- Orzechowski and Walker, Tax Burden on Tobacco","POL","450POL","450CGS","453CGS","2"
"NH","New Hampshire","1986","OW","The Tax Burden on Tobacco","Cigarette Sales","Average Cost per pack","1,02","$","Dollars","    (43.655950113, -71.50036092)","Table 13- Orzechowski and Walker, Tax Burden on Tobacco","POL","450POL","450CGS","455CGS","1"
"NJ","New Jersey","1986","OW","The Tax Burden on Tobacco","Cigarette Sales","Cigarette Consumption (Pack Sales Per Capita)","115,5",,"Pack","    (40.130570048, -74.273691288)","Table 11- Orzechowski and Walker, Tax Burden on Tobacco","POL","450POL","450CGS","453CGS","2"
"NJ","New Jersey","1986","OW","The Tax Burden on Tobacco","Cigarette Sales","Average Cost per pack","1,196","$","Dollars","    (40.130570048, -74.273691288)","Table 13- Orzechowski and Walker, Tax Burden on Tobacco","POL","450POL","450CGS","455CGS","1"
"NM","New Mexico","1986","OW","The Tax Burden on Tobacco","Cigarette Sales","Average Cost per pack","1,102","$","Dollars","    (34.520880952, -106.240580985)","Table 13- Orzechowski and Walker, Tax Burden on Tobacco","POL","450POL","450CGS","455CGS","1"
"NM","New Mexico","1986","OW","The Tax Burden on Tobacco","Cigarette Sales","Cigarette Consumption (Pack Sales Per Capita)","88,2",,"Pack","    (34.520880952, -106.240580985)","Table 11- Orzechowski and Walker, Tax Burden on Tobacco","POL","450POL","450CGS","453CGS","2"
"NY","New York","1986","OW","The Tax Burden on Tobacco","Cigarette Sales","Cigarette Consumption (Pack Sales Per Capita)","114",,"Pack","    (42.827001032, -75.543970427)","Table 11- Orzechowski and Walker, Tax Burden on Tobacco","POL","450POL","450CGS","453CGS","2"
"NY","New York","1986","OW","The Tax Burden on Tobacco","Cigarette Sales","Average Cost per pack","1,17","$","Dollars","    (42.827001032, -75.543970427)","Table 13- Orzechowski and Walker, Tax Burden on Tobacco","POL","450POL","450CGS","455CGS","1"
"NC","North Carolina","1986","OW","The Tax Burden on Tobacco","Cigarette Sales","Average Cost per pack","0,906","$","Dollars","    (35.466220975, -79.159250463)","Table 13- Orzechowski and Walker, Tax Burden on Tobacco","POL","450POL","450CGS","455CGS","1"
"NC","North Carolina","1986","OW","The Tax Burden on Tobacco","Cigarette Sales","Cigarette Consumption (Pack Sales Per Capita)","154,4",,"Pack","    (35.466220975, -79.159250463)","Table 11- Orzechowski and Walker, Tax Burden on Tobacco","POL","450POL","450CGS","453CGS","2"
"ND","North Dakota","1986","OW","The Tax Burden on Tobacco","Cigarette Sales","Average Cost per pack","1,103","$","Dollars","    (47.475319779, -100.118421049)","Table 13- Orzechowski and Walker, Tax Burden on Tobacco","POL","450POL","450CGS","455CGS","1"
"ND","North Dakota","1986","OW","The Tax Burden on Tobacco","Cigarette Sales","Cigarette Consumption (Pack Sales Per Capita)","99,8",,"Pack","    (47.475319779, -100.118421049)","Table 11- Orzechowski and Walker, Tax Burden on Tobacco","POL","450POL","450CGS","453CGS","2"
"OH","Ohio","1986","OW","The Tax Burden on Tobacco","Cigarette Sales","Average Cost per pack","1,022","$","Dollars","    (40.060210141, -82.404260056)","Table 13- Orzechowski and Walker, Tax Burden on Tobacco","POL","450POL","450CGS","455CGS","1"
"OH","Ohio","1986","OW","The Tax Burden on Tobacco","Cigarette Sales","Cigarette Consumption (Pack Sales Per Capita)","126,3",,"Pack","    (40.060210141, -82.404260056)","Table 11- Orzechowski and Walker, Tax Burden on Tobacco","POL","450POL","450CGS","453CGS","2"
"OK","Oklahoma","1986","OW","The Tax Burden on Tobacco","Cigarette Sales","Cigarette Consumption (Pack Sales Per Capita)","119,9",,"Pack","    (35.472031356, -97.521070214)","Table 11- Orzechowski and Walker, Tax Burden on Tobacco","POL","450POL","450CGS","453CGS","2"
"OK","Oklahoma","1986","OW","The Tax Burden on Tobacco","Cigarette Sales","Average Cost per pack","1,144","$","Dollars","    (35.472031356, -97.521070214)","Table 13- Orzechowski and Walker, Tax Burden on Tobacco","POL","450POL","450CGS","455CGS","1"
"OR","Oregon","1986","OW","The Tax Burden on Tobacco","Cigarette Sales","Cigarette Consumption (Pack Sales Per Capita)","112",,"Pack","    (44.567449424, -120.155031326)","Table 11- Orzechowski and Walker, Tax Burden on Tobacco","POL","450POL","450CGS","453CGS","2"
"OR","Oregon","1986","OW","The Tax Burden on Tobacco","Cigarette Sales","Average Cost per pack","1,171","$","Dollars","    (44.567449424, -120.155031326)","Table 13- Orzechowski and Walker, Tax Burden on Tobacco","POL","450POL","450CGS","455CGS","1"
"PA","Pennsylvania","1986","OW","The Tax Burden on Tobacco","Cigarette Sales","Cigarette Consumption (Pack Sales Per Capita)","113,9",,"Pack","    (40.793730152, -77.860700294)","Table 11- Orzechowski and Walker, Tax Burden on Tobacco","POL","450POL","450CGS","453CGS","2"
"PA","Pennsylvania","1986","OW","The Tax Burden on Tobacco","Cigarette Sales","Average Cost per pack","1,1","$","Dollars","    (40.793730152, -77.860700294)","Table 13- Orzechowski and Walker, Tax Burden on Tobacco","POL","450POL","450CGS","455CGS","1"
"RI","Rhode Island","1986","OW","The Tax Burden on Tobacco","Cigarette Sales","Average Cost per pack","1,135","$","Dollars","    (41.708280193, -71.522470314)","Table 13- Orzechowski and Walker, Tax Burden on Tobacco","POL","450POL","450CGS","455CGS","1"
"RI","Rhode Island","1986","OW","The Tax Burden on Tobacco","Cigarette Sales","Cigarette Consumption (Pack Sales Per Capita)","136,3",,"Pack","    (41.708280193, -71.522470314)","Table 11- Orzechowski and Walker, Tax Burden on Tobacco","POL","450POL","450CGS","453CGS","2"
"SC","South Carolina","1986","OW","The Tax Burden on Tobacco","Cigarette Sales","Average Cost per pack","0,953","$","Dollars","    (33.998821303, -81.045371207)","Table 13- Orzechowski and Walker, Tax Burden on Tobacco","POL","450POL","450CGS","455CGS","1"
"SC","South Carolina","1986","OW","The Tax Burden on Tobacco","Cigarette Sales","Cigarette Consumption (Pack Sales Per Capita)","126,6",,"Pack","    (33.998821303, -81.045371207)","Table 11- Orzechowski and Walker, Tax Burden on Tobacco","POL","450POL","450CGS","453CGS","2"
"SD","South Dakota","1986","OW","The Tax Burden on Tobacco","Cigarette Sales","Cigarette Consumption (Pack Sales Per Capita)","97",,"Pack","    (44.353130053, -100.373530637)","Table 11- Orzechowski and Walker, Tax Burden on Tobacco","POL","450POL","450CGS","453CGS","2"
"SD","South Dakota","1986","OW","The Tax Burden on Tobacco","Cigarette Sales","Average Cost per pack","1,137","$","Dollars","    (44.353130053, -100.373530637)","Table 13- Orzechowski and Walker, Tax Burden on Tobacco","POL","450POL","450CGS","455CGS","1"
"TN","Tennessee","1986","OW","The Tax Burden on Tobacco","Cigarette Sales","Average Cost per pack","1,035","$","Dollars","    (35.68094058, -85.774490914)","Table 13- Orzechowski and Walker, Tax Burden on Tobacco","POL","450POL","450CGS","455CGS","1"
"TN","Tennessee","1986","OW","The Tax Burden on Tobacco","Cigarette Sales","Cigarette Consumption (Pack Sales Per Capita)","107,9",,"Pack","    (35.68094058, -85.774490914)","Table 11- Orzechowski and Walker, Tax Burden on Tobacco","POL","450POL","450CGS","453CGS","2"
"TX","Texas","1986","OW","The Tax Burden on Tobacco","Cigarette Sales","Cigarette Consumption (Pack Sales Per Capita)","113,7",,"Pack","    (31.827240407, -99.426770206)","Table 11- Orzechowski and Walker, Tax Burden on Tobacco","POL","450POL","450CGS","453CGS","2"
"TX","Texas","1986","OW","The Tax Burden on Tobacco","Cigarette Sales","Average Cost per pack","1,144","$","Dollars","    (31.827240407, -99.426770206)","Table 13- Orzechowski and Walker, Tax Burden on Tobacco","POL","450POL","450CGS","455CGS","1"
"UT","Utah","1986","OW","The Tax Burden on Tobacco","Cigarette Sales","Average Cost per pack","1,086","$","Dollars","    (39.360700171, -111.587130635)","Table 13- Orzechowski and Walker, Tax Burden on Tobacco","POL","450POL","450CGS","455CGS","1"
"UT","Utah","1986","OW","The Tax Burden on Tobacco","Cigarette Sales","Cigarette Consumption (Pack Sales Per Capita)","64,4",,"Pack","    (39.360700171, -111.587130635)","Table 11- Orzechowski and Walker, Tax Burden on Tobacco","POL","450POL","450CGS","453CGS","2"
"VT","Vermont","1986","OW","The Tax Burden on Tobacco","Cigarette Sales","Average Cost per pack","1,138","$","Dollars","    (43.625381239, -72.517640791)","Table 13- Orzechowski and Walker, Tax Burden on Tobacco","POL","450POL","450CGS","455CGS","1"
"VT","Vermont","1986","OW","The Tax Burden on Tobacco","Cigarette Sales","Cigarette Consumption (Pack Sales Per Capita)","131,2",,"Pack","    (43.625381239, -72.517640791)","Table 11- Orzechowski and Walker, Tax Burden on Tobacco","POL","450POL","450CGS","453CGS","2"
"VA","Virginia","1986","OW","The Tax Burden on Tobacco","Cigarette Sales","Cigarette Consumption (Pack Sales Per Capita)","135,8",,"Pack","    (37.542680674, -78.457890463)","Table 11- Orzechowski and Walker, Tax Burden on Tobacco","POL","450POL","450CGS","453CGS","2"
"VA","Virginia","1986","OW","The Tax Burden on Tobacco","Cigarette Sales","Average Cost per pack","0,946","$","Dollars","    (37.542680674, -78.457890463)","Table 13- Orzechowski and Walker, Tax Burden on Tobacco","POL","450POL","450CGS","455CGS","1"
"WA","Washington","1986","OW","The Tax Burden on Tobacco","Cigarette Sales","Average Cost per pack","1,342","$","Dollars","    (47.522278629, -120.47001079)","Table 13- Orzechowski and Walker, Tax Burden on Tobacco","POL","450POL","450CGS","455CGS","1"
"WA","Washington","1986","OW","The Tax Burden on Tobacco","Cigarette Sales","Cigarette Consumption (Pack Sales Per Capita)","94,2",,"Pack","    (47.522278629, -120.47001079)","Table 11- Orzechowski and Walker, Tax Burden on Tobacco","POL","450POL","450CGS","453CGS","2"
"WV","West Virginia","1986","OW","The Tax Burden on Tobacco","Cigarette Sales","Cigarette Consumption (Pack Sales Per Capita)","112,1",,"Pack","    (38.665510202, -80.712640135)","Table 11- Orzechowski and Walker, Tax Burden on Tobacco","POL","450POL","450CGS","453CGS","2"
"WV","West Virginia","1986","OW","The Tax Burden on Tobacco","Cigarette Sales","Average Cost per pack","1,128","$","Dollars","    (38.665510202, -80.712640135)","Table 13- Orzechowski and Walker, Tax Burden on Tobacco","POL","450POL","450CGS","455CGS","1"
"WI","Wisconsin","1986","OW","The Tax Burden on Tobacco","Cigarette Sales","Cigarette Consumption (Pack Sales Per Capita)","105,4",,"Pack","    (44.393191174, -89.816370742)","Table 11- Orzechowski and Walker, Tax Burden on Tobacco","POL","450POL","450CGS","453CGS","2"
"WI","Wisconsin","1986","OW","The Tax Burden on Tobacco","Cigarette Sales","Average Cost per pack","1,163","$","Dollars","    (44.393191174, -89.816370742)","Table 13- Orzechowski and Walker, Tax Burden on Tobacco","POL","450POL","450CGS","455CGS","1"
"WY","Wyoming","1986","OW","The Tax Burden on Tobacco","Cigarette Sales","Cigarette Consumption (Pack Sales Per Capita)","124,8",,"Pack","    (43.235541343, -108.109830353)","Table 11- Orzechowski and Walker, Tax Burden on Tobacco","POL","450POL","450CGS","453CGS","2"
"WY","Wyoming","1986","OW","The Tax Burden on Tobacco","Cigarette Sales","Average Cost per pack","1,027","$","Dollars","    (43.235541343, -108.109830353)","Table 13- Orzechowski and Walker, Tax Burden on Tobacco","POL","450POL","450CGS","455CGS","1"
"AL","Alabama","1985","OW","The Tax Burden on Tobacco","Cigarette Sales","Average Cost per pack","1,03","$","Dollars","    (32.840571122, -86.631860762)","Table 13- Orzechowski and Walker, Tax Burden on Tobacco","POL","450POL","450CGS","455CGS","1"
"AL","Alabama","1985","OW","The Tax Burden on Tobacco","Cigarette Sales","Cigarette Consumption (Pack Sales Per Capita)","114,5",,"Pack","    (32.840571122, -86.631860762)","Table 11- Orzechowski and Walker, Tax Burden on Tobacco","POL","450POL","450CGS","453CGS","2"
"AK","Alaska","1985","OW","The Tax Burden on Tobacco","Cigarette Sales","Average Cost per pack","1,1","$","Dollars","    (64.845079957001, -147.722059036)","Table 13- Orzechowski and Walker, Tax Burden on Tobacco","POL","450POL","450CGS","455CGS","1"
"AK","Alaska","1985","OW","The Tax Burden on Tobacco","Cigarette Sales","Cigarette Consumption (Pack Sales Per Capita)","128,9",,"Pack","    (64.845079957001, -147.722059036)","Table 11- Orzechowski and Walker, Tax Burden on Tobacco","POL","450POL","450CGS","453CGS","2"
"AZ","Arizona","1985","OW","The Tax Burden on Tobacco","Cigarette Sales","Cigarette Consumption (Pack Sales Per Capita)","107,1",,"Pack","    (34.86597028, -111.763811277)","Table 11- Orzechowski and Walker, Tax Burden on Tobacco","POL","450POL","450CGS","453CGS","2"
"AZ","Arizona","1985","OW","The Tax Burden on Tobacco","Cigarette Sales","Average Cost per pack","1,067","$","Dollars","    (34.86597028, -111.763811277)","Table 13- Orzechowski and Walker, Tax Burden on Tobacco","POL","450POL","450CGS","455CGS","1"
"AR","Arkansas","1985","OW","The Tax Burden on Tobacco","Cigarette Sales","Cigarette Consumption (Pack Sales Per Capita)","125,8",,"Pack","    (34.748650124, -92.274490743)","Table 11- Orzechowski and Walker, Tax Burden on Tobacco","POL","450POL","450CGS","453CGS","2"
"AR","Arkansas","1985","OW","The Tax Burden on Tobacco","Cigarette Sales","Average Cost per pack","1,036","$","Dollars","    (34.748650124, -92.274490743)","Table 13- Orzechowski and Walker, Tax Burden on Tobacco","POL","450POL","450CGS","455CGS","1"
"CA","California","1985","OW","The Tax Burden on Tobacco","Cigarette Sales","Average Cost per pack","1,044","$","Dollars","    (37.638640123, -120.999999538)","Table 13- Orzechowski and Walker, Tax Burden on Tobacco","POL","450POL","450CGS","455CGS","1"
"CA","California","1985","OW","The Tax Burden on Tobacco","Cigarette Sales","Cigarette Consumption (Pack Sales Per Capita)","102,8",,"Pack","    (37.638640123, -120.999999538)","Table 11- Orzechowski and Walker, Tax Burden on Tobacco","POL","450POL","450CGS","453CGS","2"
"CO","Colorado","1985","OW","The Tax Burden on Tobacco","Cigarette Sales","Average Cost per pack","0,951","$","Dollars","    (38.843840757, -106.133610921)","Table 13- Orzechowski and Walker, Tax Burden on Tobacco","POL","450POL","450CGS","455CGS","1"
"CO","Colorado","1985","OW","The Tax Burden on Tobacco","Cigarette Sales","Cigarette Consumption (Pack Sales Per Capita)","112,4",,"Pack","    (38.843840757, -106.133610921)","Table 11- Orzechowski and Walker, Tax Burden on Tobacco","POL","450POL","450CGS","453CGS","2"
"CT","Connecticut","1985","OW","The Tax Burden on Tobacco","Cigarette Sales","Cigarette Consumption (Pack Sales Per Capita)","111",,"Pack","    (41.56266102, -72.649840952)","Table 11- Orzechowski and Walker, Tax Burden on Tobacco","POL","450POL","450CGS","453CGS","2"
"CT","Connecticut","1985","OW","The Tax Burden on Tobacco","Cigarette Sales","Average Cost per pack","1,185","$","Dollars","    (41.56266102, -72.649840952)","Table 13- Orzechowski and Walker, Tax Burden on Tobacco","POL","450POL","450CGS","455CGS","1"
"DE","Delaware","1985","OW","The Tax Burden on Tobacco","Cigarette Sales","Average Cost per pack","1,052","$","Dollars","    (39.008830667, -75.577741168)","Table 13- Orzechowski and Walker, Tax Burden on Tobacco","POL","450POL","450CGS","455CGS","1"
"DE","Delaware","1985","OW","The Tax Burden on Tobacco","Cigarette Sales","Cigarette Consumption (Pack Sales Per Capita)","144,5",,"Pack","    (39.008830667, -75.577741168)","Table 11- Orzechowski and Walker, Tax Burden on Tobacco","POL","450POL","450CGS","453CGS","2"
"DC","District of Columbia","1985","OW","The Tax Burden on Tobacco","Cigarette Sales","Average Cost per pack","1,093","$","Dollars","    (38.890371385, -77.031961127)","Table 13- Orzechowski and Walker, Tax Burden on Tobacco","POL","450POL","450CGS","455CGS","1"
"DC","District of Columbia","1985","OW","The Tax Burden on Tobacco","Cigarette Sales","Cigarette Consumption (Pack Sales Per Capita)","122,1",,"Pack","    (38.890371385, -77.031961127)","Table 11- Orzechowski and Walker, Tax Burden on Tobacco","POL","450POL","450CGS","453CGS","2"
"FL","Florida","1985","OW","The Tax Burden on Tobacco","Cigarette Sales","Cigarette Consumption (Pack Sales Per Capita)","124,2",,"Pack","    (28.932040377, -81.928960539)","Table 11- Orzechowski and Walker, Tax Burden on Tobacco","POL","450POL","450CGS","453CGS","2"
"FL","Florida","1985","OW","The Tax Burden on Tobacco","Cigarette Sales","Average Cost per pack","1,138","$","Dollars","    (28.932040377, -81.928960539)","Table 13- Orzechowski and Walker, Tax Burden on Tobacco","POL","450POL","450CGS","455CGS","1"
"GA","Georgia","1985","OW","The Tax Burden on Tobacco","Cigarette Sales","Average Cost per pack","1,001","$","Dollars","    (32.839681093, -83.627580346)","Table 13- Orzechowski and Walker, Tax Burden on Tobacco","POL","450POL","450CGS","455CGS","1"
"GA","Georgia","1985","OW","The Tax Burden on Tobacco","Cigarette Sales","Cigarette Consumption (Pack Sales Per Capita)","128,8",,"Pack","    (32.839681093, -83.627580346)","Table 11- Orzechowski and Walker, Tax Burden on Tobacco","POL","450POL","450CGS","453CGS","2"
"HI","Hawaii","1985","OW","The Tax Burden on Tobacco","Cigarette Sales","Average Cost per pack","1,172","$","Dollars","    (21.304850435, -157.857749403)","Table 13- Orzechowski and Walker, Tax Burden on Tobacco","POL","450POL","450CGS","455CGS","1"
"HI","Hawaii","1985","OW","The Tax Burden on Tobacco","Cigarette Sales","Cigarette Consumption (Pack Sales Per Capita)","69,8",,"Pack","    (21.304850435, -157.857749403)","Table 11- Orzechowski and Walker, Tax Burden on Tobacco","POL","450POL","450CGS","453CGS","2"
"ID","Idaho","1985","OW","The Tax Burden on Tobacco","Cigarette Sales","Cigarette Consumption (Pack Sales Per Capita)","100,7",,"Pack","    (43.682630005, -114.363730042)","Table 11- Orzechowski and Walker, Tax Burden on Tobacco","POL","450POL","450CGS","453CGS","2"
"ID","Idaho","1985","OW","The Tax Burden on Tobacco","Cigarette Sales","Average Cost per pack","0,999","$","Dollars","    (43.682630005, -114.363730042)","Table 13- Orzechowski and Walker, Tax Burden on Tobacco","POL","450POL","450CGS","455CGS","1"
"IL","Illinois","1985","OW","The Tax Burden on Tobacco","Cigarette Sales","Average Cost per pack","1,084","$","Dollars","    (40.485010283, -88.997710178)","Table 13- Orzechowski and Walker, Tax Burden on Tobacco","POL","450POL","450CGS","455CGS","1"
"IL","Illinois","1985","OW","The Tax Burden on Tobacco","Cigarette Sales","Cigarette Consumption (Pack Sales Per Capita)","121,6",,"Pack","    (40.485010283, -88.997710178)","Table 11- Orzechowski and Walker, Tax Burden on Tobacco","POL","450POL","450CGS","453CGS","2"
"IN","Indiana","1985","OW","The Tax Burden on Tobacco","Cigarette Sales","Cigarette Consumption (Pack Sales Per Capita)","135,3",,"Pack","    (39.766910452, -86.149960194)","Table 11- Orzechowski and Walker, Tax Burden on Tobacco","POL","450POL","450CGS","453CGS","2"
"IN","Indiana","1985","OW","The Tax Burden on Tobacco","Cigarette Sales","Average Cost per pack","0,936","$","Dollars","    (39.766910452, -86.149960194)","Table 13- Orzechowski and Walker, Tax Burden on Tobacco","POL","450POL","450CGS","455CGS","1"
"IA","Iowa","1985","OW","The Tax Burden on Tobacco","Cigarette Sales","Cigarette Consumption (Pack Sales Per Capita)","109,4",,"Pack","    (42.469400913, -93.816490556)","Table 11- Orzechowski and Walker, Tax Burden on Tobacco","POL","450POL","450CGS","453CGS","2"
"IA","Iowa","1985","OW","The Tax Burden on Tobacco","Cigarette Sales","Average Cost per pack","1,048","$","Dollars","    (42.469400913, -93.816490556)","Table 13- Orzechowski and Walker, Tax Burden on Tobacco","POL","450POL","450CGS","455CGS","1"
"KS","Kansas","1985","OW","The Tax Burden on Tobacco","Cigarette Sales","Cigarette Consumption (Pack Sales Per Capita)","115,7",,"Pack","    (38.3477403, -98.200781227)","Table 11- Orzechowski and Walker, Tax Burden on Tobacco","POL","450POL","450CGS","453CGS","2"
"KS","Kansas","1985","OW","The Tax Burden on Tobacco","Cigarette Sales","Average Cost per pack","1,03","$","Dollars","    (38.3477403, -98.200781227)","Table 13- Orzechowski and Walker, Tax Burden on Tobacco","POL","450POL","450CGS","455CGS","1"
"KY","Kentucky","1985","OW","The Tax Burden on Tobacco","Cigarette Sales","Average Cost per pack","0,854","$","Dollars","    (37.645970271, -84.774971048)","Table 13- Orzechowski and Walker, Tax Burden on Tobacco","POL","450POL","450CGS","455CGS","1"
"KY","Kentucky","1985","OW","The Tax Burden on Tobacco","Cigarette Sales","Cigarette Consumption (Pack Sales Per Capita)","182,4",,"Pack","    (37.645970271, -84.774971048)","Table 11- Orzechowski and Walker, Tax Burden on Tobacco","POL","450POL","450CGS","453CGS","2"
"LA","Louisiana","1985","OW","The Tax Burden on Tobacco","Cigarette Sales","Cigarette Consumption (Pack Sales Per Capita)","125",,"Pack","    (31.312660644, -92.445680071)","Table 11- Orzechowski and Walker, Tax Burden on Tobacco","POL","450POL","450CGS","453CGS","2"
"LA","Louisiana","1985","OW","The Tax Burden on Tobacco","Cigarette Sales","Average Cost per pack","1,051","$","Dollars","    (31.312660644, -92.445680071)","Table 13- Orzechowski and Walker, Tax Burden on Tobacco","POL","450POL","450CGS","455CGS","1"
"ME","Maine","1985","OW","The Tax Burden on Tobacco","Cigarette Sales","Cigarette Consumption (Pack Sales Per Capita)","127,9",,"Pack","    (45.254228894001, -68.985031336)","Table 11- Orzechowski and Walker, Tax Burden on Tobacco","POL","450POL","450CGS","453CGS","2"
"ME","Maine","1985","OW","The Tax Burden on Tobacco","Cigarette Sales","Average Cost per pack","1,127","$","Dollars","    (45.254228894001, -68.985031336)","Table 13- Orzechowski and Walker, Tax Burden on Tobacco","POL","450POL","450CGS","455CGS","1"
"MD","Maryland","1985","OW","The Tax Burden on Tobacco","Cigarette Sales","Average Cost per pack","0,933","$","Dollars","    (39.290580964, -76.609260111)","Table 13- Orzechowski and Walker, Tax Burden on Tobacco","POL","450POL","450CGS","455CGS","1"
"MD","Maryland","1985","OW","The Tax Burden on Tobacco","Cigarette Sales","Cigarette Consumption (Pack Sales Per Capita)","121,9",,"Pack","    (39.290580964, -76.609260111)","Table 11- Orzechowski and Walker, Tax Burden on Tobacco","POL","450POL","450CGS","453CGS","2"
"MA","Massachusetts","1985","OW","The Tax Burden on Tobacco","Cigarette Sales","Cigarette Consumption (Pack Sales Per Capita)","117,2",,"Pack","    (42.27687047, -72.082690675)","Table 11- Orzechowski and Walker, Tax Burden on Tobacco","POL","450POL","450CGS","453CGS","2"
"MA","Massachusetts","1985","OW","The Tax Burden on Tobacco","Cigarette Sales","Average Cost per pack","1,15","$","Dollars","    (42.27687047, -72.082690675)","Table 13- Orzechowski and Walker, Tax Burden on Tobacco","POL","450POL","450CGS","455CGS","1"
"MI","Michigan","1985","OW","The Tax Burden on Tobacco","Cigarette Sales","Average Cost per pack","1,06","$","Dollars","    (44.661319543001, -84.71439027)","Table 13- Orzechowski and Walker, Tax Burden on Tobacco","POL","450POL","450CGS","455CGS","1"
"MI","Michigan","1985","OW","The Tax Burden on Tobacco","Cigarette Sales","Cigarette Consumption (Pack Sales Per Capita)","126,6",,"Pack","    (44.661319543001, -84.71439027)","Table 11- Orzechowski and Walker, Tax Burden on Tobacco","POL","450POL","450CGS","453CGS","2"
"MN","Minnesota","1985","OW","The Tax Burden on Tobacco","Cigarette Sales","Average Cost per pack","1,163","$","Dollars","    (46.355648736, -94.794200503)","Table 13- Orzechowski and Walker, Tax Burden on Tobacco","POL","450POL","450CGS","455CGS","1"
"MN","Minnesota","1985","OW","The Tax Burden on Tobacco","Cigarette Sales","Cigarette Consumption (Pack Sales Per Capita)","113",,"Pack","    (46.355648736, -94.794200503)","Table 11- Orzechowski and Walker, Tax Burden on Tobacco","POL","450POL","450CGS","453CGS","2"
"MS","Mississippi","1985","OW","The Tax Burden on Tobacco","Cigarette Sales","Cigarette Consumption (Pack Sales Per Capita)","115,3",,"Pack","    (32.745510099, -89.538030825)","Table 11- Orzechowski and Walker, Tax Burden on Tobacco","POL","450POL","450CGS","453CGS","2"
"MS","Mississippi","1985","OW","The Tax Burden on Tobacco","Cigarette Sales","Average Cost per pack","1,06","$","Dollars","    (32.745510099, -89.538030825)","Table 13- Orzechowski and Walker, Tax Burden on Tobacco","POL","450POL","450CGS","455CGS","1"
"MO","Missouri","1985","OW","The Tax Burden on Tobacco","Cigarette Sales","Cigarette Consumption (Pack Sales Per Capita)","129,2",,"Pack","    (38.635790776, -92.566300053)","Table 11- Orzechowski and Walker, Tax Burden on Tobacco","POL","450POL","450CGS","453CGS","2"
"MO","Missouri","1985","OW","The Tax Burden on Tobacco","Cigarette Sales","Average Cost per pack","1,019","$","Dollars","    (38.635790776, -92.566300053)","Table 13- Orzechowski and Walker, Tax Burden on Tobacco","POL","450POL","450CGS","455CGS","1"
"MT","Montana","1985","OW","The Tax Burden on Tobacco","Cigarette Sales","Average Cost per pack","1,02","$","Dollars","    (47.066528972, -109.424420645)","Table 13- Orzechowski and Walker, Tax Burden on Tobacco","POL","450POL","450CGS","455CGS","1"
"MT","Montana","1985","OW","The Tax Burden on Tobacco","Cigarette Sales","Cigarette Consumption (Pack Sales Per Capita)","103,6",,"Pack","    (47.066528972, -109.424420645)","Table 11- Orzechowski and Walker, Tax Burden on Tobacco","POL","450POL","450CGS","453CGS","2"
"NE","Nebraska","1985","OW","The Tax Burden on Tobacco","Cigarette Sales","Average Cost per pack","1,04","$","Dollars","    (41.641040988001, -99.365720623)","Table 13- Orzechowski and Walker, Tax Burden on Tobacco","POL","450POL","450CGS","455CGS","1"
"NE","Nebraska","1985","OW","The Tax Burden on Tobacco","Cigarette Sales","Cigarette Consumption (Pack Sales Per Capita)","105,1",,"Pack","    (41.641040988001, -99.365720623)","Table 11- Orzechowski and Walker, Tax Burden on Tobacco","POL","450POL","450CGS","453CGS","2"
"NV","Nevada","1985","OW","The Tax Burden on Tobacco","Cigarette Sales","Average Cost per pack","1,066","$","Dollars","    (39.49324039, -117.071840564)","Table 13- Orzechowski and Walker, Tax Burden on Tobacco","POL","450POL","450CGS","455CGS","1"
"NV","Nevada","1985","OW","The Tax Burden on Tobacco","Cigarette Sales","Cigarette Consumption (Pack Sales Per Capita)","146,7",,"Pack","    (39.49324039, -117.071840564)","Table 11- Orzechowski and Walker, Tax Burden on Tobacco","POL","450POL","450CGS","453CGS","2"
"NH","New Hampshire","1985","OW","The Tax Burden on Tobacco","Cigarette Sales","Average Cost per pack","1","$","Dollars","    (43.655950113, -71.50036092)","Table 13- Orzechowski and Walker, Tax Burden on Tobacco","POL","450POL","450CGS","455CGS","1"
"NH","New Hampshire","1985","OW","The Tax Burden on Tobacco","Cigarette Sales","Cigarette Consumption (Pack Sales Per Capita)","201,1",,"Pack","    (43.655950113, -71.50036092)","Table 11- Orzechowski and Walker, Tax Burden on Tobacco","POL","450POL","450CGS","453CGS","2"
"NJ","New Jersey","1985","OW","The Tax Burden on Tobacco","Cigarette Sales","Cigarette Consumption (Pack Sales Per Capita)","116,9",,"Pack","    (40.130570048, -74.273691288)","Table 11- Orzechowski and Walker, Tax Burden on Tobacco","POL","450POL","450CGS","453CGS","2"
"NJ","New Jersey","1985","OW","The Tax Burden on Tobacco","Cigarette Sales","Average Cost per pack","1,145","$","Dollars","    (40.130570048, -74.273691288)","Table 13- Orzechowski and Walker, Tax Burden on Tobacco","POL","450POL","450CGS","455CGS","1"
"NM","New Mexico","1985","OW","The Tax Burden on Tobacco","Cigarette Sales","Average Cost per pack","1,012","$","Dollars","    (34.520880952, -106.240580985)","Table 13- Orzechowski and Walker, Tax Burden on Tobacco","POL","450POL","450CGS","455CGS","1"
"NM","New Mexico","1985","OW","The Tax Burden on Tobacco","Cigarette Sales","Cigarette Consumption (Pack Sales Per Capita)","88",,"Pack","    (34.520880952, -106.240580985)","Table 11- Orzechowski and Walker, Tax Burden on Tobacco","POL","450POL","450CGS","453CGS","2"
"NY","New York","1985","OW","The Tax Burden on Tobacco","Cigarette Sales","Average Cost per pack","1,112","$","Dollars","    (42.827001032, -75.543970427)","Table 13- Orzechowski and Walker, Tax Burden on Tobacco","POL","450POL","450CGS","455CGS","1"
"NY","New York","1985","OW","The Tax Burden on Tobacco","Cigarette Sales","Cigarette Consumption (Pack Sales Per Capita)","115,9",,"Pack","    (42.827001032, -75.543970427)","Table 11- Orzechowski and Walker, Tax Burden on Tobacco","POL","450POL","450CGS","453CGS","2"
"NC","North Carolina","1985","OW","The Tax Burden on Tobacco","Cigarette Sales","Average Cost per pack","0,837","$","Dollars","    (35.466220975, -79.159250463)","Table 13- Orzechowski and Walker, Tax Burden on Tobacco","POL","450POL","450CGS","455CGS","1"
"NC","North Carolina","1985","OW","The Tax Burden on Tobacco","Cigarette Sales","Cigarette Consumption (Pack Sales Per Capita)","156,3",,"Pack","    (35.466220975, -79.159250463)","Table 11- Orzechowski and Walker, Tax Burden on Tobacco","POL","450POL","450CGS","453CGS","2"
"ND","North Dakota","1985","OW","The Tax Burden on Tobacco","Cigarette Sales","Cigarette Consumption (Pack Sales Per Capita)","103,2",,"Pack","    (47.475319779, -100.118421049)","Table 11- Orzechowski and Walker, Tax Burden on Tobacco","POL","450POL","450CGS","453CGS","2"
"ND","North Dakota","1985","OW","The Tax Burden on Tobacco","Cigarette Sales","Average Cost per pack","1,042","$","Dollars","    (47.475319779, -100.118421049)","Table 13- Orzechowski and Walker, Tax Burden on Tobacco","POL","450POL","450CGS","455CGS","1"
"OH","Ohio","1985","OW","The Tax Burden on Tobacco","Cigarette Sales","Cigarette Consumption (Pack Sales Per Capita)","126,7",,"Pack","    (40.060210141, -82.404260056)","Table 11- Orzechowski and Walker, Tax Burden on Tobacco","POL","450POL","450CGS","453CGS","2"
"OH","Ohio","1985","OW","The Tax Burden on Tobacco","Cigarette Sales","Average Cost per pack","0,981","$","Dollars","    (40.060210141, -82.404260056)","Table 13- Orzechowski and Walker, Tax Burden on Tobacco","POL","450POL","450CGS","455CGS","1"
"OK","Oklahoma","1985","OW","The Tax Burden on Tobacco","Cigarette Sales","Cigarette Consumption (Pack Sales Per Capita)","124,2",,"Pack","    (35.472031356, -97.521070214)","Table 11- Orzechowski and Walker, Tax Burden on Tobacco","POL","450POL","450CGS","453CGS","2"
"OK","Oklahoma","1985","OW","The Tax Burden on Tobacco","Cigarette Sales","Average Cost per pack","1,046","$","Dollars","    (35.472031356, -97.521070214)","Table 13- Orzechowski and Walker, Tax Burden on Tobacco","POL","450POL","450CGS","455CGS","1"
"OR","Oregon","1985","OW","The Tax Burden on Tobacco","Cigarette Sales","Average Cost per pack","1,047","$","Dollars","    (44.567449424, -120.155031326)","Table 13- Orzechowski and Walker, Tax Burden on Tobacco","POL","450POL","450CGS","455CGS","1"
"OR","Oregon","1985","OW","The Tax Burden on Tobacco","Cigarette Sales","Cigarette Consumption (Pack Sales Per Capita)","118,6",,"Pack","    (44.567449424, -120.155031326)","Table 11- Orzechowski and Walker, Tax Burden on Tobacco","POL","450POL","450CGS","453CGS","2"
"PA","Pennsylvania","1985","OW","The Tax Burden on Tobacco","Cigarette Sales","Cigarette Consumption (Pack Sales Per Capita)","115,8",,"Pack","    (40.793730152, -77.860700294)","Table 11- Orzechowski and Walker, Tax Burden on Tobacco","POL","450POL","450CGS","453CGS","2"
"PA","Pennsylvania","1985","OW","The Tax Burden on Tobacco","Cigarette Sales","Average Cost per pack","1,049","$","Dollars","    (40.793730152, -77.860700294)","Table 13- Orzechowski and Walker, Tax Burden on Tobacco","POL","450POL","450CGS","455CGS","1"
"RI","Rhode Island","1985","OW","The Tax Burden on Tobacco","Cigarette Sales","Average Cost per pack","1,018","$","Dollars","    (41.708280193, -71.522470314)","Table 13- Orzechowski and Walker, Tax Burden on Tobacco","POL","450POL","450CGS","455CGS","1"
"RI","Rhode Island","1985","OW","The Tax Burden on Tobacco","Cigarette Sales","Cigarette Consumption (Pack Sales Per Capita)","133,4",,"Pack","    (41.708280193, -71.522470314)","Table 11- Orzechowski and Walker, Tax Burden on Tobacco","POL","450POL","450CGS","453CGS","2"
"SC","South Carolina","1985","OW","The Tax Burden on Tobacco","Cigarette Sales","Cigarette Consumption (Pack Sales Per Capita)","125,4",,"Pack","    (33.998821303, -81.045371207)","Table 11- Orzechowski and Walker, Tax Burden on Tobacco","POL","450POL","450CGS","453CGS","2"
"SC","South Carolina","1985","OW","The Tax Burden on Tobacco","Cigarette Sales","Average Cost per pack","0,887","$","Dollars","    (33.998821303, -81.045371207)","Table 13- Orzechowski and Walker, Tax Burden on Tobacco","POL","450POL","450CGS","455CGS","1"
"SD","South Dakota","1985","OW","The Tax Burden on Tobacco","Cigarette Sales","Average Cost per pack","1,085","$","Dollars","    (44.353130053, -100.373530637)","Table 13- Orzechowski and Walker, Tax Burden on Tobacco","POL","450POL","450CGS","455CGS","1"
"SD","South Dakota","1985","OW","The Tax Burden on Tobacco","Cigarette Sales","Cigarette Consumption (Pack Sales Per Capita)","104,4",,"Pack","    (44.353130053, -100.373530637)","Table 11- Orzechowski and Walker, Tax Burden on Tobacco","POL","450POL","450CGS","453CGS","2"
"TN","Tennessee","1985","OW","The Tax Burden on Tobacco","Cigarette Sales","Average Cost per pack","0,988","$","Dollars","    (35.68094058, -85.774490914)","Table 13- Orzechowski and Walker, Tax Burden on Tobacco","POL","450POL","450CGS","455CGS","1"
"TN","Tennessee","1985","OW","The Tax Burden on Tobacco","Cigarette Sales","Cigarette Consumption (Pack Sales Per Capita)","128,7",,"Pack","    (35.68094058, -85.774490914)","Table 11- Orzechowski and Walker, Tax Burden on Tobacco","POL","450POL","450CGS","453CGS","2"
"TX","Texas","1985","OW","The Tax Burden on Tobacco","Cigarette Sales","Average Cost per pack","1,055","$","Dollars","    (31.827240407, -99.426770206)","Table 13- Orzechowski and Walker, Tax Burden on Tobacco","POL","450POL","450CGS","455CGS","1"
"TX","Texas","1985","OW","The Tax Burden on Tobacco","Cigarette Sales","Cigarette Consumption (Pack Sales Per Capita)","115,9",,"Pack","    (31.827240407, -99.426770206)","Table 11- Orzechowski and Walker, Tax Burden on Tobacco","POL","450POL","450CGS","453CGS","2"
"UT","Utah","1985","OW","The Tax Burden on Tobacco","Cigarette Sales","Cigarette Consumption (Pack Sales Per Capita)","66,5",,"Pack","    (39.360700171, -111.587130635)","Table 11- Orzechowski and Walker, Tax Burden on Tobacco","POL","450POL","450CGS","453CGS","2"
"UT","Utah","1985","OW","The Tax Burden on Tobacco","Cigarette Sales","Average Cost per pack","1,035","$","Dollars","    (39.360700171, -111.587130635)","Table 13- Orzechowski and Walker, Tax Burden on Tobacco","POL","450POL","450CGS","455CGS","1"
"VT","Vermont","1985","OW","The Tax Burden on Tobacco","Cigarette Sales","Average Cost per pack","1,049","$","Dollars","    (43.625381239, -72.517640791)","Table 13- Orzechowski and Walker, Tax Burden on Tobacco","POL","450POL","450CGS","455CGS","1"
"VT","Vermont","1985","OW","The Tax Burden on Tobacco","Cigarette Sales","Cigarette Consumption (Pack Sales Per Capita)","144,5",,"Pack","    (43.625381239, -72.517640791)","Table 11- Orzechowski and Walker, Tax Burden on Tobacco","POL","450POL","450CGS","453CGS","2"
"VA","Virginia","1985","OW","The Tax Burden on Tobacco","Cigarette Sales","Average Cost per pack","0,913","$","Dollars","    (37.542680674, -78.457890463)","Table 13- Orzechowski and Walker, Tax Burden on Tobacco","POL","450POL","450CGS","455CGS","1"
"VA","Virginia","1985","OW","The Tax Burden on Tobacco","Cigarette Sales","Cigarette Consumption (Pack Sales Per Capita)","134,6",,"Pack","    (37.542680674, -78.457890463)","Table 11- Orzechowski and Walker, Tax Burden on Tobacco","POL","450POL","450CGS","453CGS","2"
"WA","Washington","1985","OW","The Tax Burden on Tobacco","Cigarette Sales","Average Cost per pack","1,257","$","Dollars","    (47.522278629, -120.47001079)","Table 13- Orzechowski and Walker, Tax Burden on Tobacco","POL","450POL","450CGS","455CGS","1"
"WA","Washington","1985","OW","The Tax Burden on Tobacco","Cigarette Sales","Cigarette Consumption (Pack Sales Per Capita)","96,5",,"Pack","    (47.522278629, -120.47001079)","Table 11- Orzechowski and Walker, Tax Burden on Tobacco","POL","450POL","450CGS","453CGS","2"
"WV","West Virginia","1985","OW","The Tax Burden on Tobacco","Cigarette Sales","Average Cost per pack","1,041","$","Dollars","    (38.665510202, -80.712640135)","Table 13- Orzechowski and Walker, Tax Burden on Tobacco","POL","450POL","450CGS","455CGS","1"
"WV","West Virginia","1985","OW","The Tax Burden on Tobacco","Cigarette Sales","Cigarette Consumption (Pack Sales Per Capita)","109,1",,"Pack","    (38.665510202, -80.712640135)","Table 11- Orzechowski and Walker, Tax Burden on Tobacco","POL","450POL","450CGS","453CGS","2"
"WI","Wisconsin","1985","OW","The Tax Burden on Tobacco","Cigarette Sales","Cigarette Consumption (Pack Sales Per Capita)","107",,"Pack","    (44.393191174, -89.816370742)","Table 11- Orzechowski and Walker, Tax Burden on Tobacco","POL","450POL","450CGS","453CGS","2"
"WI","Wisconsin","1985","OW","The Tax Burden on Tobacco","Cigarette Sales","Average Cost per pack","1,108","$","Dollars","    (44.393191174, -89.816370742)","Table 13- Orzechowski and Walker, Tax Burden on Tobacco","POL","450POL","450CGS","455CGS","1"
"WY","Wyoming","1985","OW","The Tax Burden on Tobacco","Cigarette Sales","Cigarette Consumption (Pack Sales Per Capita)","125,7",,"Pack","    (43.235541343, -108.109830353)","Table 11- Orzechowski and Walker, Tax Burden on Tobacco","POL","450POL","450CGS","453CGS","2"
"WY","Wyoming","1985","OW","The Tax Burden on Tobacco","Cigarette Sales","Average Cost per pack","0,978","$","Dollars","    (43.235541343, -108.109830353)","Table 13- Orzechowski and Walker, Tax Burden on Tobacco","POL","450POL","450CGS","455CGS","1"
"AL","Alabama","1984","OW","The Tax Burden on Tobacco","Cigarette Sales","Average Cost per pack","0,99","$","Dollars","    (32.840571122, -86.631860762)","Table 13- Orzechowski and Walker, Tax Burden on Tobacco","POL","450POL","450CGS","455CGS","1"
"AL","Alabama","1984","OW","The Tax Burden on Tobacco","Cigarette Sales","Cigarette Consumption (Pack Sales Per Capita)","113",,"Pack","    (32.840571122, -86.631860762)","Table 11- Orzechowski and Walker, Tax Burden on Tobacco","POL","450POL","450CGS","453CGS","2"
"AK","Alaska","1984","OW","The Tax Burden on Tobacco","Cigarette Sales","Cigarette Consumption (Pack Sales Per Capita)","133,6",,"Pack","    (64.845079957001, -147.722059036)","Table 11- Orzechowski and Walker, Tax Burden on Tobacco","POL","450POL","450CGS","453CGS","2"
"AK","Alaska","1984","OW","The Tax Burden on Tobacco","Cigarette Sales","Average Cost per pack","1,027","$","Dollars","    (64.845079957001, -147.722059036)","Table 13- Orzechowski and Walker, Tax Burden on Tobacco","POL","450POL","450CGS","455CGS","1"
"AZ","Arizona","1984","OW","The Tax Burden on Tobacco","Cigarette Sales","Average Cost per pack","0,988","$","Dollars","    (34.86597028, -111.763811277)","Table 13- Orzechowski and Walker, Tax Burden on Tobacco","POL","450POL","450CGS","455CGS","1"
"AZ","Arizona","1984","OW","The Tax Burden on Tobacco","Cigarette Sales","Cigarette Consumption (Pack Sales Per Capita)","107,1",,"Pack","    (34.86597028, -111.763811277)","Table 11- Orzechowski and Walker, Tax Burden on Tobacco","POL","450POL","450CGS","453CGS","2"
"AR","Arkansas","1984","OW","The Tax Burden on Tobacco","Cigarette Sales","Average Cost per pack","0,985","$","Dollars","    (34.748650124, -92.274490743)","Table 13- Orzechowski and Walker, Tax Burden on Tobacco","POL","450POL","450CGS","455CGS","1"
"AR","Arkansas","1984","OW","The Tax Burden on Tobacco","Cigarette Sales","Cigarette Consumption (Pack Sales Per Capita)","123,1",,"Pack","    (34.748650124, -92.274490743)","Table 11- Orzechowski and Walker, Tax Burden on Tobacco","POL","450POL","450CGS","453CGS","2"
"CA","California","1984","OW","The Tax Burden on Tobacco","Cigarette Sales","Average Cost per pack","0,98","$","Dollars","    (37.638640123, -120.999999538)","Table 13- Orzechowski and Walker, Tax Burden on Tobacco","POL","450POL","450CGS","455CGS","1"
"CA","California","1984","OW","The Tax Burden on Tobacco","Cigarette Sales","Cigarette Consumption (Pack Sales Per Capita)","104,8",,"Pack","    (37.638640123, -120.999999538)","Table 11- Orzechowski and Walker, Tax Burden on Tobacco","POL","450POL","450CGS","453CGS","2"
"CO","Colorado","1984","OW","The Tax Burden on Tobacco","Cigarette Sales","Cigarette Consumption (Pack Sales Per Capita)","119,7",,"Pack","    (38.843840757, -106.133610921)","Table 11- Orzechowski and Walker, Tax Burden on Tobacco","POL","450POL","450CGS","453CGS","2"
"CO","Colorado","1984","OW","The Tax Burden on Tobacco","Cigarette Sales","Average Cost per pack","0,931","$","Dollars","    (38.843840757, -106.133610921)","Table 13- Orzechowski and Walker, Tax Burden on Tobacco","POL","450POL","450CGS","455CGS","1"
"CT","Connecticut","1984","OW","The Tax Burden on Tobacco","Cigarette Sales","Average Cost per pack","1,186","$","Dollars","    (41.56266102, -72.649840952)","Table 13- Orzechowski and Walker, Tax Burden on Tobacco","POL","450POL","450CGS","455CGS","1"
"CT","Connecticut","1984","OW","The Tax Burden on Tobacco","Cigarette Sales","Cigarette Consumption (Pack Sales Per Capita)","112,5",,"Pack","    (41.56266102, -72.649840952)","Table 11- Orzechowski and Walker, Tax Burden on Tobacco","POL","450POL","450CGS","453CGS","2"
"DE","Delaware","1984","OW","The Tax Burden on Tobacco","Cigarette Sales","Cigarette Consumption (Pack Sales Per Capita)","144",,"Pack","    (39.008830667, -75.577741168)","Table 11- Orzechowski and Walker, Tax Burden on Tobacco","POL","450POL","450CGS","453CGS","2"
"DE","Delaware","1984","OW","The Tax Burden on Tobacco","Cigarette Sales","Average Cost per pack","0,987","$","Dollars","    (39.008830667, -75.577741168)","Table 13- Orzechowski and Walker, Tax Burden on Tobacco","POL","450POL","450CGS","455CGS","1"
"DC","District of Columbia","1984","OW","The Tax Burden on Tobacco","Cigarette Sales","Cigarette Consumption (Pack Sales Per Capita)","124,6",,"Pack","    (38.890371385, -77.031961127)","Table 11- Orzechowski and Walker, Tax Burden on Tobacco","POL","450POL","450CGS","453CGS","2"
"DC","District of Columbia","1984","OW","The Tax Burden on Tobacco","Cigarette Sales","Average Cost per pack","1,004","$","Dollars","    (38.890371385, -77.031961127)","Table 13- Orzechowski and Walker, Tax Burden on Tobacco","POL","450POL","450CGS","455CGS","1"
"FL","Florida","1984","OW","The Tax Burden on Tobacco","Cigarette Sales","Average Cost per pack","1,042","$","Dollars","    (28.932040377, -81.928960539)","Table 13- Orzechowski and Walker, Tax Burden on Tobacco","POL","450POL","450CGS","455CGS","1"
"FL","Florida","1984","OW","The Tax Burden on Tobacco","Cigarette Sales","Cigarette Consumption (Pack Sales Per Capita)","124,7",,"Pack","    (28.932040377, -81.928960539)","Table 11- Orzechowski and Walker, Tax Burden on Tobacco","POL","450POL","450CGS","453CGS","2"
"GA","Georgia","1984","OW","The Tax Burden on Tobacco","Cigarette Sales","Cigarette Consumption (Pack Sales Per Capita)","126,3",,"Pack","    (32.839681093, -83.627580346)","Table 11- Orzechowski and Walker, Tax Burden on Tobacco","POL","450POL","450CGS","453CGS","2"
"GA","Georgia","1984","OW","The Tax Burden on Tobacco","Cigarette Sales","Average Cost per pack","0,907","$","Dollars","    (32.839681093, -83.627580346)","Table 13- Orzechowski and Walker, Tax Burden on Tobacco","POL","450POL","450CGS","455CGS","1"
"HI","Hawaii","1984","OW","The Tax Burden on Tobacco","Cigarette Sales","Average Cost per pack","1,08","$","Dollars","    (21.304850435, -157.857749403)","Table 13- Orzechowski and Walker, Tax Burden on Tobacco","POL","450POL","450CGS","455CGS","1"
"HI","Hawaii","1984","OW","The Tax Burden on Tobacco","Cigarette Sales","Cigarette Consumption (Pack Sales Per Capita)","75,7",,"Pack","    (21.304850435, -157.857749403)","Table 11- Orzechowski and Walker, Tax Burden on Tobacco","POL","450POL","450CGS","453CGS","2"
"ID","Idaho","1984","OW","The Tax Burden on Tobacco","Cigarette Sales","Cigarette Consumption (Pack Sales Per Capita)","103,6",,"Pack","    (43.682630005, -114.363730042)","Table 11- Orzechowski and Walker, Tax Burden on Tobacco","POL","450POL","450CGS","453CGS","2"
"ID","Idaho","1984","OW","The Tax Burden on Tobacco","Cigarette Sales","Average Cost per pack","0,976","$","Dollars","    (43.682630005, -114.363730042)","Table 13- Orzechowski and Walker, Tax Burden on Tobacco","POL","450POL","450CGS","455CGS","1"
"IL","Illinois","1984","OW","The Tax Burden on Tobacco","Cigarette Sales","Average Cost per pack","0,967","$","Dollars","    (40.485010283, -88.997710178)","Table 13- Orzechowski and Walker, Tax Burden on Tobacco","POL","450POL","450CGS","455CGS","1"
"IL","Illinois","1984","OW","The Tax Burden on Tobacco","Cigarette Sales","Cigarette Consumption (Pack Sales Per Capita)","124",,"Pack","    (40.485010283, -88.997710178)","Table 11- Orzechowski and Walker, Tax Burden on Tobacco","POL","450POL","450CGS","453CGS","2"
"IN","Indiana","1984","OW","The Tax Burden on Tobacco","Cigarette Sales","Cigarette Consumption (Pack Sales Per Capita)","137,8",,"Pack","    (39.766910452, -86.149960194)","Table 11- Orzechowski and Walker, Tax Burden on Tobacco","POL","450POL","450CGS","453CGS","2"
"IN","Indiana","1984","OW","The Tax Burden on Tobacco","Cigarette Sales","Average Cost per pack","0,888","$","Dollars","    (39.766910452, -86.149960194)","Table 13- Orzechowski and Walker, Tax Burden on Tobacco","POL","450POL","450CGS","455CGS","1"
"IA","Iowa","1984","OW","The Tax Burden on Tobacco","Cigarette Sales","Cigarette Consumption (Pack Sales Per Capita)","111,2",,"Pack","    (42.469400913, -93.816490556)","Table 11- Orzechowski and Walker, Tax Burden on Tobacco","POL","450POL","450CGS","453CGS","2"
"IA","Iowa","1984","OW","The Tax Burden on Tobacco","Cigarette Sales","Average Cost per pack","0,995","$","Dollars","    (42.469400913, -93.816490556)","Table 13- Orzechowski and Walker, Tax Burden on Tobacco","POL","450POL","450CGS","455CGS","1"
"KS","Kansas","1984","OW","The Tax Burden on Tobacco","Cigarette Sales","Average Cost per pack","0,975","$","Dollars","    (38.3477403, -98.200781227)","Table 13- Orzechowski and Walker, Tax Burden on Tobacco","POL","450POL","450CGS","455CGS","1"
"KS","Kansas","1984","OW","The Tax Burden on Tobacco","Cigarette Sales","Cigarette Consumption (Pack Sales Per Capita)","121,7",,"Pack","    (38.3477403, -98.200781227)","Table 11- Orzechowski and Walker, Tax Burden on Tobacco","POL","450POL","450CGS","453CGS","2"
"KY","Kentucky","1984","OW","The Tax Burden on Tobacco","Cigarette Sales","Average Cost per pack","0,793","$","Dollars","    (37.645970271, -84.774971048)","Table 13- Orzechowski and Walker, Tax Burden on Tobacco","POL","450POL","450CGS","455CGS","1"
"KY","Kentucky","1984","OW","The Tax Burden on Tobacco","Cigarette Sales","Cigarette Consumption (Pack Sales Per Capita)","183,2",,"Pack","    (37.645970271, -84.774971048)","Table 11- Orzechowski and Walker, Tax Burden on Tobacco","POL","450POL","450CGS","453CGS","2"
"LA","Louisiana","1984","OW","The Tax Burden on Tobacco","Cigarette Sales","Average Cost per pack","1,03","$","Dollars","    (31.312660644, -92.445680071)","Table 13- Orzechowski and Walker, Tax Burden on Tobacco","POL","450POL","450CGS","455CGS","1"
"LA","Louisiana","1984","OW","The Tax Burden on Tobacco","Cigarette Sales","Cigarette Consumption (Pack Sales Per Capita)","128,9",,"Pack","    (31.312660644, -92.445680071)","Table 11- Orzechowski and Walker, Tax Burden on Tobacco","POL","450POL","450CGS","453CGS","2"
"ME","Maine","1984","OW","The Tax Burden on Tobacco","Cigarette Sales","Average Cost per pack","0,981","$","Dollars","    (45.254228894001, -68.985031336)","Table 13- Orzechowski and Walker, Tax Burden on Tobacco","POL","450POL","450CGS","455CGS","1"
"ME","Maine","1984","OW","The Tax Burden on Tobacco","Cigarette Sales","Cigarette Consumption (Pack Sales Per Capita)","135,5",,"Pack","    (45.254228894001, -68.985031336)","Table 11- Orzechowski and Walker, Tax Burden on Tobacco","POL","450POL","450CGS","453CGS","2"
"MD","Maryland","1984","OW","The Tax Burden on Tobacco","Cigarette Sales","Average Cost per pack","0,901","$","Dollars","    (39.290580964, -76.609260111)","Table 13- Orzechowski and Walker, Tax Burden on Tobacco","POL","450POL","450CGS","455CGS","1"
"MD","Maryland","1984","OW","The Tax Burden on Tobacco","Cigarette Sales","Cigarette Consumption (Pack Sales Per Capita)","122,5",,"Pack","    (39.290580964, -76.609260111)","Table 11- Orzechowski and Walker, Tax Burden on Tobacco","POL","450POL","450CGS","453CGS","2"
"MA","Massachusetts","1984","OW","The Tax Burden on Tobacco","Cigarette Sales","Cigarette Consumption (Pack Sales Per Capita)","116",,"Pack","    (42.27687047, -72.082690675)","Table 11- Orzechowski and Walker, Tax Burden on Tobacco","POL","450POL","450CGS","453CGS","2"
"MA","Massachusetts","1984","OW","The Tax Burden on Tobacco","Cigarette Sales","Average Cost per pack","1,083","$","Dollars","    (42.27687047, -72.082690675)","Table 13- Orzechowski and Walker, Tax Burden on Tobacco","POL","450POL","450CGS","455CGS","1"
"MI","Michigan","1984","OW","The Tax Burden on Tobacco","Cigarette Sales","Cigarette Consumption (Pack Sales Per Capita)","128,2",,"Pack","    (44.661319543001, -84.71439027)","Table 11- Orzechowski and Walker, Tax Burden on Tobacco","POL","450POL","450CGS","453CGS","2"
"MI","Michigan","1984","OW","The Tax Burden on Tobacco","Cigarette Sales","Average Cost per pack","1,014","$","Dollars","    (44.661319543001, -84.71439027)","Table 13- Orzechowski and Walker, Tax Burden on Tobacco","POL","450POL","450CGS","455CGS","1"
"MN","Minnesota","1984","OW","The Tax Burden on Tobacco","Cigarette Sales","Average Cost per pack","1,015","$","Dollars","    (46.355648736, -94.794200503)","Table 13- Orzechowski and Walker, Tax Burden on Tobacco","POL","450POL","450CGS","455CGS","1"
"MN","Minnesota","1984","OW","The Tax Burden on Tobacco","Cigarette Sales","Cigarette Consumption (Pack Sales Per Capita)","110,8",,"Pack","    (46.355648736, -94.794200503)","Table 11- Orzechowski and Walker, Tax Burden on Tobacco","POL","450POL","450CGS","453CGS","2"
"MS","Mississippi","1984","OW","The Tax Burden on Tobacco","Cigarette Sales","Average Cost per pack","0,984","$","Dollars","    (32.745510099, -89.538030825)","Table 13- Orzechowski and Walker, Tax Burden on Tobacco","POL","450POL","450CGS","455CGS","1"
"MS","Mississippi","1984","OW","The Tax Burden on Tobacco","Cigarette Sales","Cigarette Consumption (Pack Sales Per Capita)","116,4",,"Pack","    (32.745510099, -89.538030825)","Table 11- Orzechowski and Walker, Tax Burden on Tobacco","POL","450POL","450CGS","453CGS","2"
"MO","Missouri","1984","OW","The Tax Burden on Tobacco","Cigarette Sales","Average Cost per pack","0,937","$","Dollars","    (38.635790776, -92.566300053)","Table 13- Orzechowski and Walker, Tax Burden on Tobacco","POL","450POL","450CGS","455CGS","1"
"MO","Missouri","1984","OW","The Tax Burden on Tobacco","Cigarette Sales","Cigarette Consumption (Pack Sales Per Capita)","130",,"Pack","    (38.635790776, -92.566300053)","Table 11- Orzechowski and Walker, Tax Burden on Tobacco","POL","450POL","450CGS","453CGS","2"
"MT","Montana","1984","OW","The Tax Burden on Tobacco","Cigarette Sales","Cigarette Consumption (Pack Sales Per Capita)","110,1",,"Pack","    (47.066528972, -109.424420645)","Table 11- Orzechowski and Walker, Tax Burden on Tobacco","POL","450POL","450CGS","453CGS","2"
"MT","Montana","1984","OW","The Tax Burden on Tobacco","Cigarette Sales","Average Cost per pack","0,955","$","Dollars","    (47.066528972, -109.424420645)","Table 13- Orzechowski and Walker, Tax Burden on Tobacco","POL","450POL","450CGS","455CGS","1"
"NE","Nebraska","1984","OW","The Tax Burden on Tobacco","Cigarette Sales","Average Cost per pack","0,958","$","Dollars","    (41.641040988001, -99.365720623)","Table 13- Orzechowski and Walker, Tax Burden on Tobacco","POL","450POL","450CGS","455CGS","1"
"NE","Nebraska","1984","OW","The Tax Burden on Tobacco","Cigarette Sales","Cigarette Consumption (Pack Sales Per Capita)","107,7",,"Pack","    (41.641040988001, -99.365720623)","Table 11- Orzechowski and Walker, Tax Burden on Tobacco","POL","450POL","450CGS","453CGS","2"
"NV","Nevada","1984","OW","The Tax Burden on Tobacco","Cigarette Sales","Cigarette Consumption (Pack Sales Per Capita)","136,6",,"Pack","    (39.49324039, -117.071840564)","Table 11- Orzechowski and Walker, Tax Burden on Tobacco","POL","450POL","450CGS","453CGS","2"
"NV","Nevada","1984","OW","The Tax Burden on Tobacco","Cigarette Sales","Average Cost per pack","1,093","$","Dollars","    (39.49324039, -117.071840564)","Table 13- Orzechowski and Walker, Tax Burden on Tobacco","POL","450POL","450CGS","455CGS","1"
"NH","New Hampshire","1984","OW","The Tax Burden on Tobacco","Cigarette Sales","Cigarette Consumption (Pack Sales Per Capita)","215,1",,"Pack","    (43.655950113, -71.50036092)","Table 11- Orzechowski and Walker, Tax Burden on Tobacco","POL","450POL","450CGS","453CGS","2"
"NH","New Hampshire","1984","OW","The Tax Burden on Tobacco","Cigarette Sales","Average Cost per pack","0,892","$","Dollars","    (43.655950113, -71.50036092)","Table 13- Orzechowski and Walker, Tax Burden on Tobacco","POL","450POL","450CGS","455CGS","1"
"NJ","New Jersey","1984","OW","The Tax Burden on Tobacco","Cigarette Sales","Average Cost per pack","1,047","$","Dollars","    (40.130570048, -74.273691288)","Table 13- Orzechowski and Walker, Tax Burden on Tobacco","POL","450POL","450CGS","455CGS","1"
"NJ","New Jersey","1984","OW","The Tax Burden on Tobacco","Cigarette Sales","Cigarette Consumption (Pack Sales Per Capita)","117,8",,"Pack","    (40.130570048, -74.273691288)","Table 11- Orzechowski and Walker, Tax Burden on Tobacco","POL","450POL","450CGS","453CGS","2"
"NM","New Mexico","1984","OW","The Tax Burden on Tobacco","Cigarette Sales","Cigarette Consumption (Pack Sales Per Capita)","88,9",,"Pack","    (34.520880952, -106.240580985)","Table 11- Orzechowski and Walker, Tax Burden on Tobacco","POL","450POL","450CGS","453CGS","2"
"NM","New Mexico","1984","OW","The Tax Burden on Tobacco","Cigarette Sales","Average Cost per pack","0,955","$","Dollars","    (34.520880952, -106.240580985)","Table 13- Orzechowski and Walker, Tax Burden on Tobacco","POL","450POL","450CGS","455CGS","1"
"NY","New York","1984","OW","The Tax Burden on Tobacco","Cigarette Sales","Average Cost per pack","1,062","$","Dollars","    (42.827001032, -75.543970427)","Table 13- Orzechowski and Walker, Tax Burden on Tobacco","POL","450POL","450CGS","455CGS","1"
"NY","New York","1984","OW","The Tax Burden on Tobacco","Cigarette Sales","Cigarette Consumption (Pack Sales Per Capita)","119,3",,"Pack","    (42.827001032, -75.543970427)","Table 11- Orzechowski and Walker, Tax Burden on Tobacco","POL","450POL","450CGS","453CGS","2"
"NC","North Carolina","1984","OW","The Tax Burden on Tobacco","Cigarette Sales","Cigarette Consumption (Pack Sales Per Capita)","160,6",,"Pack","    (35.466220975, -79.159250463)","Table 11- Orzechowski and Walker, Tax Burden on Tobacco","POL","450POL","450CGS","453CGS","2"
"NC","North Carolina","1984","OW","The Tax Burden on Tobacco","Cigarette Sales","Average Cost per pack","0,789","$","Dollars","    (35.466220975, -79.159250463)","Table 13- Orzechowski and Walker, Tax Burden on Tobacco","POL","450POL","450CGS","455CGS","1"
"ND","North Dakota","1984","OW","The Tax Burden on Tobacco","Cigarette Sales","Cigarette Consumption (Pack Sales Per Capita)","109,4",,"Pack","    (47.475319779, -100.118421049)","Table 11- Orzechowski and Walker, Tax Burden on Tobacco","POL","450POL","450CGS","453CGS","2"
"ND","North Dakota","1984","OW","The Tax Burden on Tobacco","Cigarette Sales","Average Cost per pack","1,006","$","Dollars","    (47.475319779, -100.118421049)","Table 13- Orzechowski and Walker, Tax Burden on Tobacco","POL","450POL","450CGS","455CGS","1"
"OH","Ohio","1984","OW","The Tax Burden on Tobacco","Cigarette Sales","Cigarette Consumption (Pack Sales Per Capita)","127,1",,"Pack","    (40.060210141, -82.404260056)","Table 11- Orzechowski and Walker, Tax Burden on Tobacco","POL","450POL","450CGS","453CGS","2"
"OH","Ohio","1984","OW","The Tax Burden on Tobacco","Cigarette Sales","Average Cost per pack","0,922","$","Dollars","    (40.060210141, -82.404260056)","Table 13- Orzechowski and Walker, Tax Burden on Tobacco","POL","450POL","450CGS","455CGS","1"
"OK","Oklahoma","1984","OW","The Tax Burden on Tobacco","Cigarette Sales","Average Cost per pack","0,951","$","Dollars","    (35.472031356, -97.521070214)","Table 13- Orzechowski and Walker, Tax Burden on Tobacco","POL","450POL","450CGS","455CGS","1"
"OK","Oklahoma","1984","OW","The Tax Burden on Tobacco","Cigarette Sales","Cigarette Consumption (Pack Sales Per Capita)","128,1",,"Pack","    (35.472031356, -97.521070214)","Table 11- Orzechowski and Walker, Tax Burden on Tobacco","POL","450POL","450CGS","453CGS","2"
"OR","Oregon","1984","OW","The Tax Burden on Tobacco","Cigarette Sales","Average Cost per pack","0,975","$","Dollars","    (44.567449424, -120.155031326)","Table 13- Orzechowski and Walker, Tax Burden on Tobacco","POL","450POL","450CGS","455CGS","1"
"OR","Oregon","1984","OW","The Tax Burden on Tobacco","Cigarette Sales","Cigarette Consumption (Pack Sales Per Capita)","118",,"Pack","    (44.567449424, -120.155031326)","Table 11- Orzechowski and Walker, Tax Burden on Tobacco","POL","450POL","450CGS","453CGS","2"
"PA","Pennsylvania","1984","OW","The Tax Burden on Tobacco","Cigarette Sales","Cigarette Consumption (Pack Sales Per Capita)","115,3",,"Pack","    (40.793730152, -77.860700294)","Table 11- Orzechowski and Walker, Tax Burden on Tobacco","POL","450POL","450CGS","453CGS","2"
"PA","Pennsylvania","1984","OW","The Tax Burden on Tobacco","Cigarette Sales","Average Cost per pack","1,001","$","Dollars","    (40.793730152, -77.860700294)","Table 13- Orzechowski and Walker, Tax Burden on Tobacco","POL","450POL","450CGS","455CGS","1"
"RI","Rhode Island","1984","OW","The Tax Burden on Tobacco","Cigarette Sales","Cigarette Consumption (Pack Sales Per Capita)","136,9",,"Pack","    (41.708280193, -71.522470314)","Table 11- Orzechowski and Walker, Tax Burden on Tobacco","POL","450POL","450CGS","453CGS","2"
"RI","Rhode Island","1984","OW","The Tax Burden on Tobacco","Cigarette Sales","Average Cost per pack","1,003","$","Dollars","    (41.708280193, -71.522470314)","Table 13- Orzechowski and Walker, Tax Burden on Tobacco","POL","450POL","450CGS","455CGS","1"
"SC","South Carolina","1984","OW","The Tax Burden on Tobacco","Cigarette Sales","Average Cost per pack","0,83","$","Dollars","    (33.998821303, -81.045371207)","Table 13- Orzechowski and Walker, Tax Burden on Tobacco","POL","450POL","450CGS","455CGS","1"
"SC","South Carolina","1984","OW","The Tax Burden on Tobacco","Cigarette Sales","Cigarette Consumption (Pack Sales Per Capita)","127",,"Pack","    (33.998821303, -81.045371207)","Table 11- Orzechowski and Walker, Tax Burden on Tobacco","POL","450POL","450CGS","453CGS","2"
"SD","South Dakota","1984","OW","The Tax Burden on Tobacco","Cigarette Sales","Average Cost per pack","0,923","$","Dollars","    (44.353130053, -100.373530637)","Table 13- Orzechowski and Walker, Tax Burden on Tobacco","POL","450POL","450CGS","455CGS","1"
"SD","South Dakota","1984","OW","The Tax Burden on Tobacco","Cigarette Sales","Cigarette Consumption (Pack Sales Per Capita)","105,7",,"Pack","    (44.353130053, -100.373530637)","Table 11- Orzechowski and Walker, Tax Burden on Tobacco","POL","450POL","450CGS","453CGS","2"
"TN","Tennessee","1984","OW","The Tax Burden on Tobacco","Cigarette Sales","Average Cost per pack","0,925","$","Dollars","    (35.68094058, -85.774490914)","Table 13- Orzechowski and Walker, Tax Burden on Tobacco","POL","450POL","450CGS","455CGS","1"
"TN","Tennessee","1984","OW","The Tax Burden on Tobacco","Cigarette Sales","Cigarette Consumption (Pack Sales Per Capita)","125,1",,"Pack","    (35.68094058, -85.774490914)","Table 11- Orzechowski and Walker, Tax Burden on Tobacco","POL","450POL","450CGS","453CGS","2"
"TX","Texas","1984","OW","The Tax Burden on Tobacco","Cigarette Sales","Cigarette Consumption (Pack Sales Per Capita)","117,2",,"Pack","    (31.827240407, -99.426770206)","Table 11- Orzechowski and Walker, Tax Burden on Tobacco","POL","450POL","450CGS","453CGS","2"
"TX","Texas","1984","OW","The Tax Burden on Tobacco","Cigarette Sales","Average Cost per pack","1,021","$","Dollars","    (31.827240407, -99.426770206)","Table 13- Orzechowski and Walker, Tax Burden on Tobacco","POL","450POL","450CGS","455CGS","1"
"UT","Utah","1984","OW","The Tax Burden on Tobacco","Cigarette Sales","Cigarette Consumption (Pack Sales Per Capita)","66,3",,"Pack","    (39.360700171, -111.587130635)","Table 11- Orzechowski and Walker, Tax Burden on Tobacco","POL","450POL","450CGS","453CGS","2"
"UT","Utah","1984","OW","The Tax Burden on Tobacco","Cigarette Sales","Average Cost per pack","1,046","$","Dollars","    (39.360700171, -111.587130635)","Table 13- Orzechowski and Walker, Tax Burden on Tobacco","POL","450POL","450CGS","455CGS","1"
"VT","Vermont","1984","OW","The Tax Burden on Tobacco","Cigarette Sales","Cigarette Consumption (Pack Sales Per Capita)","144,3",,"Pack","    (43.625381239, -72.517640791)","Table 11- Orzechowski and Walker, Tax Burden on Tobacco","POL","450POL","450CGS","453CGS","2"
"VT","Vermont","1984","OW","The Tax Burden on Tobacco","Cigarette Sales","Average Cost per pack","0,955","$","Dollars","    (43.625381239, -72.517640791)","Table 13- Orzechowski and Walker, Tax Burden on Tobacco","POL","450POL","450CGS","455CGS","1"
"VA","Virginia","1984","OW","The Tax Burden on Tobacco","Cigarette Sales","Average Cost per pack","0,836","$","Dollars","    (37.542680674, -78.457890463)","Table 13- Orzechowski and Walker, Tax Burden on Tobacco","POL","450POL","450CGS","455CGS","1"
"VA","Virginia","1984","OW","The Tax Burden on Tobacco","Cigarette Sales","Cigarette Consumption (Pack Sales Per Capita)","136,8",,"Pack","    (37.542680674, -78.457890463)","Table 11- Orzechowski and Walker, Tax Burden on Tobacco","POL","450POL","450CGS","453CGS","2"
"WA","Washington","1984","OW","The Tax Burden on Tobacco","Cigarette Sales","Average Cost per pack","1,144","$","Dollars","    (47.522278629, -120.47001079)","Table 13- Orzechowski and Walker, Tax Burden on Tobacco","POL","450POL","450CGS","455CGS","1"
"WA","Washington","1984","OW","The Tax Burden on Tobacco","Cigarette Sales","Cigarette Consumption (Pack Sales Per Capita)","96,2",,"Pack","    (47.522278629, -120.47001079)","Table 11- Orzechowski and Walker, Tax Burden on Tobacco","POL","450POL","450CGS","453CGS","2"
"WV","West Virginia","1984","OW","The Tax Burden on Tobacco","Cigarette Sales","Average Cost per pack","1,032","$","Dollars","    (38.665510202, -80.712640135)","Table 13- Orzechowski and Walker, Tax Burden on Tobacco","POL","450POL","450CGS","455CGS","1"
"WV","West Virginia","1984","OW","The Tax Burden on Tobacco","Cigarette Sales","Cigarette Consumption (Pack Sales Per Capita)","111,9",,"Pack","    (38.665510202, -80.712640135)","Table 11- Orzechowski and Walker, Tax Burden on Tobacco","POL","450POL","450CGS","453CGS","2"
"WI","Wisconsin","1984","OW","The Tax Burden on Tobacco","Cigarette Sales","Average Cost per pack","1,068","$","Dollars","    (44.393191174, -89.816370742)","Table 13- Orzechowski and Walker, Tax Burden on Tobacco","POL","450POL","450CGS","455CGS","1"
"WI","Wisconsin","1984","OW","The Tax Burden on Tobacco","Cigarette Sales","Cigarette Consumption (Pack Sales Per Capita)","105,6",,"Pack","    (44.393191174, -89.816370742)","Table 11- Orzechowski and Walker, Tax Burden on Tobacco","POL","450POL","450CGS","453CGS","2"
"WY","Wyoming","1984","OW","The Tax Burden on Tobacco","Cigarette Sales","Average Cost per pack","0,874","$","Dollars","    (43.235541343, -108.109830353)","Table 13- Orzechowski and Walker, Tax Burden on Tobacco","POL","450POL","450CGS","455CGS","1"
"WY","Wyoming","1984","OW","The Tax Burden on Tobacco","Cigarette Sales","Cigarette Consumption (Pack Sales Per Capita)","128,9",,"Pack","    (43.235541343, -108.109830353)","Table 11- Orzechowski and Walker, Tax Burden on Tobacco","POL","450POL","450CGS","453CGS","2"
"AL","Alabama","1983","OW","The Tax Burden on Tobacco","Cigarette Sales","Cigarette Consumption (Pack Sales Per Capita)","116,3",,"Pack","    (32.840571122, -86.631860762)","Table 11- Orzechowski and Walker, Tax Burden on Tobacco","POL","450POL","450CGS","453CGS","2"
"AL","Alabama","1983","OW","The Tax Burden on Tobacco","Cigarette Sales","Average Cost per pack","0,908","$","Dollars","    (32.840571122, -86.631860762)","Table 13- Orzechowski and Walker, Tax Burden on Tobacco","POL","450POL","450CGS","455CGS","1"
"AK","Alaska","1983","OW","The Tax Burden on Tobacco","Cigarette Sales","Average Cost per pack","0,962","$","Dollars","    (64.845079957001, -147.722059036)","Table 13- Orzechowski and Walker, Tax Burden on Tobacco","POL","450POL","450CGS","455CGS","1"
"AK","Alaska","1983","OW","The Tax Burden on Tobacco","Cigarette Sales","Cigarette Consumption (Pack Sales Per Capita)","146,9",,"Pack","    (64.845079957001, -147.722059036)","Table 11- Orzechowski and Walker, Tax Burden on Tobacco","POL","450POL","450CGS","453CGS","2"
"AZ","Arizona","1983","OW","The Tax Burden on Tobacco","Cigarette Sales","Cigarette Consumption (Pack Sales Per Capita)","111,1",,"Pack","    (34.86597028, -111.763811277)","Table 11- Orzechowski and Walker, Tax Burden on Tobacco","POL","450POL","450CGS","453CGS","2"
"AZ","Arizona","1983","OW","The Tax Burden on Tobacco","Cigarette Sales","Average Cost per pack","0,928","$","Dollars","    (34.86597028, -111.763811277)","Table 13- Orzechowski and Walker, Tax Burden on Tobacco","POL","450POL","450CGS","455CGS","1"
"AR","Arkansas","1983","OW","The Tax Burden on Tobacco","Cigarette Sales","Average Cost per pack","0,936","$","Dollars","    (34.748650124, -92.274490743)","Table 13- Orzechowski and Walker, Tax Burden on Tobacco","POL","450POL","450CGS","455CGS","1"
"AR","Arkansas","1983","OW","The Tax Burden on Tobacco","Cigarette Sales","Cigarette Consumption (Pack Sales Per Capita)","128",,"Pack","    (34.748650124, -92.274490743)","Table 11- Orzechowski and Walker, Tax Burden on Tobacco","POL","450POL","450CGS","453CGS","2"
"CA","California","1983","OW","The Tax Burden on Tobacco","Cigarette Sales","Cigarette Consumption (Pack Sales Per Capita)","110,8",,"Pack","    (37.638640123, -120.999999538)","Table 11- Orzechowski and Walker, Tax Burden on Tobacco","POL","450POL","450CGS","453CGS","2"
"CA","California","1983","OW","The Tax Burden on Tobacco","Cigarette Sales","Average Cost per pack","0,949","$","Dollars","    (37.638640123, -120.999999538)","Table 13- Orzechowski and Walker, Tax Burden on Tobacco","POL","450POL","450CGS","455CGS","1"
"CO","Colorado","1983","OW","The Tax Burden on Tobacco","Cigarette Sales","Cigarette Consumption (Pack Sales Per Capita)","125,3",,"Pack","    (38.843840757, -106.133610921)","Table 11- Orzechowski and Walker, Tax Burden on Tobacco","POL","450POL","450CGS","453CGS","2"
"CO","Colorado","1983","OW","The Tax Burden on Tobacco","Cigarette Sales","Average Cost per pack","0,834","$","Dollars","    (38.843840757, -106.133610921)","Table 13- Orzechowski and Walker, Tax Burden on Tobacco","POL","450POL","450CGS","455CGS","1"
"CT","Connecticut","1983","OW","The Tax Burden on Tobacco","Cigarette Sales","Cigarette Consumption (Pack Sales Per Capita)","114,1",,"Pack","    (41.56266102, -72.649840952)","Table 11- Orzechowski and Walker, Tax Burden on Tobacco","POL","450POL","450CGS","453CGS","2"
"CT","Connecticut","1983","OW","The Tax Burden on Tobacco","Cigarette Sales","Average Cost per pack","1,135","$","Dollars","    (41.56266102, -72.649840952)","Table 13- Orzechowski and Walker, Tax Burden on Tobacco","POL","450POL","450CGS","455CGS","1"
"DE","Delaware","1983","OW","The Tax Burden on Tobacco","Cigarette Sales","Average Cost per pack","0,911","$","Dollars","    (39.008830667, -75.577741168)","Table 13- Orzechowski and Walker, Tax Burden on Tobacco","POL","450POL","450CGS","455CGS","1"
"DE","Delaware","1983","OW","The Tax Burden on Tobacco","Cigarette Sales","Cigarette Consumption (Pack Sales Per Capita)","149,6",,"Pack","    (39.008830667, -75.577741168)","Table 11- Orzechowski and Walker, Tax Burden on Tobacco","POL","450POL","450CGS","453CGS","2"
"DC","District of Columbia","1983","OW","The Tax Burden on Tobacco","Cigarette Sales","Cigarette Consumption (Pack Sales Per Capita)","124,5",,"Pack","    (38.890371385, -77.031961127)","Table 11- Orzechowski and Walker, Tax Burden on Tobacco","POL","450POL","450CGS","453CGS","2"
"DC","District of Columbia","1983","OW","The Tax Burden on Tobacco","Cigarette Sales","Average Cost per pack","0,985","$","Dollars","    (38.890371385, -77.031961127)","Table 13- Orzechowski and Walker, Tax Burden on Tobacco","POL","450POL","450CGS","455CGS","1"
"FL","Florida","1983","OW","The Tax Burden on Tobacco","Cigarette Sales","Cigarette Consumption (Pack Sales Per Capita)","127,6",,"Pack","    (28.932040377, -81.928960539)","Table 11- Orzechowski and Walker, Tax Burden on Tobacco","POL","450POL","450CGS","453CGS","2"
"FL","Florida","1983","OW","The Tax Burden on Tobacco","Cigarette Sales","Average Cost per pack","0,993","$","Dollars","    (28.932040377, -81.928960539)","Table 13- Orzechowski and Walker, Tax Burden on Tobacco","POL","450POL","450CGS","455CGS","1"
"GA","Georgia","1983","OW","The Tax Burden on Tobacco","Cigarette Sales","Average Cost per pack","0,868","$","Dollars","    (32.839681093, -83.627580346)","Table 13- Orzechowski and Walker, Tax Burden on Tobacco","POL","450POL","450CGS","455CGS","1"
"GA","Georgia","1983","OW","The Tax Burden on Tobacco","Cigarette Sales","Cigarette Consumption (Pack Sales Per Capita)","128,6",,"Pack","    (32.839681093, -83.627580346)","Table 11- Orzechowski and Walker, Tax Burden on Tobacco","POL","450POL","450CGS","453CGS","2"
"HI","Hawaii","1983","OW","The Tax Burden on Tobacco","Cigarette Sales","Cigarette Consumption (Pack Sales Per Capita)","80",,"Pack","    (21.304850435, -157.857749403)","Table 11- Orzechowski and Walker, Tax Burden on Tobacco","POL","450POL","450CGS","453CGS","2"
"HI","Hawaii","1983","OW","The Tax Burden on Tobacco","Cigarette Sales","Average Cost per pack","1,039","$","Dollars","    (21.304850435, -157.857749403)","Table 13- Orzechowski and Walker, Tax Burden on Tobacco","POL","450POL","450CGS","455CGS","1"
"ID","Idaho","1983","OW","The Tax Burden on Tobacco","Cigarette Sales","Average Cost per pack","0,885","$","Dollars","    (43.682630005, -114.363730042)","Table 13- Orzechowski and Walker, Tax Burden on Tobacco","POL","450POL","450CGS","455CGS","1"
"ID","Idaho","1983","OW","The Tax Burden on Tobacco","Cigarette Sales","Cigarette Consumption (Pack Sales Per Capita)","111,3",,"Pack","    (43.682630005, -114.363730042)","Table 11- Orzechowski and Walker, Tax Burden on Tobacco","POL","450POL","450CGS","453CGS","2"
"IL","Illinois","1983","OW","The Tax Burden on Tobacco","Cigarette Sales","Cigarette Consumption (Pack Sales Per Capita)","127,9",,"Pack","    (40.485010283, -88.997710178)","Table 11- Orzechowski and Walker, Tax Burden on Tobacco","POL","450POL","450CGS","453CGS","2"
"IL","Illinois","1983","OW","The Tax Burden on Tobacco","Cigarette Sales","Average Cost per pack","0,896","$","Dollars","    (40.485010283, -88.997710178)","Table 13- Orzechowski and Walker, Tax Burden on Tobacco","POL","450POL","450CGS","455CGS","1"
"IN","Indiana","1983","OW","The Tax Burden on Tobacco","Cigarette Sales","Cigarette Consumption (Pack Sales Per Capita)","143",,"Pack","    (39.766910452, -86.149960194)","Table 11- Orzechowski and Walker, Tax Burden on Tobacco","POL","450POL","450CGS","453CGS","2"
"IN","Indiana","1983","OW","The Tax Burden on Tobacco","Cigarette Sales","Average Cost per pack","0,852","$","Dollars","    (39.766910452, -86.149960194)","Table 13- Orzechowski and Walker, Tax Burden on Tobacco","POL","450POL","450CGS","455CGS","1"
"IA","Iowa","1983","OW","The Tax Burden on Tobacco","Cigarette Sales","Average Cost per pack","0,933","$","Dollars","    (42.469400913, -93.816490556)","Table 13- Orzechowski and Walker, Tax Burden on Tobacco","POL","450POL","450CGS","455CGS","1"
"IA","Iowa","1983","OW","The Tax Burden on Tobacco","Cigarette Sales","Cigarette Consumption (Pack Sales Per Capita)","115,6",,"Pack","    (42.469400913, -93.816490556)","Table 11- Orzechowski and Walker, Tax Burden on Tobacco","POL","450POL","450CGS","453CGS","2"
"KS","Kansas","1983","OW","The Tax Burden on Tobacco","Cigarette Sales","Cigarette Consumption (Pack Sales Per Capita)","127,6",,"Pack","    (38.3477403, -98.200781227)","Table 11- Orzechowski and Walker, Tax Burden on Tobacco","POL","450POL","450CGS","453CGS","2"
"KS","Kansas","1983","OW","The Tax Burden on Tobacco","Cigarette Sales","Average Cost per pack","0,91","$","Dollars","    (38.3477403, -98.200781227)","Table 13- Orzechowski and Walker, Tax Burden on Tobacco","POL","450POL","450CGS","455CGS","1"
"KY","Kentucky","1983","OW","The Tax Burden on Tobacco","Cigarette Sales","Cigarette Consumption (Pack Sales Per Capita)","201,1",,"Pack","    (37.645970271, -84.774971048)","Table 11- Orzechowski and Walker, Tax Burden on Tobacco","POL","450POL","450CGS","453CGS","2"
"KY","Kentucky","1983","OW","The Tax Burden on Tobacco","Cigarette Sales","Average Cost per pack","0,754","$","Dollars","    (37.645970271, -84.774971048)","Table 13- Orzechowski and Walker, Tax Burden on Tobacco","POL","450POL","450CGS","455CGS","1"
"LA","Louisiana","1983","OW","The Tax Burden on Tobacco","Cigarette Sales","Average Cost per pack","0,907","$","Dollars","    (31.312660644, -92.445680071)","Table 13- Orzechowski and Walker, Tax Burden on Tobacco","POL","450POL","450CGS","455CGS","1"
"LA","Louisiana","1983","OW","The Tax Burden on Tobacco","Cigarette Sales","Cigarette Consumption (Pack Sales Per Capita)","133,7",,"Pack","    (31.312660644, -92.445680071)","Table 11- Orzechowski and Walker, Tax Burden on Tobacco","POL","450POL","450CGS","453CGS","2"
"ME","Maine","1983","OW","The Tax Burden on Tobacco","Cigarette Sales","Average Cost per pack","0,937","$","Dollars","    (45.254228894001, -68.985031336)","Table 13- Orzechowski and Walker, Tax Burden on Tobacco","POL","450POL","450CGS","455CGS","1"
"ME","Maine","1983","OW","The Tax Burden on Tobacco","Cigarette Sales","Cigarette Consumption (Pack Sales Per Capita)","135,4",,"Pack","    (45.254228894001, -68.985031336)","Table 11- Orzechowski and Walker, Tax Burden on Tobacco","POL","450POL","450CGS","453CGS","2"
"MD","Maryland","1983","OW","The Tax Burden on Tobacco","Cigarette Sales","Cigarette Consumption (Pack Sales Per Capita)","128,2",,"Pack","    (39.290580964, -76.609260111)","Table 11- Orzechowski and Walker, Tax Burden on Tobacco","POL","450POL","450CGS","453CGS","2"
"MD","Maryland","1983","OW","The Tax Burden on Tobacco","Cigarette Sales","Average Cost per pack","0,842","$","Dollars","    (39.290580964, -76.609260111)","Table 13- Orzechowski and Walker, Tax Burden on Tobacco","POL","450POL","450CGS","455CGS","1"
"MA","Massachusetts","1983","OW","The Tax Burden on Tobacco","Cigarette Sales","Average Cost per pack","1,014","$","Dollars","    (42.27687047, -72.082690675)","Table 13- Orzechowski and Walker, Tax Burden on Tobacco","POL","450POL","450CGS","455CGS","1"
"MA","Massachusetts","1983","OW","The Tax Burden on Tobacco","Cigarette Sales","Cigarette Consumption (Pack Sales Per Capita)","119,8",,"Pack","    (42.27687047, -72.082690675)","Table 11- Orzechowski and Walker, Tax Burden on Tobacco","POL","450POL","450CGS","453CGS","2"
"MI","Michigan","1983","OW","The Tax Burden on Tobacco","Cigarette Sales","Cigarette Consumption (Pack Sales Per Capita)","128,3",,"Pack","    (44.661319543001, -84.71439027)","Table 11- Orzechowski and Walker, Tax Burden on Tobacco","POL","450POL","450CGS","453CGS","2"
"MI","Michigan","1983","OW","The Tax Burden on Tobacco","Cigarette Sales","Average Cost per pack","0,97","$","Dollars","    (44.661319543001, -84.71439027)","Table 13- Orzechowski and Walker, Tax Burden on Tobacco","POL","450POL","450CGS","455CGS","1"
"MN","Minnesota","1983","OW","The Tax Burden on Tobacco","Cigarette Sales","Average Cost per pack","0,992","$","Dollars","    (46.355648736, -94.794200503)","Table 13- Orzechowski and Walker, Tax Burden on Tobacco","POL","450POL","450CGS","455CGS","1"
"MN","Minnesota","1983","OW","The Tax Burden on Tobacco","Cigarette Sales","Cigarette Consumption (Pack Sales Per Capita)","113,2",,"Pack","    (46.355648736, -94.794200503)","Table 11- Orzechowski and Walker, Tax Burden on Tobacco","POL","450POL","450CGS","453CGS","2"
"MS","Mississippi","1983","OW","The Tax Burden on Tobacco","Cigarette Sales","Average Cost per pack","0,89","$","Dollars","    (32.745510099, -89.538030825)","Table 13- Orzechowski and Walker, Tax Burden on Tobacco","POL","450POL","450CGS","455CGS","1"
"MS","Mississippi","1983","OW","The Tax Burden on Tobacco","Cigarette Sales","Cigarette Consumption (Pack Sales Per Capita)","122,3",,"Pack","    (32.745510099, -89.538030825)","Table 11- Orzechowski and Walker, Tax Burden on Tobacco","POL","450POL","450CGS","453CGS","2"
"MO","Missouri","1983","OW","The Tax Burden on Tobacco","Cigarette Sales","Average Cost per pack","0,848","$","Dollars","    (38.635790776, -92.566300053)","Table 13- Orzechowski and Walker, Tax Burden on Tobacco","POL","450POL","450CGS","455CGS","1"
"MO","Missouri","1983","OW","The Tax Burden on Tobacco","Cigarette Sales","Cigarette Consumption (Pack Sales Per Capita)","134,1",,"Pack","    (38.635790776, -92.566300053)","Table 11- Orzechowski and Walker, Tax Burden on Tobacco","POL","450POL","450CGS","453CGS","2"
"MT","Montana","1983","OW","The Tax Burden on Tobacco","Cigarette Sales","Average Cost per pack","0,913","$","Dollars","    (47.066528972, -109.424420645)","Table 13- Orzechowski and Walker, Tax Burden on Tobacco","POL","450POL","450CGS","455CGS","1"
"MT","Montana","1983","OW","The Tax Burden on Tobacco","Cigarette Sales","Cigarette Consumption (Pack Sales Per Capita)","113,7",,"Pack","    (47.066528972, -109.424420645)","Table 11- Orzechowski and Walker, Tax Burden on Tobacco","POL","450POL","450CGS","453CGS","2"
"NE","Nebraska","1983","OW","The Tax Burden on Tobacco","Cigarette Sales","Cigarette Consumption (Pack Sales Per Capita)","110,8",,"Pack","    (41.641040988001, -99.365720623)","Table 11- Orzechowski and Walker, Tax Burden on Tobacco","POL","450POL","450CGS","453CGS","2"
"NE","Nebraska","1983","OW","The Tax Burden on Tobacco","Cigarette Sales","Average Cost per pack","0,948","$","Dollars","    (41.641040988001, -99.365720623)","Table 13- Orzechowski and Walker, Tax Burden on Tobacco","POL","450POL","450CGS","455CGS","1"
"NV","Nevada","1983","OW","The Tax Burden on Tobacco","Cigarette Sales","Average Cost per pack","0,998","$","Dollars","    (39.49324039, -117.071840564)","Table 13- Orzechowski and Walker, Tax Burden on Tobacco","POL","450POL","450CGS","455CGS","1"
"NV","Nevada","1983","OW","The Tax Burden on Tobacco","Cigarette Sales","Cigarette Consumption (Pack Sales Per Capita)","159,2",,"Pack","    (39.49324039, -117.071840564)","Table 11- Orzechowski and Walker, Tax Burden on Tobacco","POL","450POL","450CGS","453CGS","2"
"NH","New Hampshire","1983","OW","The Tax Burden on Tobacco","Cigarette Sales","Average Cost per pack","0,905","$","Dollars","    (43.655950113, -71.50036092)","Table 13- Orzechowski and Walker, Tax Burden on Tobacco","POL","450POL","450CGS","455CGS","1"
"NH","New Hampshire","1983","OW","The Tax Burden on Tobacco","Cigarette Sales","Cigarette Consumption (Pack Sales Per Capita)","232,9",,"Pack","    (43.655950113, -71.50036092)","Table 11- Orzechowski and Walker, Tax Burden on Tobacco","POL","450POL","450CGS","453CGS","2"
"NJ","New Jersey","1983","OW","The Tax Burden on Tobacco","Cigarette Sales","Average Cost per pack","1,011","$","Dollars","    (40.130570048, -74.273691288)","Table 13- Orzechowski and Walker, Tax Burden on Tobacco","POL","450POL","450CGS","455CGS","1"
"NJ","New Jersey","1983","OW","The Tax Burden on Tobacco","Cigarette Sales","Cigarette Consumption (Pack Sales Per Capita)","121,3",,"Pack","    (40.130570048, -74.273691288)","Table 11- Orzechowski and Walker, Tax Burden on Tobacco","POL","450POL","450CGS","453CGS","2"
"NM","New Mexico","1983","OW","The Tax Burden on Tobacco","Cigarette Sales","Cigarette Consumption (Pack Sales Per Capita)","96,3",,"Pack","    (34.520880952, -106.240580985)","Table 11- Orzechowski and Walker, Tax Burden on Tobacco","POL","450POL","450CGS","453CGS","2"
"NM","New Mexico","1983","OW","The Tax Burden on Tobacco","Cigarette Sales","Average Cost per pack","0,902","$","Dollars","    (34.520880952, -106.240580985)","Table 13- Orzechowski and Walker, Tax Burden on Tobacco","POL","450POL","450CGS","455CGS","1"
"NY","New York","1983","OW","The Tax Burden on Tobacco","Cigarette Sales","Cigarette Consumption (Pack Sales Per Capita)","124,6",,"Pack","    (42.827001032, -75.543970427)","Table 11- Orzechowski and Walker, Tax Burden on Tobacco","POL","450POL","450CGS","453CGS","2"
"NY","New York","1983","OW","The Tax Burden on Tobacco","Cigarette Sales","Average Cost per pack","1,008","$","Dollars","    (42.827001032, -75.543970427)","Table 13- Orzechowski and Walker, Tax Burden on Tobacco","POL","450POL","450CGS","455CGS","1"
"NC","North Carolina","1983","OW","The Tax Burden on Tobacco","Cigarette Sales","Cigarette Consumption (Pack Sales Per Capita)","169,7",,"Pack","    (35.466220975, -79.159250463)","Table 11- Orzechowski and Walker, Tax Burden on Tobacco","POL","450POL","450CGS","453CGS","2"
"NC","North Carolina","1983","OW","The Tax Burden on Tobacco","Cigarette Sales","Average Cost per pack","0,75","$","Dollars","    (35.466220975, -79.159250463)","Table 13- Orzechowski and Walker, Tax Burden on Tobacco","POL","450POL","450CGS","455CGS","1"
"ND","North Dakota","1983","OW","The Tax Burden on Tobacco","Cigarette Sales","Cigarette Consumption (Pack Sales Per Capita)","119,6",,"Pack","    (47.475319779, -100.118421049)","Table 11- Orzechowski and Walker, Tax Burden on Tobacco","POL","450POL","450CGS","453CGS","2"
"ND","North Dakota","1983","OW","The Tax Burden on Tobacco","Cigarette Sales","Average Cost per pack","0,944","$","Dollars","    (47.475319779, -100.118421049)","Table 13- Orzechowski and Walker, Tax Burden on Tobacco","POL","450POL","450CGS","455CGS","1"
"OH","Ohio","1983","OW","The Tax Burden on Tobacco","Cigarette Sales","Cigarette Consumption (Pack Sales Per Capita)","130",,"Pack","    (40.060210141, -82.404260056)","Table 11- Orzechowski and Walker, Tax Burden on Tobacco","POL","450POL","450CGS","453CGS","2"
"OH","Ohio","1983","OW","The Tax Burden on Tobacco","Cigarette Sales","Average Cost per pack","0,892","$","Dollars","    (40.060210141, -82.404260056)","Table 13- Orzechowski and Walker, Tax Burden on Tobacco","POL","450POL","450CGS","455CGS","1"
"OK","Oklahoma","1983","OW","The Tax Burden on Tobacco","Cigarette Sales","Cigarette Consumption (Pack Sales Per Capita)","140",,"Pack","    (35.472031356, -97.521070214)","Table 11- Orzechowski and Walker, Tax Burden on Tobacco","POL","450POL","450CGS","453CGS","2"
"OK","Oklahoma","1983","OW","The Tax Burden on Tobacco","Cigarette Sales","Average Cost per pack","0,933","$","Dollars","    (35.472031356, -97.521070214)","Table 13- Orzechowski and Walker, Tax Burden on Tobacco","POL","450POL","450CGS","455CGS","1"
"OR","Oregon","1983","OW","The Tax Burden on Tobacco","Cigarette Sales","Cigarette Consumption (Pack Sales Per Capita)","124,6",,"Pack","    (44.567449424, -120.155031326)","Table 11- Orzechowski and Walker, Tax Burden on Tobacco","POL","450POL","450CGS","453CGS","2"
"OR","Oregon","1983","OW","The Tax Burden on Tobacco","Cigarette Sales","Average Cost per pack","0,965","$","Dollars","    (44.567449424, -120.155031326)","Table 13- Orzechowski and Walker, Tax Burden on Tobacco","POL","450POL","450CGS","455CGS","1"
"PA","Pennsylvania","1983","OW","The Tax Burden on Tobacco","Cigarette Sales","Average Cost per pack","0,977","$","Dollars","    (40.793730152, -77.860700294)","Table 13- Orzechowski and Walker, Tax Burden on Tobacco","POL","450POL","450CGS","455CGS","1"
"PA","Pennsylvania","1983","OW","The Tax Burden on Tobacco","Cigarette Sales","Cigarette Consumption (Pack Sales Per Capita)","125,3",,"Pack","    (40.793730152, -77.860700294)","Table 11- Orzechowski and Walker, Tax Burden on Tobacco","POL","450POL","450CGS","453CGS","2"
"RI","Rhode Island","1983","OW","The Tax Burden on Tobacco","Cigarette Sales","Average Cost per pack","0,948","$","Dollars","    (41.708280193, -71.522470314)","Table 13- Orzechowski and Walker, Tax Burden on Tobacco","POL","450POL","450CGS","455CGS","1"
"RI","Rhode Island","1983","OW","The Tax Burden on Tobacco","Cigarette Sales","Cigarette Consumption (Pack Sales Per Capita)","135,8",,"Pack","    (41.708280193, -71.522470314)","Table 11- Orzechowski and Walker, Tax Burden on Tobacco","POL","450POL","450CGS","453CGS","2"
"SC","South Carolina","1983","OW","The Tax Burden on Tobacco","Cigarette Sales","Cigarette Consumption (Pack Sales Per Capita)","131,1",,"Pack","    (33.998821303, -81.045371207)","Table 11- Orzechowski and Walker, Tax Burden on Tobacco","POL","450POL","450CGS","453CGS","2"
"SC","South Carolina","1983","OW","The Tax Burden on Tobacco","Cigarette Sales","Average Cost per pack","0,813","$","Dollars","    (33.998821303, -81.045371207)","Table 13- Orzechowski and Walker, Tax Burden on Tobacco","POL","450POL","450CGS","455CGS","1"
"SD","South Dakota","1983","OW","The Tax Burden on Tobacco","Cigarette Sales","Cigarette Consumption (Pack Sales Per Capita)","109,8",,"Pack","    (44.353130053, -100.373530637)","Table 11- Orzechowski and Walker, Tax Burden on Tobacco","POL","450POL","450CGS","453CGS","2"
"SD","South Dakota","1983","OW","The Tax Burden on Tobacco","Cigarette Sales","Average Cost per pack","0,898","$","Dollars","    (44.353130053, -100.373530637)","Table 13- Orzechowski and Walker, Tax Burden on Tobacco","POL","450POL","450CGS","455CGS","1"
"TN","Tennessee","1983","OW","The Tax Burden on Tobacco","Cigarette Sales","Average Cost per pack","0,883","$","Dollars","    (35.68094058, -85.774490914)","Table 13- Orzechowski and Walker, Tax Burden on Tobacco","POL","450POL","450CGS","455CGS","1"
"TN","Tennessee","1983","OW","The Tax Burden on Tobacco","Cigarette Sales","Cigarette Consumption (Pack Sales Per Capita)","129",,"Pack","    (35.68094058, -85.774490914)","Table 11- Orzechowski and Walker, Tax Burden on Tobacco","POL","450POL","450CGS","453CGS","2"
"TX","Texas","1983","OW","The Tax Burden on Tobacco","Cigarette Sales","Cigarette Consumption (Pack Sales Per Capita)","126,4",,"Pack","    (31.827240407, -99.426770206)","Table 11- Orzechowski and Walker, Tax Burden on Tobacco","POL","450POL","450CGS","453CGS","2"
"TX","Texas","1983","OW","The Tax Burden on Tobacco","Cigarette Sales","Average Cost per pack","0,938","$","Dollars","    (31.827240407, -99.426770206)","Table 13- Orzechowski and Walker, Tax Burden on Tobacco","POL","450POL","450CGS","455CGS","1"
"UT","Utah","1983","OW","The Tax Burden on Tobacco","Cigarette Sales","Cigarette Consumption (Pack Sales Per Capita)","69",,"Pack","    (39.360700171, -111.587130635)","Table 11- Orzechowski and Walker, Tax Burden on Tobacco","POL","450POL","450CGS","453CGS","2"
"UT","Utah","1983","OW","The Tax Burden on Tobacco","Cigarette Sales","Average Cost per pack","0,953","$","Dollars","    (39.360700171, -111.587130635)","Table 13- Orzechowski and Walker, Tax Burden on Tobacco","POL","450POL","450CGS","455CGS","1"
"VT","Vermont","1983","OW","The Tax Burden on Tobacco","Cigarette Sales","Cigarette Consumption (Pack Sales Per Capita)","153,8",,"Pack","    (43.625381239, -72.517640791)","Table 11- Orzechowski and Walker, Tax Burden on Tobacco","POL","450POL","450CGS","453CGS","2"
"VT","Vermont","1983","OW","The Tax Burden on Tobacco","Cigarette Sales","Average Cost per pack","0,906","$","Dollars","    (43.625381239, -72.517640791)","Table 13- Orzechowski and Walker, Tax Burden on Tobacco","POL","450POL","450CGS","455CGS","1"
"VA","Virginia","1983","OW","The Tax Burden on Tobacco","Cigarette Sales","Average Cost per pack","0,76","$","Dollars","    (37.542680674, -78.457890463)","Table 13- Orzechowski and Walker, Tax Burden on Tobacco","POL","450POL","450CGS","455CGS","1"
"VA","Virginia","1983","OW","The Tax Burden on Tobacco","Cigarette Sales","Cigarette Consumption (Pack Sales Per Capita)","144,7",,"Pack","    (37.542680674, -78.457890463)","Table 11- Orzechowski and Walker, Tax Burden on Tobacco","POL","450POL","450CGS","453CGS","2"
"WA","Washington","1983","OW","The Tax Burden on Tobacco","Cigarette Sales","Cigarette Consumption (Pack Sales Per Capita)","102,4",,"Pack","    (47.522278629, -120.47001079)","Table 11- Orzechowski and Walker, Tax Burden on Tobacco","POL","450POL","450CGS","453CGS","2"
"WA","Washington","1983","OW","The Tax Burden on Tobacco","Cigarette Sales","Average Cost per pack","1,059","$","Dollars","    (47.522278629, -120.47001079)","Table 13- Orzechowski and Walker, Tax Burden on Tobacco","POL","450POL","450CGS","455CGS","1"
"WV","West Virginia","1983","OW","The Tax Burden on Tobacco","Cigarette Sales","Average Cost per pack","0,972","$","Dollars","    (38.665510202, -80.712640135)","Table 13- Orzechowski and Walker, Tax Burden on Tobacco","POL","450POL","450CGS","455CGS","1"
"WV","West Virginia","1983","OW","The Tax Burden on Tobacco","Cigarette Sales","Cigarette Consumption (Pack Sales Per Capita)","115,7",,"Pack","    (38.665510202, -80.712640135)","Table 11- Orzechowski and Walker, Tax Burden on Tobacco","POL","450POL","450CGS","453CGS","2"
"WI","Wisconsin","1983","OW","The Tax Burden on Tobacco","Cigarette Sales","Average Cost per pack","1,008","$","Dollars","    (44.393191174, -89.816370742)","Table 13- Orzechowski and Walker, Tax Burden on Tobacco","POL","450POL","450CGS","455CGS","1"
"WI","Wisconsin","1983","OW","The Tax Burden on Tobacco","Cigarette Sales","Cigarette Consumption (Pack Sales Per Capita)","106,3",,"Pack","    (44.393191174, -89.816370742)","Table 11- Orzechowski and Walker, Tax Burden on Tobacco","POL","450POL","450CGS","453CGS","2"
"WY","Wyoming","1983","OW","The Tax Burden on Tobacco","Cigarette Sales","Cigarette Consumption (Pack Sales Per Capita)","141,2",,"Pack","    (43.235541343, -108.109830353)","Table 11- Orzechowski and Walker, Tax Burden on Tobacco","POL","450POL","450CGS","453CGS","2"
"WY","Wyoming","1983","OW","The Tax Burden on Tobacco","Cigarette Sales","Average Cost per pack","0,817","$","Dollars","    (43.235541343, -108.109830353)","Table 13- Orzechowski and Walker, Tax Burden on Tobacco","POL","450POL","450CGS","455CGS","1"
"AL","Alabama","1982","OW","The Tax Burden on Tobacco","Cigarette Sales","Cigarette Consumption (Pack Sales Per Capita)","119,1",,"Pack","    (32.840571122, -86.631860762)","Table 11- Orzechowski and Walker, Tax Burden on Tobacco","POL","450POL","450CGS","453CGS","2"
"AL","Alabama","1982","OW","The Tax Burden on Tobacco","Cigarette Sales","Average Cost per pack","0,844","$","Dollars","    (32.840571122, -86.631860762)","Table 13- Orzechowski and Walker, Tax Burden on Tobacco","POL","450POL","450CGS","455CGS","1"
"AK","Alaska","1982","OW","The Tax Burden on Tobacco","Cigarette Sales","Cigarette Consumption (Pack Sales Per Capita)","148,3",,"Pack","    (64.845079957001, -147.722059036)","Table 11- Orzechowski and Walker, Tax Burden on Tobacco","POL","450POL","450CGS","453CGS","2"
"AK","Alaska","1982","OW","The Tax Burden on Tobacco","Cigarette Sales","Average Cost per pack","0,86","$","Dollars","    (64.845079957001, -147.722059036)","Table 13- Orzechowski and Walker, Tax Burden on Tobacco","POL","450POL","450CGS","455CGS","1"
"AZ","Arizona","1982","OW","The Tax Burden on Tobacco","Cigarette Sales","Average Cost per pack","0,805","$","Dollars","    (34.86597028, -111.763811277)","Table 13- Orzechowski and Walker, Tax Burden on Tobacco","POL","450POL","450CGS","455CGS","1"
"AZ","Arizona","1982","OW","The Tax Burden on Tobacco","Cigarette Sales","Cigarette Consumption (Pack Sales Per Capita)","113,5",,"Pack","    (34.86597028, -111.763811277)","Table 11- Orzechowski and Walker, Tax Burden on Tobacco","POL","450POL","450CGS","453CGS","2"
"AR","Arkansas","1982","OW","The Tax Burden on Tobacco","Cigarette Sales","Average Cost per pack","0,82","$","Dollars","    (34.748650124, -92.274490743)","Table 13- Orzechowski and Walker, Tax Burden on Tobacco","POL","450POL","450CGS","455CGS","1"
"AR","Arkansas","1982","OW","The Tax Burden on Tobacco","Cigarette Sales","Cigarette Consumption (Pack Sales Per Capita)","127,4",,"Pack","    (34.748650124, -92.274490743)","Table 11- Orzechowski and Walker, Tax Burden on Tobacco","POL","450POL","450CGS","453CGS","2"
"CA","California","1982","OW","The Tax Burden on Tobacco","Cigarette Sales","Cigarette Consumption (Pack Sales Per Capita)","115,4",,"Pack","    (37.638640123, -120.999999538)","Table 11- Orzechowski and Walker, Tax Burden on Tobacco","POL","450POL","450CGS","453CGS","2"
"CA","California","1982","OW","The Tax Burden on Tobacco","Cigarette Sales","Average Cost per pack","0,849","$","Dollars","    (37.638640123, -120.999999538)","Table 13- Orzechowski and Walker, Tax Burden on Tobacco","POL","450POL","450CGS","455CGS","1"
"CO","Colorado","1982","OW","The Tax Burden on Tobacco","Cigarette Sales","Cigarette Consumption (Pack Sales Per Capita)","130,5",,"Pack","    (38.843840757, -106.133610921)","Table 11- Orzechowski and Walker, Tax Burden on Tobacco","POL","450POL","450CGS","453CGS","2"
"CO","Colorado","1982","OW","The Tax Burden on Tobacco","Cigarette Sales","Average Cost per pack","0,733","$","Dollars","    (38.843840757, -106.133610921)","Table 13- Orzechowski and Walker, Tax Burden on Tobacco","POL","450POL","450CGS","455CGS","1"
"CT","Connecticut","1982","OW","The Tax Burden on Tobacco","Cigarette Sales","Cigarette Consumption (Pack Sales Per Capita)","114,7",,"Pack","    (41.56266102, -72.649840952)","Table 11- Orzechowski and Walker, Tax Burden on Tobacco","POL","450POL","450CGS","453CGS","2"
"CT","Connecticut","1982","OW","The Tax Burden on Tobacco","Cigarette Sales","Average Cost per pack","0,956","$","Dollars","    (41.56266102, -72.649840952)","Table 13- Orzechowski and Walker, Tax Burden on Tobacco","POL","450POL","450CGS","455CGS","1"
"DE","Delaware","1982","OW","The Tax Burden on Tobacco","Cigarette Sales","Average Cost per pack","0,82","$","Dollars","    (39.008830667, -75.577741168)","Table 13- Orzechowski and Walker, Tax Burden on Tobacco","POL","450POL","450CGS","455CGS","1"
"DE","Delaware","1982","OW","The Tax Burden on Tobacco","Cigarette Sales","Cigarette Consumption (Pack Sales Per Capita)","154,1",,"Pack","    (39.008830667, -75.577741168)","Table 11- Orzechowski and Walker, Tax Burden on Tobacco","POL","450POL","450CGS","453CGS","2"
"DC","District of Columbia","1982","OW","The Tax Burden on Tobacco","Cigarette Sales","Average Cost per pack","0,863","$","Dollars","    (38.890371385, -77.031961127)","Table 13- Orzechowski and Walker, Tax Burden on Tobacco","POL","450POL","450CGS","455CGS","1"
"DC","District of Columbia","1982","OW","The Tax Burden on Tobacco","Cigarette Sales","Cigarette Consumption (Pack Sales Per Capita)","132",,"Pack","    (38.890371385, -77.031961127)","Table 11- Orzechowski and Walker, Tax Burden on Tobacco","POL","450POL","450CGS","453CGS","2"
"FL","Florida","1982","OW","The Tax Burden on Tobacco","Cigarette Sales","Average Cost per pack","0,905","$","Dollars","    (28.932040377, -81.928960539)","Table 13- Orzechowski and Walker, Tax Burden on Tobacco","POL","450POL","450CGS","455CGS","1"
"FL","Florida","1982","OW","The Tax Burden on Tobacco","Cigarette Sales","Cigarette Consumption (Pack Sales Per Capita)","131,8",,"Pack","    (28.932040377, -81.928960539)","Table 11- Orzechowski and Walker, Tax Burden on Tobacco","POL","450POL","450CGS","453CGS","2"
"GA","Georgia","1982","OW","The Tax Burden on Tobacco","Cigarette Sales","Average Cost per pack","0,789","$","Dollars","    (32.839681093, -83.627580346)","Table 13- Orzechowski and Walker, Tax Burden on Tobacco","POL","450POL","450CGS","455CGS","1"
"GA","Georgia","1982","OW","The Tax Burden on Tobacco","Cigarette Sales","Cigarette Consumption (Pack Sales Per Capita)","131,2",,"Pack","    (32.839681093, -83.627580346)","Table 11- Orzechowski and Walker, Tax Burden on Tobacco","POL","450POL","450CGS","453CGS","2"
"HI","Hawaii","1982","OW","The Tax Burden on Tobacco","Cigarette Sales","Cigarette Consumption (Pack Sales Per Capita)","77,7",,"Pack","    (21.304850435, -157.857749403)","Table 11- Orzechowski and Walker, Tax Burden on Tobacco","POL","450POL","450CGS","453CGS","2"
"HI","Hawaii","1982","OW","The Tax Burden on Tobacco","Cigarette Sales","Average Cost per pack","0,905","$","Dollars","    (21.304850435, -157.857749403)","Table 13- Orzechowski and Walker, Tax Burden on Tobacco","POL","450POL","450CGS","455CGS","1"
"ID","Idaho","1982","OW","The Tax Burden on Tobacco","Cigarette Sales","Average Cost per pack","0,765","$","Dollars","    (43.682630005, -114.363730042)","Table 13- Orzechowski and Walker, Tax Burden on Tobacco","POL","450POL","450CGS","455CGS","1"
"ID","Idaho","1982","OW","The Tax Burden on Tobacco","Cigarette Sales","Cigarette Consumption (Pack Sales Per Capita)","111,5",,"Pack","    (43.682630005, -114.363730042)","Table 11- Orzechowski and Walker, Tax Burden on Tobacco","POL","450POL","450CGS","453CGS","2"
"IL","Illinois","1982","OW","The Tax Burden on Tobacco","Cigarette Sales","Average Cost per pack","0,808","$","Dollars","    (40.485010283, -88.997710178)","Table 13- Orzechowski and Walker, Tax Burden on Tobacco","POL","450POL","450CGS","455CGS","1"
"IL","Illinois","1982","OW","The Tax Burden on Tobacco","Cigarette Sales","Cigarette Consumption (Pack Sales Per Capita)","130,7",,"Pack","    (40.485010283, -88.997710178)","Table 11- Orzechowski and Walker, Tax Burden on Tobacco","POL","450POL","450CGS","453CGS","2"
"IN","Indiana","1982","OW","The Tax Burden on Tobacco","Cigarette Sales","Cigarette Consumption (Pack Sales Per Capita)","147,7",,"Pack","    (39.766910452, -86.149960194)","Table 11- Orzechowski and Walker, Tax Burden on Tobacco","POL","450POL","450CGS","453CGS","2"
"IN","Indiana","1982","OW","The Tax Burden on Tobacco","Cigarette Sales","Average Cost per pack","0,757","$","Dollars","    (39.766910452, -86.149960194)","Table 13- Orzechowski and Walker, Tax Burden on Tobacco","POL","450POL","450CGS","455CGS","1"
"IA","Iowa","1982","OW","The Tax Burden on Tobacco","Cigarette Sales","Cigarette Consumption (Pack Sales Per Capita)","116,2",,"Pack","    (42.469400913, -93.816490556)","Table 11- Orzechowski and Walker, Tax Burden on Tobacco","POL","450POL","450CGS","453CGS","2"
"IA","Iowa","1982","OW","The Tax Burden on Tobacco","Cigarette Sales","Average Cost per pack","0,84","$","Dollars","    (42.469400913, -93.816490556)","Table 13- Orzechowski and Walker, Tax Burden on Tobacco","POL","450POL","450CGS","455CGS","1"
"KS","Kansas","1982","OW","The Tax Burden on Tobacco","Cigarette Sales","Cigarette Consumption (Pack Sales Per Capita)","130,9",,"Pack","    (38.3477403, -98.200781227)","Table 11- Orzechowski and Walker, Tax Burden on Tobacco","POL","450POL","450CGS","453CGS","2"
"KS","Kansas","1982","OW","The Tax Burden on Tobacco","Cigarette Sales","Average Cost per pack","0,77","$","Dollars","    (38.3477403, -98.200781227)","Table 13- Orzechowski and Walker, Tax Burden on Tobacco","POL","450POL","450CGS","455CGS","1"
"KY","Kentucky","1982","OW","The Tax Burden on Tobacco","Cigarette Sales","Cigarette Consumption (Pack Sales Per Capita)","210,6",,"Pack","    (37.645970271, -84.774971048)","Table 11- Orzechowski and Walker, Tax Burden on Tobacco","POL","450POL","450CGS","453CGS","2"
"KY","Kentucky","1982","OW","The Tax Burden on Tobacco","Cigarette Sales","Average Cost per pack","0,664","$","Dollars","    (37.645970271, -84.774971048)","Table 13- Orzechowski and Walker, Tax Burden on Tobacco","POL","450POL","450CGS","455CGS","1"
"LA","Louisiana","1982","OW","The Tax Burden on Tobacco","Cigarette Sales","Cigarette Consumption (Pack Sales Per Capita)","143,9",,"Pack","    (31.312660644, -92.445680071)","Table 11- Orzechowski and Walker, Tax Burden on Tobacco","POL","450POL","450CGS","453CGS","2"
"LA","Louisiana","1982","OW","The Tax Burden on Tobacco","Cigarette Sales","Average Cost per pack","0,807","$","Dollars","    (31.312660644, -92.445680071)","Table 13- Orzechowski and Walker, Tax Burden on Tobacco","POL","450POL","450CGS","455CGS","1"
"ME","Maine","1982","OW","The Tax Burden on Tobacco","Cigarette Sales","Cigarette Consumption (Pack Sales Per Capita)","139,5",,"Pack","    (45.254228894001, -68.985031336)","Table 11- Orzechowski and Walker, Tax Burden on Tobacco","POL","450POL","450CGS","453CGS","2"
"ME","Maine","1982","OW","The Tax Burden on Tobacco","Cigarette Sales","Average Cost per pack","0,808","$","Dollars","    (45.254228894001, -68.985031336)","Table 13- Orzechowski and Walker, Tax Burden on Tobacco","POL","450POL","450CGS","455CGS","1"
"MD","Maryland","1982","OW","The Tax Burden on Tobacco","Cigarette Sales","Average Cost per pack","0,749","$","Dollars","    (39.290580964, -76.609260111)","Table 13- Orzechowski and Walker, Tax Burden on Tobacco","POL","450POL","450CGS","455CGS","1"
"MD","Maryland","1982","OW","The Tax Burden on Tobacco","Cigarette Sales","Cigarette Consumption (Pack Sales Per Capita)","131,3",,"Pack","    (39.290580964, -76.609260111)","Table 11- Orzechowski and Walker, Tax Burden on Tobacco","POL","450POL","450CGS","453CGS","2"
"MA","Massachusetts","1982","OW","The Tax Burden on Tobacco","Cigarette Sales","Cigarette Consumption (Pack Sales Per Capita)","122,3",,"Pack","    (42.27687047, -72.082690675)","Table 11- Orzechowski and Walker, Tax Burden on Tobacco","POL","450POL","450CGS","453CGS","2"
"MA","Massachusetts","1982","OW","The Tax Burden on Tobacco","Cigarette Sales","Average Cost per pack","0,887","$","Dollars","    (42.27687047, -72.082690675)","Table 13- Orzechowski and Walker, Tax Burden on Tobacco","POL","450POL","450CGS","455CGS","1"
"MI","Michigan","1982","OW","The Tax Burden on Tobacco","Cigarette Sales","Average Cost per pack","0,877","$","Dollars","    (44.661319543001, -84.71439027)","Table 13- Orzechowski and Walker, Tax Burden on Tobacco","POL","450POL","450CGS","455CGS","1"
"MI","Michigan","1982","OW","The Tax Burden on Tobacco","Cigarette Sales","Cigarette Consumption (Pack Sales Per Capita)","137,3",,"Pack","    (44.661319543001, -84.71439027)","Table 11- Orzechowski and Walker, Tax Burden on Tobacco","POL","450POL","450CGS","453CGS","2"
"MN","Minnesota","1982","OW","The Tax Burden on Tobacco","Cigarette Sales","Average Cost per pack","0,873","$","Dollars","    (46.355648736, -94.794200503)","Table 13- Orzechowski and Walker, Tax Burden on Tobacco","POL","450POL","450CGS","455CGS","1"
"MN","Minnesota","1982","OW","The Tax Burden on Tobacco","Cigarette Sales","Cigarette Consumption (Pack Sales Per Capita)","119,4",,"Pack","    (46.355648736, -94.794200503)","Table 11- Orzechowski and Walker, Tax Burden on Tobacco","POL","450POL","450CGS","453CGS","2"
"MS","Mississippi","1982","OW","The Tax Burden on Tobacco","Cigarette Sales","Cigarette Consumption (Pack Sales Per Capita)","125,8",,"Pack","    (32.745510099, -89.538030825)","Table 11- Orzechowski and Walker, Tax Burden on Tobacco","POL","450POL","450CGS","453CGS","2"
"MS","Mississippi","1982","OW","The Tax Burden on Tobacco","Cigarette Sales","Average Cost per pack","0,786","$","Dollars","    (32.745510099, -89.538030825)","Table 13- Orzechowski and Walker, Tax Burden on Tobacco","POL","450POL","450CGS","455CGS","1"
"MO","Missouri","1982","OW","The Tax Burden on Tobacco","Cigarette Sales","Cigarette Consumption (Pack Sales Per Capita)","139,7",,"Pack","    (38.635790776, -92.566300053)","Table 11- Orzechowski and Walker, Tax Burden on Tobacco","POL","450POL","450CGS","453CGS","2"
"MO","Missouri","1982","OW","The Tax Burden on Tobacco","Cigarette Sales","Average Cost per pack","0,748","$","Dollars","    (38.635790776, -92.566300053)","Table 13- Orzechowski and Walker, Tax Burden on Tobacco","POL","450POL","450CGS","455CGS","1"
"MT","Montana","1982","OW","The Tax Burden on Tobacco","Cigarette Sales","Cigarette Consumption (Pack Sales Per Capita)","122,4",,"Pack","    (47.066528972, -109.424420645)","Table 11- Orzechowski and Walker, Tax Burden on Tobacco","POL","450POL","450CGS","453CGS","2"
"MT","Montana","1982","OW","The Tax Burden on Tobacco","Cigarette Sales","Average Cost per pack","0,772","$","Dollars","    (47.066528972, -109.424420645)","Table 13- Orzechowski and Walker, Tax Burden on Tobacco","POL","450POL","450CGS","455CGS","1"
"NE","Nebraska","1982","OW","The Tax Burden on Tobacco","Cigarette Sales","Average Cost per pack","0,837","$","Dollars","    (41.641040988001, -99.365720623)","Table 13- Orzechowski and Walker, Tax Burden on Tobacco","POL","450POL","450CGS","455CGS","1"
"NE","Nebraska","1982","OW","The Tax Burden on Tobacco","Cigarette Sales","Cigarette Consumption (Pack Sales Per Capita)","117,1",,"Pack","    (41.641040988001, -99.365720623)","Table 11- Orzechowski and Walker, Tax Burden on Tobacco","POL","450POL","450CGS","453CGS","2"
"NV","Nevada","1982","OW","The Tax Burden on Tobacco","Cigarette Sales","Cigarette Consumption (Pack Sales Per Capita)","165,1",,"Pack","    (39.49324039, -117.071840564)","Table 11- Orzechowski and Walker, Tax Burden on Tobacco","POL","450POL","450CGS","453CGS","2"
"NV","Nevada","1982","OW","The Tax Burden on Tobacco","Cigarette Sales","Average Cost per pack","0,819","$","Dollars","    (39.49324039, -117.071840564)","Table 13- Orzechowski and Walker, Tax Burden on Tobacco","POL","450POL","450CGS","455CGS","1"
"NH","New Hampshire","1982","OW","The Tax Burden on Tobacco","Cigarette Sales","Cigarette Consumption (Pack Sales Per Capita)","239,8",,"Pack","    (43.655950113, -71.50036092)","Table 11- Orzechowski and Walker, Tax Burden on Tobacco","POL","450POL","450CGS","453CGS","2"
"NH","New Hampshire","1982","OW","The Tax Burden on Tobacco","Cigarette Sales","Average Cost per pack","0,747","$","Dollars","    (43.655950113, -71.50036092)","Table 13- Orzechowski and Walker, Tax Burden on Tobacco","POL","450POL","450CGS","455CGS","1"
"NJ","New Jersey","1982","OW","The Tax Burden on Tobacco","Cigarette Sales","Cigarette Consumption (Pack Sales Per Capita)","126,3",,"Pack","    (40.130570048, -74.273691288)","Table 11- Orzechowski and Walker, Tax Burden on Tobacco","POL","450POL","450CGS","453CGS","2"
"NJ","New Jersey","1982","OW","The Tax Burden on Tobacco","Cigarette Sales","Average Cost per pack","0,921","$","Dollars","    (40.130570048, -74.273691288)","Table 13- Orzechowski and Walker, Tax Burden on Tobacco","POL","450POL","450CGS","455CGS","1"
"NM","New Mexico","1982","OW","The Tax Burden on Tobacco","Cigarette Sales","Average Cost per pack","0,796","$","Dollars","    (34.520880952, -106.240580985)","Table 13- Orzechowski and Walker, Tax Burden on Tobacco","POL","450POL","450CGS","455CGS","1"
"NM","New Mexico","1982","OW","The Tax Burden on Tobacco","Cigarette Sales","Cigarette Consumption (Pack Sales Per Capita)","97,5",,"Pack","    (34.520880952, -106.240580985)","Table 11- Orzechowski and Walker, Tax Burden on Tobacco","POL","450POL","450CGS","453CGS","2"
"NY","New York","1982","OW","The Tax Burden on Tobacco","Cigarette Sales","Average Cost per pack","0,831","$","Dollars","    (42.827001032, -75.543970427)","Table 13- Orzechowski and Walker, Tax Burden on Tobacco","POL","450POL","450CGS","455CGS","1"
"NY","New York","1982","OW","The Tax Burden on Tobacco","Cigarette Sales","Cigarette Consumption (Pack Sales Per Capita)","128,5",,"Pack","    (42.827001032, -75.543970427)","Table 11- Orzechowski and Walker, Tax Burden on Tobacco","POL","450POL","450CGS","453CGS","2"
"NC","North Carolina","1982","OW","The Tax Burden on Tobacco","Cigarette Sales","Average Cost per pack","0,66","$","Dollars","    (35.466220975, -79.159250463)","Table 13- Orzechowski and Walker, Tax Burden on Tobacco","POL","450POL","450CGS","455CGS","1"
"NC","North Carolina","1982","OW","The Tax Burden on Tobacco","Cigarette Sales","Cigarette Consumption (Pack Sales Per Capita)","179",,"Pack","    (35.466220975, -79.159250463)","Table 11- Orzechowski and Walker, Tax Burden on Tobacco","POL","450POL","450CGS","453CGS","2"
"ND","North Dakota","1982","OW","The Tax Burden on Tobacco","Cigarette Sales","Average Cost per pack","0,779","$","Dollars","    (47.475319779, -100.118421049)","Table 13- Orzechowski and Walker, Tax Burden on Tobacco","POL","450POL","450CGS","455CGS","1"
"ND","North Dakota","1982","OW","The Tax Burden on Tobacco","Cigarette Sales","Cigarette Consumption (Pack Sales Per Capita)","126,8",,"Pack","    (47.475319779, -100.118421049)","Table 11- Orzechowski and Walker, Tax Burden on Tobacco","POL","450POL","450CGS","453CGS","2"
"OH","Ohio","1982","OW","The Tax Burden on Tobacco","Cigarette Sales","Cigarette Consumption (Pack Sales Per Capita)","134",,"Pack","    (40.060210141, -82.404260056)","Table 11- Orzechowski and Walker, Tax Burden on Tobacco","POL","450POL","450CGS","453CGS","2"
"OH","Ohio","1982","OW","The Tax Burden on Tobacco","Cigarette Sales","Average Cost per pack","0,825","$","Dollars","    (40.060210141, -82.404260056)","Table 13- Orzechowski and Walker, Tax Burden on Tobacco","POL","450POL","450CGS","455CGS","1"
"OK","Oklahoma","1982","OW","The Tax Burden on Tobacco","Cigarette Sales","Average Cost per pack","0,839","$","Dollars","    (35.472031356, -97.521070214)","Table 13- Orzechowski and Walker, Tax Burden on Tobacco","POL","450POL","450CGS","455CGS","1"
"OK","Oklahoma","1982","OW","The Tax Burden on Tobacco","Cigarette Sales","Cigarette Consumption (Pack Sales Per Capita)","147",,"Pack","    (35.472031356, -97.521070214)","Table 11- Orzechowski and Walker, Tax Burden on Tobacco","POL","450POL","450CGS","453CGS","2"
"OR","Oregon","1982","OW","The Tax Burden on Tobacco","Cigarette Sales","Average Cost per pack","0,82","$","Dollars","    (44.567449424, -120.155031326)","Table 13- Orzechowski and Walker, Tax Burden on Tobacco","POL","450POL","450CGS","455CGS","1"
"OR","Oregon","1982","OW","The Tax Burden on Tobacco","Cigarette Sales","Cigarette Consumption (Pack Sales Per Capita)","135,3",,"Pack","    (44.567449424, -120.155031326)","Table 11- Orzechowski and Walker, Tax Burden on Tobacco","POL","450POL","450CGS","453CGS","2"
"PA","Pennsylvania","1982","OW","The Tax Burden on Tobacco","Cigarette Sales","Cigarette Consumption (Pack Sales Per Capita)","123,3",,"Pack","    (40.793730152, -77.860700294)","Table 11- Orzechowski and Walker, Tax Burden on Tobacco","POL","450POL","450CGS","453CGS","2"
"PA","Pennsylvania","1982","OW","The Tax Burden on Tobacco","Cigarette Sales","Average Cost per pack","0,817","$","Dollars","    (40.793730152, -77.860700294)","Table 13- Orzechowski and Walker, Tax Burden on Tobacco","POL","450POL","450CGS","455CGS","1"
"RI","Rhode Island","1982","OW","The Tax Burden on Tobacco","Cigarette Sales","Average Cost per pack","0,84","$","Dollars","    (41.708280193, -71.522470314)","Table 13- Orzechowski and Walker, Tax Burden on Tobacco","POL","450POL","450CGS","455CGS","1"
"RI","Rhode Island","1982","OW","The Tax Burden on Tobacco","Cigarette Sales","Cigarette Consumption (Pack Sales Per Capita)","146,3",,"Pack","    (41.708280193, -71.522470314)","Table 11- Orzechowski and Walker, Tax Burden on Tobacco","POL","450POL","450CGS","453CGS","2"
"SC","South Carolina","1982","OW","The Tax Burden on Tobacco","Cigarette Sales","Cigarette Consumption (Pack Sales Per Capita)","136",,"Pack","    (33.998821303, -81.045371207)","Table 11- Orzechowski and Walker, Tax Burden on Tobacco","POL","450POL","450CGS","453CGS","2"
"SC","South Carolina","1982","OW","The Tax Burden on Tobacco","Cigarette Sales","Average Cost per pack","0,724","$","Dollars","    (33.998821303, -81.045371207)","Table 13- Orzechowski and Walker, Tax Burden on Tobacco","POL","450POL","450CGS","455CGS","1"
"SD","South Dakota","1982","OW","The Tax Burden on Tobacco","Cigarette Sales","Average Cost per pack","0,788","$","Dollars","    (44.353130053, -100.373530637)","Table 13- Orzechowski and Walker, Tax Burden on Tobacco","POL","450POL","450CGS","455CGS","1"
"SD","South Dakota","1982","OW","The Tax Burden on Tobacco","Cigarette Sales","Cigarette Consumption (Pack Sales Per Capita)","113",,"Pack","    (44.353130053, -100.373530637)","Table 11- Orzechowski and Walker, Tax Burden on Tobacco","POL","450POL","450CGS","453CGS","2"
"TN","Tennessee","1982","OW","The Tax Burden on Tobacco","Cigarette Sales","Cigarette Consumption (Pack Sales Per Capita)","131,4",,"Pack","    (35.68094058, -85.774490914)","Table 11- Orzechowski and Walker, Tax Burden on Tobacco","POL","450POL","450CGS","453CGS","2"
"TN","Tennessee","1982","OW","The Tax Burden on Tobacco","Cigarette Sales","Average Cost per pack","0,791","$","Dollars","    (35.68094058, -85.774490914)","Table 13- Orzechowski and Walker, Tax Burden on Tobacco","POL","450POL","450CGS","455CGS","1"
"TX","Texas","1982","OW","The Tax Burden on Tobacco","Cigarette Sales","Average Cost per pack","0,841","$","Dollars","    (31.827240407, -99.426770206)","Table 13- Orzechowski and Walker, Tax Burden on Tobacco","POL","450POL","450CGS","455CGS","1"
"TX","Texas","1982","OW","The Tax Burden on Tobacco","Cigarette Sales","Cigarette Consumption (Pack Sales Per Capita)","131,2",,"Pack","    (31.827240407, -99.426770206)","Table 11- Orzechowski and Walker, Tax Burden on Tobacco","POL","450POL","450CGS","453CGS","2"
"UT","Utah","1982","OW","The Tax Burden on Tobacco","Cigarette Sales","Average Cost per pack","0,82","$","Dollars","    (39.360700171, -111.587130635)","Table 13- Orzechowski and Walker, Tax Burden on Tobacco","POL","450POL","450CGS","455CGS","1"
"UT","Utah","1982","OW","The Tax Burden on Tobacco","Cigarette Sales","Cigarette Consumption (Pack Sales Per Capita)","73,6",,"Pack","    (39.360700171, -111.587130635)","Table 11- Orzechowski and Walker, Tax Burden on Tobacco","POL","450POL","450CGS","453CGS","2"
"VT","Vermont","1982","OW","The Tax Burden on Tobacco","Cigarette Sales","Cigarette Consumption (Pack Sales Per Capita)","162,3",,"Pack","    (43.625381239, -72.517640791)","Table 11- Orzechowski and Walker, Tax Burden on Tobacco","POL","450POL","450CGS","453CGS","2"
"VT","Vermont","1982","OW","The Tax Burden on Tobacco","Cigarette Sales","Average Cost per pack","0,77","$","Dollars","    (43.625381239, -72.517640791)","Table 13- Orzechowski and Walker, Tax Burden on Tobacco","POL","450POL","450CGS","455CGS","1"
"VA","Virginia","1982","OW","The Tax Burden on Tobacco","Cigarette Sales","Cigarette Consumption (Pack Sales Per Capita)","147,4",,"Pack","    (37.542680674, -78.457890463)","Table 11- Orzechowski and Walker, Tax Burden on Tobacco","POL","450POL","450CGS","453CGS","2"
"VA","Virginia","1982","OW","The Tax Burden on Tobacco","Cigarette Sales","Average Cost per pack","0,688","$","Dollars","    (37.542680674, -78.457890463)","Table 13- Orzechowski and Walker, Tax Burden on Tobacco","POL","450POL","450CGS","455CGS","1"
"WA","Washington","1982","OW","The Tax Burden on Tobacco","Cigarette Sales","Cigarette Consumption (Pack Sales Per Capita)","106,6",,"Pack","    (47.522278629, -120.47001079)","Table 11- Orzechowski and Walker, Tax Burden on Tobacco","POL","450POL","450CGS","453CGS","2"
"WA","Washington","1982","OW","The Tax Burden on Tobacco","Cigarette Sales","Average Cost per pack","0,931","$","Dollars","    (47.522278629, -120.47001079)","Table 13- Orzechowski and Walker, Tax Burden on Tobacco","POL","450POL","450CGS","455CGS","1"
"WV","West Virginia","1982","OW","The Tax Burden on Tobacco","Cigarette Sales","Average Cost per pack","0,882","$","Dollars","    (38.665510202, -80.712640135)","Table 13- Orzechowski and Walker, Tax Burden on Tobacco","POL","450POL","450CGS","455CGS","1"
"WV","West Virginia","1982","OW","The Tax Burden on Tobacco","Cigarette Sales","Cigarette Consumption (Pack Sales Per Capita)","119,8",,"Pack","    (38.665510202, -80.712640135)","Table 11- Orzechowski and Walker, Tax Burden on Tobacco","POL","450POL","450CGS","453CGS","2"
"WI","Wisconsin","1982","OW","The Tax Burden on Tobacco","Cigarette Sales","Average Cost per pack","0,92","$","Dollars","    (44.393191174, -89.816370742)","Table 13- Orzechowski and Walker, Tax Burden on Tobacco","POL","450POL","450CGS","455CGS","1"
"WI","Wisconsin","1982","OW","The Tax Burden on Tobacco","Cigarette Sales","Cigarette Consumption (Pack Sales Per Capita)","115,6",,"Pack","    (44.393191174, -89.816370742)","Table 11- Orzechowski and Walker, Tax Burden on Tobacco","POL","450POL","450CGS","453CGS","2"
"WY","Wyoming","1982","OW","The Tax Burden on Tobacco","Cigarette Sales","Cigarette Consumption (Pack Sales Per Capita)","157,7",,"Pack","    (43.235541343, -108.109830353)","Table 11- Orzechowski and Walker, Tax Burden on Tobacco","POL","450POL","450CGS","453CGS","2"
"WY","Wyoming","1982","OW","The Tax Burden on Tobacco","Cigarette Sales","Average Cost per pack","0,71","$","Dollars","    (43.235541343, -108.109830353)","Table 13- Orzechowski and Walker, Tax Burden on Tobacco","POL","450POL","450CGS","455CGS","1"
"AL","Alabama","1981","OW","The Tax Burden on Tobacco","Cigarette Sales","Average Cost per pack","0,731","$","Dollars","    (32.840571122, -86.631860762)","Table 13- Orzechowski and Walker, Tax Burden on Tobacco","POL","450POL","450CGS","455CGS","1"
"AL","Alabama","1981","OW","The Tax Burden on Tobacco","Cigarette Sales","Cigarette Consumption (Pack Sales Per Capita)","119,6",,"Pack","    (32.840571122, -86.631860762)","Table 11- Orzechowski and Walker, Tax Burden on Tobacco","POL","450POL","450CGS","453CGS","2"
"AK","Alaska","1981","OW","The Tax Burden on Tobacco","Cigarette Sales","Average Cost per pack","0,728","$","Dollars","    (64.845079957001, -147.722059036)","Table 13- Orzechowski and Walker, Tax Burden on Tobacco","POL","450POL","450CGS","455CGS","1"
"AK","Alaska","1981","OW","The Tax Burden on Tobacco","Cigarette Sales","Cigarette Consumption (Pack Sales Per Capita)","144",,"Pack","    (64.845079957001, -147.722059036)","Table 11- Orzechowski and Walker, Tax Burden on Tobacco","POL","450POL","450CGS","453CGS","2"
"AZ","Arizona","1981","OW","The Tax Burden on Tobacco","Cigarette Sales","Cigarette Consumption (Pack Sales Per Capita)","113,8",,"Pack","    (34.86597028, -111.763811277)","Table 11- Orzechowski and Walker, Tax Burden on Tobacco","POL","450POL","450CGS","453CGS","2"
"AZ","Arizona","1981","OW","The Tax Burden on Tobacco","Cigarette Sales","Average Cost per pack","0,733","$","Dollars","    (34.86597028, -111.763811277)","Table 13- Orzechowski and Walker, Tax Burden on Tobacco","POL","450POL","450CGS","455CGS","1"
"AR","Arkansas","1981","OW","The Tax Burden on Tobacco","Cigarette Sales","Cigarette Consumption (Pack Sales Per Capita)","128,7",,"Pack","    (34.748650124, -92.274490743)","Table 11- Orzechowski and Walker, Tax Burden on Tobacco","POL","450POL","450CGS","453CGS","2"
"AR","Arkansas","1981","OW","The Tax Burden on Tobacco","Cigarette Sales","Average Cost per pack","0,721","$","Dollars","    (34.748650124, -92.274490743)","Table 13- Orzechowski and Walker, Tax Burden on Tobacco","POL","450POL","450CGS","455CGS","1"
"CA","California","1981","OW","The Tax Burden on Tobacco","Cigarette Sales","Cigarette Consumption (Pack Sales Per Capita)","118,6",,"Pack","    (37.638640123, -120.999999538)","Table 11- Orzechowski and Walker, Tax Burden on Tobacco","POL","450POL","450CGS","453CGS","2"
"CA","California","1981","OW","The Tax Burden on Tobacco","Cigarette Sales","Average Cost per pack","0,728","$","Dollars","    (37.638640123, -120.999999538)","Table 13- Orzechowski and Walker, Tax Burden on Tobacco","POL","450POL","450CGS","455CGS","1"
"CO","Colorado","1981","OW","The Tax Burden on Tobacco","Cigarette Sales","Cigarette Consumption (Pack Sales Per Capita)","133,8",,"Pack","    (38.843840757, -106.133610921)","Table 11- Orzechowski and Walker, Tax Burden on Tobacco","POL","450POL","450CGS","453CGS","2"
"CO","Colorado","1981","OW","The Tax Burden on Tobacco","Cigarette Sales","Average Cost per pack","0,614","$","Dollars","    (38.843840757, -106.133610921)","Table 13- Orzechowski and Walker, Tax Burden on Tobacco","POL","450POL","450CGS","455CGS","1"
"CT","Connecticut","1981","OW","The Tax Burden on Tobacco","Cigarette Sales","Average Cost per pack","0,856","$","Dollars","    (41.56266102, -72.649840952)","Table 13- Orzechowski and Walker, Tax Burden on Tobacco","POL","450POL","450CGS","455CGS","1"
"CT","Connecticut","1981","OW","The Tax Burden on Tobacco","Cigarette Sales","Cigarette Consumption (Pack Sales Per Capita)","116,4",,"Pack","    (41.56266102, -72.649840952)","Table 11- Orzechowski and Walker, Tax Burden on Tobacco","POL","450POL","450CGS","453CGS","2"
"DE","Delaware","1981","OW","The Tax Burden on Tobacco","Cigarette Sales","Cigarette Consumption (Pack Sales Per Capita)","152,6",,"Pack","    (39.008830667, -75.577741168)","Table 11- Orzechowski and Walker, Tax Burden on Tobacco","POL","450POL","450CGS","453CGS","2"
"DE","Delaware","1981","OW","The Tax Burden on Tobacco","Cigarette Sales","Average Cost per pack","0,741","$","Dollars","    (39.008830667, -75.577741168)","Table 13- Orzechowski and Walker, Tax Burden on Tobacco","POL","450POL","450CGS","455CGS","1"
"DC","District of Columbia","1981","OW","The Tax Burden on Tobacco","Cigarette Sales","Average Cost per pack","0,748","$","Dollars","    (38.890371385, -77.031961127)","Table 13- Orzechowski and Walker, Tax Burden on Tobacco","POL","450POL","450CGS","455CGS","1"
"DC","District of Columbia","1981","OW","The Tax Burden on Tobacco","Cigarette Sales","Cigarette Consumption (Pack Sales Per Capita)","131,9",,"Pack","    (38.890371385, -77.031961127)","Table 11- Orzechowski and Walker, Tax Burden on Tobacco","POL","450POL","450CGS","453CGS","2"
"FL","Florida","1981","OW","The Tax Burden on Tobacco","Cigarette Sales","Average Cost per pack","0,79","$","Dollars","    (28.932040377, -81.928960539)","Table 13- Orzechowski and Walker, Tax Burden on Tobacco","POL","450POL","450CGS","455CGS","1"
"FL","Florida","1981","OW","The Tax Burden on Tobacco","Cigarette Sales","Cigarette Consumption (Pack Sales Per Capita)","132,8",,"Pack","    (28.932040377, -81.928960539)","Table 11- Orzechowski and Walker, Tax Burden on Tobacco","POL","450POL","450CGS","453CGS","2"
"GA","Georgia","1981","OW","The Tax Burden on Tobacco","Cigarette Sales","Cigarette Consumption (Pack Sales Per Capita)","131,7",,"Pack","    (32.839681093, -83.627580346)","Table 11- Orzechowski and Walker, Tax Burden on Tobacco","POL","450POL","450CGS","453CGS","2"
"GA","Georgia","1981","OW","The Tax Burden on Tobacco","Cigarette Sales","Average Cost per pack","0,678","$","Dollars","    (32.839681093, -83.627580346)","Table 13- Orzechowski and Walker, Tax Burden on Tobacco","POL","450POL","450CGS","455CGS","1"
"HI","Hawaii","1981","OW","The Tax Burden on Tobacco","Cigarette Sales","Average Cost per pack","0,755","$","Dollars","    (21.304850435, -157.857749403)","Table 13- Orzechowski and Walker, Tax Burden on Tobacco","POL","450POL","450CGS","455CGS","1"
"HI","Hawaii","1981","OW","The Tax Burden on Tobacco","Cigarette Sales","Cigarette Consumption (Pack Sales Per Capita)","85,6",,"Pack","    (21.304850435, -157.857749403)","Table 11- Orzechowski and Walker, Tax Burden on Tobacco","POL","450POL","450CGS","453CGS","2"
"ID","Idaho","1981","OW","The Tax Burden on Tobacco","Cigarette Sales","Average Cost per pack","0,676","$","Dollars","    (43.682630005, -114.363730042)","Table 13- Orzechowski and Walker, Tax Burden on Tobacco","POL","450POL","450CGS","455CGS","1"
"ID","Idaho","1981","OW","The Tax Burden on Tobacco","Cigarette Sales","Cigarette Consumption (Pack Sales Per Capita)","114,1",,"Pack","    (43.682630005, -114.363730042)","Table 11- Orzechowski and Walker, Tax Burden on Tobacco","POL","450POL","450CGS","453CGS","2"
"IL","Illinois","1981","OW","The Tax Burden on Tobacco","Cigarette Sales","Cigarette Consumption (Pack Sales Per Capita)","133",,"Pack","    (40.485010283, -88.997710178)","Table 11- Orzechowski and Walker, Tax Burden on Tobacco","POL","450POL","450CGS","453CGS","2"
"IL","Illinois","1981","OW","The Tax Burden on Tobacco","Cigarette Sales","Average Cost per pack","0,696","$","Dollars","    (40.485010283, -88.997710178)","Table 13- Orzechowski and Walker, Tax Burden on Tobacco","POL","450POL","450CGS","455CGS","1"
"IN","Indiana","1981","OW","The Tax Burden on Tobacco","Cigarette Sales","Average Cost per pack","0,651","$","Dollars","    (39.766910452, -86.149960194)","Table 13- Orzechowski and Walker, Tax Burden on Tobacco","POL","450POL","450CGS","455CGS","1"
"IN","Indiana","1981","OW","The Tax Burden on Tobacco","Cigarette Sales","Cigarette Consumption (Pack Sales Per Capita)","148,5",,"Pack","    (39.766910452, -86.149960194)","Table 11- Orzechowski and Walker, Tax Burden on Tobacco","POL","450POL","450CGS","453CGS","2"
"IA","Iowa","1981","OW","The Tax Burden on Tobacco","Cigarette Sales","Cigarette Consumption (Pack Sales Per Capita)","132,9",,"Pack","    (42.469400913, -93.816490556)","Table 11- Orzechowski and Walker, Tax Burden on Tobacco","POL","450POL","450CGS","453CGS","2"
"IA","Iowa","1981","OW","The Tax Burden on Tobacco","Cigarette Sales","Average Cost per pack","0,728","$","Dollars","    (42.469400913, -93.816490556)","Table 13- Orzechowski and Walker, Tax Burden on Tobacco","POL","450POL","450CGS","455CGS","1"
"KS","Kansas","1981","OW","The Tax Burden on Tobacco","Cigarette Sales","Cigarette Consumption (Pack Sales Per Capita)","132",,"Pack","    (38.3477403, -98.200781227)","Table 11- Orzechowski and Walker, Tax Burden on Tobacco","POL","450POL","450CGS","453CGS","2"
"KS","Kansas","1981","OW","The Tax Burden on Tobacco","Cigarette Sales","Average Cost per pack","0,651","$","Dollars","    (38.3477403, -98.200781227)","Table 13- Orzechowski and Walker, Tax Burden on Tobacco","POL","450POL","450CGS","455CGS","1"
"KY","Kentucky","1981","OW","The Tax Burden on Tobacco","Cigarette Sales","Average Cost per pack","0,563","$","Dollars","    (37.645970271, -84.774971048)","Table 13- Orzechowski and Walker, Tax Burden on Tobacco","POL","450POL","450CGS","455CGS","1"
"KY","Kentucky","1981","OW","The Tax Burden on Tobacco","Cigarette Sales","Cigarette Consumption (Pack Sales Per Capita)","209,7",,"Pack","    (37.645970271, -84.774971048)","Table 11- Orzechowski and Walker, Tax Burden on Tobacco","POL","450POL","450CGS","453CGS","2"
"LA","Louisiana","1981","OW","The Tax Burden on Tobacco","Cigarette Sales","Average Cost per pack","0,703","$","Dollars","    (31.312660644, -92.445680071)","Table 13- Orzechowski and Walker, Tax Burden on Tobacco","POL","450POL","450CGS","455CGS","1"
"LA","Louisiana","1981","OW","The Tax Burden on Tobacco","Cigarette Sales","Cigarette Consumption (Pack Sales Per Capita)","144",,"Pack","    (31.312660644, -92.445680071)","Table 11- Orzechowski and Walker, Tax Burden on Tobacco","POL","450POL","450CGS","453CGS","2"
"ME","Maine","1981","OW","The Tax Burden on Tobacco","Cigarette Sales","Average Cost per pack","0,697","$","Dollars","    (45.254228894001, -68.985031336)","Table 13- Orzechowski and Walker, Tax Burden on Tobacco","POL","450POL","450CGS","455CGS","1"
"ME","Maine","1981","OW","The Tax Burden on Tobacco","Cigarette Sales","Cigarette Consumption (Pack Sales Per Capita)","138,9",,"Pack","    (45.254228894001, -68.985031336)","Table 11- Orzechowski and Walker, Tax Burden on Tobacco","POL","450POL","450CGS","453CGS","2"
"MD","Maryland","1981","OW","The Tax Burden on Tobacco","Cigarette Sales","Cigarette Consumption (Pack Sales Per Capita)","137,1",,"Pack","    (39.290580964, -76.609260111)","Table 11- Orzechowski and Walker, Tax Burden on Tobacco","POL","450POL","450CGS","453CGS","2"
"MD","Maryland","1981","OW","The Tax Burden on Tobacco","Cigarette Sales","Average Cost per pack","0,654","$","Dollars","    (39.290580964, -76.609260111)","Table 13- Orzechowski and Walker, Tax Burden on Tobacco","POL","450POL","450CGS","455CGS","1"
"MA","Massachusetts","1981","OW","The Tax Burden on Tobacco","Cigarette Sales","Cigarette Consumption (Pack Sales Per Capita)","123,2",,"Pack","    (42.27687047, -72.082690675)","Table 11- Orzechowski and Walker, Tax Burden on Tobacco","POL","450POL","450CGS","453CGS","2"
"MA","Massachusetts","1981","OW","The Tax Burden on Tobacco","Cigarette Sales","Average Cost per pack","0,781","$","Dollars","    (42.27687047, -72.082690675)","Table 13- Orzechowski and Walker, Tax Burden on Tobacco","POL","450POL","450CGS","455CGS","1"
"MI","Michigan","1981","OW","The Tax Burden on Tobacco","Cigarette Sales","Average Cost per pack","0,68","$","Dollars","    (44.661319543001, -84.71439027)","Table 13- Orzechowski and Walker, Tax Burden on Tobacco","POL","450POL","450CGS","455CGS","1"
"MI","Michigan","1981","OW","The Tax Burden on Tobacco","Cigarette Sales","Cigarette Consumption (Pack Sales Per Capita)","139,5",,"Pack","    (44.661319543001, -84.71439027)","Table 11- Orzechowski and Walker, Tax Burden on Tobacco","POL","450POL","450CGS","453CGS","2"
"MN","Minnesota","1981","OW","The Tax Burden on Tobacco","Cigarette Sales","Average Cost per pack","0,717","$","Dollars","    (46.355648736, -94.794200503)","Table 13- Orzechowski and Walker, Tax Burden on Tobacco","POL","450POL","450CGS","455CGS","1"
"MN","Minnesota","1981","OW","The Tax Burden on Tobacco","Cigarette Sales","Cigarette Consumption (Pack Sales Per Capita)","120,8",,"Pack","    (46.355648736, -94.794200503)","Table 11- Orzechowski and Walker, Tax Burden on Tobacco","POL","450POL","450CGS","453CGS","2"
"MS","Mississippi","1981","OW","The Tax Burden on Tobacco","Cigarette Sales","Cigarette Consumption (Pack Sales Per Capita)","125,3",,"Pack","    (32.745510099, -89.538030825)","Table 11- Orzechowski and Walker, Tax Burden on Tobacco","POL","450POL","450CGS","453CGS","2"
"MS","Mississippi","1981","OW","The Tax Burden on Tobacco","Cigarette Sales","Average Cost per pack","0,692","$","Dollars","    (32.745510099, -89.538030825)","Table 13- Orzechowski and Walker, Tax Burden on Tobacco","POL","450POL","450CGS","455CGS","1"
"MO","Missouri","1981","OW","The Tax Burden on Tobacco","Cigarette Sales","Cigarette Consumption (Pack Sales Per Capita)","140,5",,"Pack","    (38.635790776, -92.566300053)","Table 11- Orzechowski and Walker, Tax Burden on Tobacco","POL","450POL","450CGS","453CGS","2"
"MO","Missouri","1981","OW","The Tax Burden on Tobacco","Cigarette Sales","Average Cost per pack","0,647","$","Dollars","    (38.635790776, -92.566300053)","Table 13- Orzechowski and Walker, Tax Burden on Tobacco","POL","450POL","450CGS","455CGS","1"
"MT","Montana","1981","OW","The Tax Burden on Tobacco","Cigarette Sales","Cigarette Consumption (Pack Sales Per Capita)","121,1",,"Pack","    (47.066528972, -109.424420645)","Table 11- Orzechowski and Walker, Tax Burden on Tobacco","POL","450POL","450CGS","453CGS","2"
"MT","Montana","1981","OW","The Tax Burden on Tobacco","Cigarette Sales","Average Cost per pack","0,657","$","Dollars","    (47.066528972, -109.424420645)","Table 13- Orzechowski and Walker, Tax Burden on Tobacco","POL","450POL","450CGS","455CGS","1"
"NE","Nebraska","1981","OW","The Tax Burden on Tobacco","Cigarette Sales","Cigarette Consumption (Pack Sales Per Capita)","117",,"Pack","    (41.641040988001, -99.365720623)","Table 11- Orzechowski and Walker, Tax Burden on Tobacco","POL","450POL","450CGS","453CGS","2"
"NE","Nebraska","1981","OW","The Tax Burden on Tobacco","Cigarette Sales","Average Cost per pack","0,697","$","Dollars","    (41.641040988001, -99.365720623)","Table 13- Orzechowski and Walker, Tax Burden on Tobacco","POL","450POL","450CGS","455CGS","1"
"NV","Nevada","1981","OW","The Tax Burden on Tobacco","Cigarette Sales","Cigarette Consumption (Pack Sales Per Capita)","171,9",,"Pack","    (39.49324039, -117.071840564)","Table 11- Orzechowski and Walker, Tax Burden on Tobacco","POL","450POL","450CGS","453CGS","2"
"NV","Nevada","1981","OW","The Tax Burden on Tobacco","Cigarette Sales","Average Cost per pack","0,716","$","Dollars","    (39.49324039, -117.071840564)","Table 13- Orzechowski and Walker, Tax Burden on Tobacco","POL","450POL","450CGS","455CGS","1"
"NH","New Hampshire","1981","OW","The Tax Burden on Tobacco","Cigarette Sales","Cigarette Consumption (Pack Sales Per Capita)","245,4",,"Pack","    (43.655950113, -71.50036092)","Table 11- Orzechowski and Walker, Tax Burden on Tobacco","POL","450POL","450CGS","453CGS","2"
"NH","New Hampshire","1981","OW","The Tax Burden on Tobacco","Cigarette Sales","Average Cost per pack","0,67","$","Dollars","    (43.655950113, -71.50036092)","Table 13- Orzechowski and Walker, Tax Burden on Tobacco","POL","450POL","450CGS","455CGS","1"
"NJ","New Jersey","1981","OW","The Tax Burden on Tobacco","Cigarette Sales","Cigarette Consumption (Pack Sales Per Capita)","127,9",,"Pack","    (40.130570048, -74.273691288)","Table 11- Orzechowski and Walker, Tax Burden on Tobacco","POL","450POL","450CGS","453CGS","2"
"NJ","New Jersey","1981","OW","The Tax Burden on Tobacco","Cigarette Sales","Average Cost per pack","0,762","$","Dollars","    (40.130570048, -74.273691288)","Table 13- Orzechowski and Walker, Tax Burden on Tobacco","POL","450POL","450CGS","455CGS","1"
"NM","New Mexico","1981","OW","The Tax Burden on Tobacco","Cigarette Sales","Average Cost per pack","0,694","$","Dollars","    (34.520880952, -106.240580985)","Table 13- Orzechowski and Walker, Tax Burden on Tobacco","POL","450POL","450CGS","455CGS","1"
"NM","New Mexico","1981","OW","The Tax Burden on Tobacco","Cigarette Sales","Cigarette Consumption (Pack Sales Per Capita)","103",,"Pack","    (34.520880952, -106.240580985)","Table 11- Orzechowski and Walker, Tax Burden on Tobacco","POL","450POL","450CGS","453CGS","2"
"NY","New York","1981","OW","The Tax Burden on Tobacco","Cigarette Sales","Cigarette Consumption (Pack Sales Per Capita)","130,1",,"Pack","    (42.827001032, -75.543970427)","Table 11- Orzechowski and Walker, Tax Burden on Tobacco","POL","450POL","450CGS","453CGS","2"
"NY","New York","1981","OW","The Tax Burden on Tobacco","Cigarette Sales","Average Cost per pack","0,725","$","Dollars","    (42.827001032, -75.543970427)","Table 13- Orzechowski and Walker, Tax Burden on Tobacco","POL","450POL","450CGS","455CGS","1"
"NC","North Carolina","1981","OW","The Tax Burden on Tobacco","Cigarette Sales","Average Cost per pack","0,555","$","Dollars","    (35.466220975, -79.159250463)","Table 13- Orzechowski and Walker, Tax Burden on Tobacco","POL","450POL","450CGS","455CGS","1"
"NC","North Carolina","1981","OW","The Tax Burden on Tobacco","Cigarette Sales","Cigarette Consumption (Pack Sales Per Capita)","179,3",,"Pack","    (35.466220975, -79.159250463)","Table 11- Orzechowski and Walker, Tax Burden on Tobacco","POL","450POL","450CGS","453CGS","2"
"ND","North Dakota","1981","OW","The Tax Burden on Tobacco","Cigarette Sales","Average Cost per pack","0,678","$","Dollars","    (47.475319779, -100.118421049)","Table 13- Orzechowski and Walker, Tax Burden on Tobacco","POL","450POL","450CGS","455CGS","1"
"ND","North Dakota","1981","OW","The Tax Burden on Tobacco","Cigarette Sales","Cigarette Consumption (Pack Sales Per Capita)","125,7",,"Pack","    (47.475319779, -100.118421049)","Table 11- Orzechowski and Walker, Tax Burden on Tobacco","POL","450POL","450CGS","453CGS","2"
"OH","Ohio","1981","OW","The Tax Burden on Tobacco","Cigarette Sales","Cigarette Consumption (Pack Sales Per Capita)","132,8",,"Pack","    (40.060210141, -82.404260056)","Table 11- Orzechowski and Walker, Tax Burden on Tobacco","POL","450POL","450CGS","453CGS","2"
"OH","Ohio","1981","OW","The Tax Burden on Tobacco","Cigarette Sales","Average Cost per pack","0,683","$","Dollars","    (40.060210141, -82.404260056)","Table 13- Orzechowski and Walker, Tax Burden on Tobacco","POL","450POL","450CGS","455CGS","1"
"OK","Oklahoma","1981","OW","The Tax Burden on Tobacco","Cigarette Sales","Average Cost per pack","0,717","$","Dollars","    (35.472031356, -97.521070214)","Table 13- Orzechowski and Walker, Tax Burden on Tobacco","POL","450POL","450CGS","455CGS","1"
"OK","Oklahoma","1981","OW","The Tax Burden on Tobacco","Cigarette Sales","Cigarette Consumption (Pack Sales Per Capita)","143,7",,"Pack","    (35.472031356, -97.521070214)","Table 11- Orzechowski and Walker, Tax Burden on Tobacco","POL","450POL","450CGS","453CGS","2"
"OR","Oregon","1981","OW","The Tax Burden on Tobacco","Cigarette Sales","Cigarette Consumption (Pack Sales Per Capita)","143,1",,"Pack","    (44.567449424, -120.155031326)","Table 11- Orzechowski and Walker, Tax Burden on Tobacco","POL","450POL","450CGS","453CGS","2"
"OR","Oregon","1981","OW","The Tax Burden on Tobacco","Cigarette Sales","Average Cost per pack","0,624","$","Dollars","    (44.567449424, -120.155031326)","Table 13- Orzechowski and Walker, Tax Burden on Tobacco","POL","450POL","450CGS","455CGS","1"
"PA","Pennsylvania","1981","OW","The Tax Burden on Tobacco","Cigarette Sales","Average Cost per pack","0,698","$","Dollars","    (40.793730152, -77.860700294)","Table 13- Orzechowski and Walker, Tax Burden on Tobacco","POL","450POL","450CGS","455CGS","1"
"PA","Pennsylvania","1981","OW","The Tax Burden on Tobacco","Cigarette Sales","Cigarette Consumption (Pack Sales Per Capita)","125,2",,"Pack","    (40.793730152, -77.860700294)","Table 11- Orzechowski and Walker, Tax Burden on Tobacco","POL","450POL","450CGS","453CGS","2"
"RI","Rhode Island","1981","OW","The Tax Burden on Tobacco","Cigarette Sales","Cigarette Consumption (Pack Sales Per Capita)","151,2",,"Pack","    (41.708280193, -71.522470314)","Table 11- Orzechowski and Walker, Tax Burden on Tobacco","POL","450POL","450CGS","453CGS","2"
"RI","Rhode Island","1981","OW","The Tax Burden on Tobacco","Cigarette Sales","Average Cost per pack","0,716","$","Dollars","    (41.708280193, -71.522470314)","Table 13- Orzechowski and Walker, Tax Burden on Tobacco","POL","450POL","450CGS","455CGS","1"
"SC","South Carolina","1981","OW","The Tax Burden on Tobacco","Cigarette Sales","Cigarette Consumption (Pack Sales Per Capita)","136,1",,"Pack","    (33.998821303, -81.045371207)","Table 11- Orzechowski and Walker, Tax Burden on Tobacco","POL","450POL","450CGS","453CGS","2"
"SC","South Carolina","1981","OW","The Tax Burden on Tobacco","Cigarette Sales","Average Cost per pack","0,619","$","Dollars","    (33.998821303, -81.045371207)","Table 13- Orzechowski and Walker, Tax Burden on Tobacco","POL","450POL","450CGS","455CGS","1"
"SD","South Dakota","1981","OW","The Tax Burden on Tobacco","Cigarette Sales","Average Cost per pack","0,68","$","Dollars","    (44.353130053, -100.373530637)","Table 13- Orzechowski and Walker, Tax Burden on Tobacco","POL","450POL","450CGS","455CGS","1"
"SD","South Dakota","1981","OW","The Tax Burden on Tobacco","Cigarette Sales","Cigarette Consumption (Pack Sales Per Capita)","115,7",,"Pack","    (44.353130053, -100.373530637)","Table 11- Orzechowski and Walker, Tax Burden on Tobacco","POL","450POL","450CGS","453CGS","2"
"TN","Tennessee","1981","OW","The Tax Burden on Tobacco","Cigarette Sales","Average Cost per pack","0,683","$","Dollars","    (35.68094058, -85.774490914)","Table 13- Orzechowski and Walker, Tax Burden on Tobacco","POL","450POL","450CGS","455CGS","1"
"TN","Tennessee","1981","OW","The Tax Burden on Tobacco","Cigarette Sales","Cigarette Consumption (Pack Sales Per Capita)","129,1",,"Pack","    (35.68094058, -85.774490914)","Table 11- Orzechowski and Walker, Tax Burden on Tobacco","POL","450POL","450CGS","453CGS","2"
"TX","Texas","1981","OW","The Tax Burden on Tobacco","Cigarette Sales","Cigarette Consumption (Pack Sales Per Capita)","129",,"Pack","    (31.827240407, -99.426770206)","Table 11- Orzechowski and Walker, Tax Burden on Tobacco","POL","450POL","450CGS","453CGS","2"
"TX","Texas","1981","OW","The Tax Burden on Tobacco","Cigarette Sales","Average Cost per pack","0,738","$","Dollars","    (31.827240407, -99.426770206)","Table 13- Orzechowski and Walker, Tax Burden on Tobacco","POL","450POL","450CGS","455CGS","1"
"UT","Utah","1981","OW","The Tax Burden on Tobacco","Cigarette Sales","Cigarette Consumption (Pack Sales Per Capita)","77,6",,"Pack","    (39.360700171, -111.587130635)","Table 11- Orzechowski and Walker, Tax Burden on Tobacco","POL","450POL","450CGS","453CGS","2"
"UT","Utah","1981","OW","The Tax Burden on Tobacco","Cigarette Sales","Average Cost per pack","0,681","$","Dollars","    (39.360700171, -111.587130635)","Table 13- Orzechowski and Walker, Tax Burden on Tobacco","POL","450POL","450CGS","455CGS","1"
"VT","Vermont","1981","OW","The Tax Burden on Tobacco","Cigarette Sales","Cigarette Consumption (Pack Sales Per Capita)","163,8",,"Pack","    (43.625381239, -72.517640791)","Table 11- Orzechowski and Walker, Tax Burden on Tobacco","POL","450POL","450CGS","453CGS","2"
"VT","Vermont","1981","OW","The Tax Burden on Tobacco","Cigarette Sales","Average Cost per pack","0,668","$","Dollars","    (43.625381239, -72.517640791)","Table 13- Orzechowski and Walker, Tax Burden on Tobacco","POL","450POL","450CGS","455CGS","1"
"VA","Virginia","1981","OW","The Tax Burden on Tobacco","Cigarette Sales","Average Cost per pack","0,564","$","Dollars","    (37.542680674, -78.457890463)","Table 13- Orzechowski and Walker, Tax Burden on Tobacco","POL","450POL","450CGS","455CGS","1"
"VA","Virginia","1981","OW","The Tax Burden on Tobacco","Cigarette Sales","Cigarette Consumption (Pack Sales Per Capita)","149,9",,"Pack","    (37.542680674, -78.457890463)","Table 11- Orzechowski and Walker, Tax Burden on Tobacco","POL","450POL","450CGS","453CGS","2"
"WA","Washington","1981","OW","The Tax Burden on Tobacco","Cigarette Sales","Cigarette Consumption (Pack Sales Per Capita)","112,7",,"Pack","    (47.522278629, -120.47001079)","Table 11- Orzechowski and Walker, Tax Burden on Tobacco","POL","450POL","450CGS","453CGS","2"
"WA","Washington","1981","OW","The Tax Burden on Tobacco","Cigarette Sales","Average Cost per pack","0,803","$","Dollars","    (47.522278629, -120.47001079)","Table 13- Orzechowski and Walker, Tax Burden on Tobacco","POL","450POL","450CGS","455CGS","1"
"WV","West Virginia","1981","OW","The Tax Burden on Tobacco","Cigarette Sales","Average Cost per pack","0,751","$","Dollars","    (38.665510202, -80.712640135)","Table 13- Orzechowski and Walker, Tax Burden on Tobacco","POL","450POL","450CGS","455CGS","1"
"WV","West Virginia","1981","OW","The Tax Burden on Tobacco","Cigarette Sales","Cigarette Consumption (Pack Sales Per Capita)","120,5",,"Pack","    (38.665510202, -80.712640135)","Table 11- Orzechowski and Walker, Tax Burden on Tobacco","POL","450POL","450CGS","453CGS","2"
"WI","Wisconsin","1981","OW","The Tax Burden on Tobacco","Cigarette Sales","Average Cost per pack","0,75","$","Dollars","    (44.393191174, -89.816370742)","Table 13- Orzechowski and Walker, Tax Burden on Tobacco","POL","450POL","450CGS","455CGS","1"
"WI","Wisconsin","1981","OW","The Tax Burden on Tobacco","Cigarette Sales","Cigarette Consumption (Pack Sales Per Capita)","119,9",,"Pack","    (44.393191174, -89.816370742)","Table 11- Orzechowski and Walker, Tax Burden on Tobacco","POL","450POL","450CGS","453CGS","2"
"WY","Wyoming","1981","OW","The Tax Burden on Tobacco","Cigarette Sales","Average Cost per pack","0,643","$","Dollars","    (43.235541343, -108.109830353)","Table 13- Orzechowski and Walker, Tax Burden on Tobacco","POL","450POL","450CGS","455CGS","1"
"WY","Wyoming","1981","OW","The Tax Burden on Tobacco","Cigarette Sales","Cigarette Consumption (Pack Sales Per Capita)","163,1",,"Pack","    (43.235541343, -108.109830353)","Table 11- Orzechowski and Walker, Tax Burden on Tobacco","POL","450POL","450CGS","453CGS","2"
"AL","Alabama","1980","OW","The Tax Burden on Tobacco","Cigarette Sales","Cigarette Consumption (Pack Sales Per Capita)","123,2",,"Pack","    (32.840571122, -86.631860762)","Table 11- Orzechowski and Walker, Tax Burden on Tobacco","POL","450POL","450CGS","453CGS","2"
"AL","Alabama","1980","OW","The Tax Burden on Tobacco","Cigarette Sales","Average Cost per pack","0,688","$","Dollars","    (32.840571122, -86.631860762)","Table 13- Orzechowski and Walker, Tax Burden on Tobacco","POL","450POL","450CGS","455CGS","1"
"AK","Alaska","1980","OW","The Tax Burden on Tobacco","Cigarette Sales","Average Cost per pack","0,635","$","Dollars","    (64.845079957001, -147.722059036)","Table 13- Orzechowski and Walker, Tax Burden on Tobacco","POL","450POL","450CGS","455CGS","1"
"AK","Alaska","1980","OW","The Tax Burden on Tobacco","Cigarette Sales","Cigarette Consumption (Pack Sales Per Capita)","134",,"Pack","    (64.845079957001, -147.722059036)","Table 11- Orzechowski and Walker, Tax Burden on Tobacco","POL","450POL","450CGS","453CGS","2"
"AZ","Arizona","1980","OW","The Tax Burden on Tobacco","Cigarette Sales","Cigarette Consumption (Pack Sales Per Capita)","126,8",,"Pack","    (34.86597028, -111.763811277)","Table 11- Orzechowski and Walker, Tax Burden on Tobacco","POL","450POL","450CGS","453CGS","2"
"AZ","Arizona","1980","OW","The Tax Burden on Tobacco","Cigarette Sales","Average Cost per pack","0,633","$","Dollars","    (34.86597028, -111.763811277)","Table 13- Orzechowski and Walker, Tax Burden on Tobacco","POL","450POL","450CGS","455CGS","1"
"AR","Arkansas","1980","OW","The Tax Burden on Tobacco","Cigarette Sales","Average Cost per pack","0,647","$","Dollars","    (34.748650124, -92.274490743)","Table 13- Orzechowski and Walker, Tax Burden on Tobacco","POL","450POL","450CGS","455CGS","1"
"AR","Arkansas","1980","OW","The Tax Burden on Tobacco","Cigarette Sales","Cigarette Consumption (Pack Sales Per Capita)","131,8",,"Pack","    (34.748650124, -92.274490743)","Table 11- Orzechowski and Walker, Tax Burden on Tobacco","POL","450POL","450CGS","453CGS","2"
"CA","California","1980","OW","The Tax Burden on Tobacco","Cigarette Sales","Cigarette Consumption (Pack Sales Per Capita)","120,2",,"Pack","    (37.638640123, -120.999999538)","Table 11- Orzechowski and Walker, Tax Burden on Tobacco","POL","450POL","450CGS","453CGS","2"
"CA","California","1980","OW","The Tax Burden on Tobacco","Cigarette Sales","Average Cost per pack","0,664","$","Dollars","    (37.638640123, -120.999999538)","Table 13- Orzechowski and Walker, Tax Burden on Tobacco","POL","450POL","450CGS","455CGS","1"
"CO","Colorado","1980","OW","The Tax Burden on Tobacco","Cigarette Sales","Average Cost per pack","0,581","$","Dollars","    (38.843840757, -106.133610921)","Table 13- Orzechowski and Walker, Tax Burden on Tobacco","POL","450POL","450CGS","455CGS","1"
"CO","Colorado","1980","OW","The Tax Burden on Tobacco","Cigarette Sales","Cigarette Consumption (Pack Sales Per Capita)","131",,"Pack","    (38.843840757, -106.133610921)","Table 11- Orzechowski and Walker, Tax Burden on Tobacco","POL","450POL","450CGS","453CGS","2"
"CT","Connecticut","1980","OW","The Tax Burden on Tobacco","Cigarette Sales","Average Cost per pack","0,801","$","Dollars","    (41.56266102, -72.649840952)","Table 13- Orzechowski and Walker, Tax Burden on Tobacco","POL","450POL","450CGS","455CGS","1"
"CT","Connecticut","1980","OW","The Tax Burden on Tobacco","Cigarette Sales","Cigarette Consumption (Pack Sales Per Capita)","118",,"Pack","    (41.56266102, -72.649840952)","Table 11- Orzechowski and Walker, Tax Burden on Tobacco","POL","450POL","450CGS","453CGS","2"
"DE","Delaware","1980","OW","The Tax Burden on Tobacco","Cigarette Sales","Average Cost per pack","0,66","$","Dollars","    (39.008830667, -75.577741168)","Table 13- Orzechowski and Walker, Tax Burden on Tobacco","POL","450POL","450CGS","455CGS","1"
"DE","Delaware","1980","OW","The Tax Burden on Tobacco","Cigarette Sales","Cigarette Consumption (Pack Sales Per Capita)","150,5",,"Pack","    (39.008830667, -75.577741168)","Table 11- Orzechowski and Walker, Tax Burden on Tobacco","POL","450POL","450CGS","453CGS","2"
"DC","District of Columbia","1980","OW","The Tax Burden on Tobacco","Cigarette Sales","Cigarette Consumption (Pack Sales Per Capita)","129,7",,"Pack","    (38.890371385, -77.031961127)","Table 11- Orzechowski and Walker, Tax Burden on Tobacco","POL","450POL","450CGS","453CGS","2"
"DC","District of Columbia","1980","OW","The Tax Burden on Tobacco","Cigarette Sales","Average Cost per pack","0,69","$","Dollars","    (38.890371385, -77.031961127)","Table 13- Orzechowski and Walker, Tax Burden on Tobacco","POL","450POL","450CGS","455CGS","1"
"FL","Florida","1980","OW","The Tax Burden on Tobacco","Cigarette Sales","Cigarette Consumption (Pack Sales Per Capita)","139",,"Pack","    (28.932040377, -81.928960539)","Table 11- Orzechowski and Walker, Tax Burden on Tobacco","POL","450POL","450CGS","453CGS","2"
"FL","Florida","1980","OW","The Tax Burden on Tobacco","Cigarette Sales","Average Cost per pack","0,728","$","Dollars","    (28.932040377, -81.928960539)","Table 13- Orzechowski and Walker, Tax Burden on Tobacco","POL","450POL","450CGS","455CGS","1"
"GA","Georgia","1980","OW","The Tax Burden on Tobacco","Cigarette Sales","Cigarette Consumption (Pack Sales Per Capita)","134",,"Pack","    (32.839681093, -83.627580346)","Table 11- Orzechowski and Walker, Tax Burden on Tobacco","POL","450POL","450CGS","453CGS","2"
"GA","Georgia","1980","OW","The Tax Burden on Tobacco","Cigarette Sales","Average Cost per pack","0,626","$","Dollars","    (32.839681093, -83.627580346)","Table 13- Orzechowski and Walker, Tax Burden on Tobacco","POL","450POL","450CGS","455CGS","1"
"HI","Hawaii","1980","OW","The Tax Burden on Tobacco","Cigarette Sales","Cigarette Consumption (Pack Sales Per Capita)","89,4",,"Pack","    (21.304850435, -157.857749403)","Table 11- Orzechowski and Walker, Tax Burden on Tobacco","POL","450POL","450CGS","453CGS","2"
"HI","Hawaii","1980","OW","The Tax Burden on Tobacco","Cigarette Sales","Average Cost per pack","0,676","$","Dollars","    (21.304850435, -157.857749403)","Table 13- Orzechowski and Walker, Tax Burden on Tobacco","POL","450POL","450CGS","455CGS","1"
"ID","Idaho","1980","OW","The Tax Burden on Tobacco","Cigarette Sales","Average Cost per pack","0,592","$","Dollars","    (43.682630005, -114.363730042)","Table 13- Orzechowski and Walker, Tax Burden on Tobacco","POL","450POL","450CGS","455CGS","1"
"ID","Idaho","1980","OW","The Tax Burden on Tobacco","Cigarette Sales","Cigarette Consumption (Pack Sales Per Capita)","115,2",,"Pack","    (43.682630005, -114.363730042)","Table 11- Orzechowski and Walker, Tax Burden on Tobacco","POL","450POL","450CGS","453CGS","2"
"IL","Illinois","1980","OW","The Tax Burden on Tobacco","Cigarette Sales","Average Cost per pack","0,631","$","Dollars","    (40.485010283, -88.997710178)","Table 13- Orzechowski and Walker, Tax Burden on Tobacco","POL","450POL","450CGS","455CGS","1"
"IL","Illinois","1980","OW","The Tax Burden on Tobacco","Cigarette Sales","Cigarette Consumption (Pack Sales Per Capita)","135,2",,"Pack","    (40.485010283, -88.997710178)","Table 11- Orzechowski and Walker, Tax Burden on Tobacco","POL","450POL","450CGS","453CGS","2"
"IN","Indiana","1980","OW","The Tax Burden on Tobacco","Cigarette Sales","Cigarette Consumption (Pack Sales Per Capita)","146,9",,"Pack","    (39.766910452, -86.149960194)","Table 11- Orzechowski and Walker, Tax Burden on Tobacco","POL","450POL","450CGS","453CGS","2"
"IN","Indiana","1980","OW","The Tax Burden on Tobacco","Cigarette Sales","Average Cost per pack","0,583","$","Dollars","    (39.766910452, -86.149960194)","Table 13- Orzechowski and Walker, Tax Burden on Tobacco","POL","450POL","450CGS","455CGS","1"
"IA","Iowa","1980","OW","The Tax Burden on Tobacco","Cigarette Sales","Average Cost per pack","0,614","$","Dollars","    (42.469400913, -93.816490556)","Table 13- Orzechowski and Walker, Tax Burden on Tobacco","POL","450POL","450CGS","455CGS","1"
"IA","Iowa","1980","OW","The Tax Burden on Tobacco","Cigarette Sales","Cigarette Consumption (Pack Sales Per Capita)","124,6",,"Pack","    (42.469400913, -93.816490556)","Table 11- Orzechowski and Walker, Tax Burden on Tobacco","POL","450POL","450CGS","453CGS","2"
"KS","Kansas","1980","OW","The Tax Burden on Tobacco","Cigarette Sales","Average Cost per pack","0,598","$","Dollars","    (38.3477403, -98.200781227)","Table 13- Orzechowski and Walker, Tax Burden on Tobacco","POL","450POL","450CGS","455CGS","1"
"KS","Kansas","1980","OW","The Tax Burden on Tobacco","Cigarette Sales","Cigarette Consumption (Pack Sales Per Capita)","127,1",,"Pack","    (38.3477403, -98.200781227)","Table 11- Orzechowski and Walker, Tax Burden on Tobacco","POL","450POL","450CGS","453CGS","2"
"KY","Kentucky","1980","OW","The Tax Burden on Tobacco","Cigarette Sales","Average Cost per pack","0,494","$","Dollars","    (37.645970271, -84.774971048)","Table 13- Orzechowski and Walker, Tax Burden on Tobacco","POL","450POL","450CGS","455CGS","1"
"KY","Kentucky","1980","OW","The Tax Burden on Tobacco","Cigarette Sales","Cigarette Consumption (Pack Sales Per Capita)","215,3",,"Pack","    (37.645970271, -84.774971048)","Table 11- Orzechowski and Walker, Tax Burden on Tobacco","POL","450POL","450CGS","453CGS","2"
"LA","Louisiana","1980","OW","The Tax Burden on Tobacco","Cigarette Sales","Cigarette Consumption (Pack Sales Per Capita)","143,8",,"Pack","    (31.312660644, -92.445680071)","Table 11- Orzechowski and Walker, Tax Burden on Tobacco","POL","450POL","450CGS","453CGS","2"
"LA","Louisiana","1980","OW","The Tax Burden on Tobacco","Cigarette Sales","Average Cost per pack","0,626","$","Dollars","    (31.312660644, -92.445680071)","Table 13- Orzechowski and Walker, Tax Burden on Tobacco","POL","450POL","450CGS","455CGS","1"
"ME","Maine","1980","OW","The Tax Burden on Tobacco","Cigarette Sales","Cigarette Consumption (Pack Sales Per Capita)","141,2",,"Pack","    (45.254228894001, -68.985031336)","Table 11- Orzechowski and Walker, Tax Burden on Tobacco","POL","450POL","450CGS","453CGS","2"
"ME","Maine","1980","OW","The Tax Burden on Tobacco","Cigarette Sales","Average Cost per pack","0,629","$","Dollars","    (45.254228894001, -68.985031336)","Table 13- Orzechowski and Walker, Tax Burden on Tobacco","POL","450POL","450CGS","455CGS","1"
"MD","Maryland","1980","OW","The Tax Burden on Tobacco","Cigarette Sales","Cigarette Consumption (Pack Sales Per Capita)","131,5",,"Pack","    (39.290580964, -76.609260111)","Table 11- Orzechowski and Walker, Tax Burden on Tobacco","POL","450POL","450CGS","453CGS","2"
"MD","Maryland","1980","OW","The Tax Burden on Tobacco","Cigarette Sales","Average Cost per pack","0,628","$","Dollars","    (39.290580964, -76.609260111)","Table 13- Orzechowski and Walker, Tax Burden on Tobacco","POL","450POL","450CGS","455CGS","1"
"MA","Massachusetts","1980","OW","The Tax Burden on Tobacco","Cigarette Sales","Cigarette Consumption (Pack Sales Per Capita)","120,5",,"Pack","    (42.27687047, -72.082690675)","Table 11- Orzechowski and Walker, Tax Burden on Tobacco","POL","450POL","450CGS","453CGS","2"
"MA","Massachusetts","1980","OW","The Tax Burden on Tobacco","Cigarette Sales","Average Cost per pack","0,708","$","Dollars","    (42.27687047, -72.082690675)","Table 13- Orzechowski and Walker, Tax Burden on Tobacco","POL","450POL","450CGS","455CGS","1"
"MI","Michigan","1980","OW","The Tax Burden on Tobacco","Cigarette Sales","Cigarette Consumption (Pack Sales Per Capita)","140,7",,"Pack","    (44.661319543001, -84.71439027)","Table 11- Orzechowski and Walker, Tax Burden on Tobacco","POL","450POL","450CGS","453CGS","2"
"MI","Michigan","1980","OW","The Tax Burden on Tobacco","Cigarette Sales","Average Cost per pack","0,618","$","Dollars","    (44.661319543001, -84.71439027)","Table 13- Orzechowski and Walker, Tax Burden on Tobacco","POL","450POL","450CGS","455CGS","1"
"MN","Minnesota","1980","OW","The Tax Burden on Tobacco","Cigarette Sales","Average Cost per pack","0,658","$","Dollars","    (46.355648736, -94.794200503)","Table 13- Orzechowski and Walker, Tax Burden on Tobacco","POL","450POL","450CGS","455CGS","1"
"MN","Minnesota","1980","OW","The Tax Burden on Tobacco","Cigarette Sales","Cigarette Consumption (Pack Sales Per Capita)","117,7",,"Pack","    (46.355648736, -94.794200503)","Table 11- Orzechowski and Walker, Tax Burden on Tobacco","POL","450POL","450CGS","453CGS","2"
"MS","Mississippi","1980","OW","The Tax Burden on Tobacco","Cigarette Sales","Average Cost per pack","0,63","$","Dollars","    (32.745510099, -89.538030825)","Table 13- Orzechowski and Walker, Tax Burden on Tobacco","POL","450POL","450CGS","455CGS","1"
"MS","Mississippi","1980","OW","The Tax Burden on Tobacco","Cigarette Sales","Cigarette Consumption (Pack Sales Per Capita)","127",,"Pack","    (32.745510099, -89.538030825)","Table 11- Orzechowski and Walker, Tax Burden on Tobacco","POL","450POL","450CGS","453CGS","2"
"MO","Missouri","1980","OW","The Tax Burden on Tobacco","Cigarette Sales","Average Cost per pack","0,599","$","Dollars","    (38.635790776, -92.566300053)","Table 13- Orzechowski and Walker, Tax Burden on Tobacco","POL","450POL","450CGS","455CGS","1"
"MO","Missouri","1980","OW","The Tax Burden on Tobacco","Cigarette Sales","Cigarette Consumption (Pack Sales Per Capita)","142,1",,"Pack","    (38.635790776, -92.566300053)","Table 11- Orzechowski and Walker, Tax Burden on Tobacco","POL","450POL","450CGS","453CGS","2"
"MT","Montana","1980","OW","The Tax Burden on Tobacco","Cigarette Sales","Average Cost per pack","0,604","$","Dollars","    (47.066528972, -109.424420645)","Table 13- Orzechowski and Walker, Tax Burden on Tobacco","POL","450POL","450CGS","455CGS","1"
"MT","Montana","1980","OW","The Tax Burden on Tobacco","Cigarette Sales","Cigarette Consumption (Pack Sales Per Capita)","122",,"Pack","    (47.066528972, -109.424420645)","Table 11- Orzechowski and Walker, Tax Burden on Tobacco","POL","450POL","450CGS","453CGS","2"
"NE","Nebraska","1980","OW","The Tax Burden on Tobacco","Cigarette Sales","Average Cost per pack","0,609","$","Dollars","    (41.641040988001, -99.365720623)","Table 13- Orzechowski and Walker, Tax Burden on Tobacco","POL","450POL","450CGS","455CGS","1"
"NE","Nebraska","1980","OW","The Tax Burden on Tobacco","Cigarette Sales","Cigarette Consumption (Pack Sales Per Capita)","116,3",,"Pack","    (41.641040988001, -99.365720623)","Table 11- Orzechowski and Walker, Tax Burden on Tobacco","POL","450POL","450CGS","453CGS","2"
"NV","Nevada","1980","OW","The Tax Burden on Tobacco","Cigarette Sales","Average Cost per pack","0,633","$","Dollars","    (39.49324039, -117.071840564)","Table 13- Orzechowski and Walker, Tax Burden on Tobacco","POL","450POL","450CGS","455CGS","1"
"NV","Nevada","1980","OW","The Tax Burden on Tobacco","Cigarette Sales","Cigarette Consumption (Pack Sales Per Capita)","177,7",,"Pack","    (39.49324039, -117.071840564)","Table 11- Orzechowski and Walker, Tax Burden on Tobacco","POL","450POL","450CGS","453CGS","2"
"NH","New Hampshire","1980","OW","The Tax Burden on Tobacco","Cigarette Sales","Cigarette Consumption (Pack Sales Per Capita)","247,8",,"Pack","    (43.655950113, -71.50036092)","Table 11- Orzechowski and Walker, Tax Burden on Tobacco","POL","450POL","450CGS","453CGS","2"
"NH","New Hampshire","1980","OW","The Tax Burden on Tobacco","Cigarette Sales","Average Cost per pack","0,584","$","Dollars","    (43.655950113, -71.50036092)","Table 13- Orzechowski and Walker, Tax Burden on Tobacco","POL","450POL","450CGS","455CGS","1"
"NJ","New Jersey","1980","OW","The Tax Burden on Tobacco","Cigarette Sales","Cigarette Consumption (Pack Sales Per Capita)","124,3",,"Pack","    (40.130570048, -74.273691288)","Table 11- Orzechowski and Walker, Tax Burden on Tobacco","POL","450POL","450CGS","453CGS","2"
"NJ","New Jersey","1980","OW","The Tax Burden on Tobacco","Cigarette Sales","Average Cost per pack","0,687","$","Dollars","    (40.130570048, -74.273691288)","Table 13- Orzechowski and Walker, Tax Burden on Tobacco","POL","450POL","450CGS","455CGS","1"
"NM","New Mexico","1980","OW","The Tax Burden on Tobacco","Cigarette Sales","Average Cost per pack","0,63","$","Dollars","    (34.520880952, -106.240580985)","Table 13- Orzechowski and Walker, Tax Burden on Tobacco","POL","450POL","450CGS","455CGS","1"
"NM","New Mexico","1980","OW","The Tax Burden on Tobacco","Cigarette Sales","Cigarette Consumption (Pack Sales Per Capita)","102,7",,"Pack","    (34.520880952, -106.240580985)","Table 11- Orzechowski and Walker, Tax Burden on Tobacco","POL","450POL","450CGS","453CGS","2"
"NY","New York","1980","OW","The Tax Burden on Tobacco","Cigarette Sales","Average Cost per pack","0,659","$","Dollars","    (42.827001032, -75.543970427)","Table 13- Orzechowski and Walker, Tax Burden on Tobacco","POL","450POL","450CGS","455CGS","1"
"NY","New York","1980","OW","The Tax Burden on Tobacco","Cigarette Sales","Cigarette Consumption (Pack Sales Per Capita)","127,6",,"Pack","    (42.827001032, -75.543970427)","Table 11- Orzechowski and Walker, Tax Burden on Tobacco","POL","450POL","450CGS","453CGS","2"
"NC","North Carolina","1980","OW","The Tax Burden on Tobacco","Cigarette Sales","Cigarette Consumption (Pack Sales Per Capita)","187,8",,"Pack","    (35.466220975, -79.159250463)","Table 11- Orzechowski and Walker, Tax Burden on Tobacco","POL","450POL","450CGS","453CGS","2"
"NC","North Carolina","1980","OW","The Tax Burden on Tobacco","Cigarette Sales","Average Cost per pack","0,5","$","Dollars","    (35.466220975, -79.159250463)","Table 13- Orzechowski and Walker, Tax Burden on Tobacco","POL","450POL","450CGS","455CGS","1"
"ND","North Dakota","1980","OW","The Tax Burden on Tobacco","Cigarette Sales","Cigarette Consumption (Pack Sales Per Capita)","123,7",,"Pack","    (47.475319779, -100.118421049)","Table 11- Orzechowski and Walker, Tax Burden on Tobacco","POL","450POL","450CGS","453CGS","2"
"ND","North Dakota","1980","OW","The Tax Burden on Tobacco","Cigarette Sales","Average Cost per pack","0,62","$","Dollars","    (47.475319779, -100.118421049)","Table 13- Orzechowski and Walker, Tax Burden on Tobacco","POL","450POL","450CGS","455CGS","1"
"OH","Ohio","1980","OW","The Tax Burden on Tobacco","Cigarette Sales","Cigarette Consumption (Pack Sales Per Capita)","133,5",,"Pack","    (40.060210141, -82.404260056)","Table 11- Orzechowski and Walker, Tax Burden on Tobacco","POL","450POL","450CGS","453CGS","2"
"OH","Ohio","1980","OW","The Tax Burden on Tobacco","Cigarette Sales","Average Cost per pack","0,614","$","Dollars","    (40.060210141, -82.404260056)","Table 13- Orzechowski and Walker, Tax Burden on Tobacco","POL","450POL","450CGS","455CGS","1"
"OK","Oklahoma","1980","OW","The Tax Burden on Tobacco","Cigarette Sales","Average Cost per pack","0,658","$","Dollars","    (35.472031356, -97.521070214)","Table 13- Orzechowski and Walker, Tax Burden on Tobacco","POL","450POL","450CGS","455CGS","1"
"OK","Oklahoma","1980","OW","The Tax Burden on Tobacco","Cigarette Sales","Cigarette Consumption (Pack Sales Per Capita)","141,6",,"Pack","    (35.472031356, -97.521070214)","Table 11- Orzechowski and Walker, Tax Burden on Tobacco","POL","450POL","450CGS","453CGS","2"
"OR","Oregon","1980","OW","The Tax Burden on Tobacco","Cigarette Sales","Average Cost per pack","0,569","$","Dollars","    (44.567449424, -120.155031326)","Table 13- Orzechowski and Walker, Tax Burden on Tobacco","POL","450POL","450CGS","455CGS","1"
"OR","Oregon","1980","OW","The Tax Burden on Tobacco","Cigarette Sales","Cigarette Consumption (Pack Sales Per Capita)","146,5",,"Pack","    (44.567449424, -120.155031326)","Table 11- Orzechowski and Walker, Tax Burden on Tobacco","POL","450POL","450CGS","453CGS","2"
"PA","Pennsylvania","1980","OW","The Tax Burden on Tobacco","Cigarette Sales","Cigarette Consumption (Pack Sales Per Capita)","124",,"Pack","    (40.793730152, -77.860700294)","Table 11- Orzechowski and Walker, Tax Burden on Tobacco","POL","450POL","450CGS","453CGS","2"
"PA","Pennsylvania","1980","OW","The Tax Burden on Tobacco","Cigarette Sales","Average Cost per pack","0,648","$","Dollars","    (40.793730152, -77.860700294)","Table 13- Orzechowski and Walker, Tax Burden on Tobacco","POL","450POL","450CGS","455CGS","1"
"RI","Rhode Island","1980","OW","The Tax Burden on Tobacco","Cigarette Sales","Average Cost per pack","0,645","$","Dollars","    (41.708280193, -71.522470314)","Table 13- Orzechowski and Walker, Tax Burden on Tobacco","POL","450POL","450CGS","455CGS","1"
"RI","Rhode Island","1980","OW","The Tax Burden on Tobacco","Cigarette Sales","Cigarette Consumption (Pack Sales Per Capita)","149,3",,"Pack","    (41.708280193, -71.522470314)","Table 11- Orzechowski and Walker, Tax Burden on Tobacco","POL","450POL","450CGS","453CGS","2"
"SC","South Carolina","1980","OW","The Tax Burden on Tobacco","Cigarette Sales","Cigarette Consumption (Pack Sales Per Capita)","138,3",,"Pack","    (33.998821303, -81.045371207)","Table 11- Orzechowski and Walker, Tax Burden on Tobacco","POL","450POL","450CGS","453CGS","2"
"SC","South Carolina","1980","OW","The Tax Burden on Tobacco","Cigarette Sales","Average Cost per pack","0,547","$","Dollars","    (33.998821303, -81.045371207)","Table 13- Orzechowski and Walker, Tax Burden on Tobacco","POL","450POL","450CGS","455CGS","1"
"SD","South Dakota","1980","OW","The Tax Burden on Tobacco","Cigarette Sales","Average Cost per pack","0,623","$","Dollars","    (44.353130053, -100.373530637)","Table 13- Orzechowski and Walker, Tax Burden on Tobacco","POL","450POL","450CGS","455CGS","1"
"SD","South Dakota","1980","OW","The Tax Burden on Tobacco","Cigarette Sales","Cigarette Consumption (Pack Sales Per Capita)","114,7",,"Pack","    (44.353130053, -100.373530637)","Table 11- Orzechowski and Walker, Tax Burden on Tobacco","POL","450POL","450CGS","453CGS","2"
"TN","Tennessee","1980","OW","The Tax Burden on Tobacco","Cigarette Sales","Average Cost per pack","0,637","$","Dollars","    (35.68094058, -85.774490914)","Table 13- Orzechowski and Walker, Tax Burden on Tobacco","POL","450POL","450CGS","455CGS","1"
"TN","Tennessee","1980","OW","The Tax Burden on Tobacco","Cigarette Sales","Cigarette Consumption (Pack Sales Per Capita)","130,4",,"Pack","    (35.68094058, -85.774490914)","Table 11- Orzechowski and Walker, Tax Burden on Tobacco","POL","450POL","450CGS","453CGS","2"
"TX","Texas","1980","OW","The Tax Burden on Tobacco","Cigarette Sales","Cigarette Consumption (Pack Sales Per Capita)","129,7",,"Pack","    (31.827240407, -99.426770206)","Table 11- Orzechowski and Walker, Tax Burden on Tobacco","POL","450POL","450CGS","453CGS","2"
"TX","Texas","1980","OW","The Tax Burden on Tobacco","Cigarette Sales","Average Cost per pack","0,669","$","Dollars","    (31.827240407, -99.426770206)","Table 13- Orzechowski and Walker, Tax Burden on Tobacco","POL","450POL","450CGS","455CGS","1"
"UT","Utah","1980","OW","The Tax Burden on Tobacco","Cigarette Sales","Cigarette Consumption (Pack Sales Per Capita)","74,8",,"Pack","    (39.360700171, -111.587130635)","Table 11- Orzechowski and Walker, Tax Burden on Tobacco","POL","450POL","450CGS","453CGS","2"
"UT","Utah","1980","OW","The Tax Burden on Tobacco","Cigarette Sales","Average Cost per pack","0,627","$","Dollars","    (39.360700171, -111.587130635)","Table 13- Orzechowski and Walker, Tax Burden on Tobacco","POL","450POL","450CGS","455CGS","1"
"VT","Vermont","1980","OW","The Tax Burden on Tobacco","Cigarette Sales","Average Cost per pack","0,61","$","Dollars","    (43.625381239, -72.517640791)","Table 13- Orzechowski and Walker, Tax Burden on Tobacco","POL","450POL","450CGS","455CGS","1"
"VT","Vermont","1980","OW","The Tax Burden on Tobacco","Cigarette Sales","Cigarette Consumption (Pack Sales Per Capita)","161,6",,"Pack","    (43.625381239, -72.517640791)","Table 11- Orzechowski and Walker, Tax Burden on Tobacco","POL","450POL","450CGS","453CGS","2"
"VA","Virginia","1980","OW","The Tax Burden on Tobacco","Cigarette Sales","Cigarette Consumption (Pack Sales Per Capita)","148,9",,"Pack","    (37.542680674, -78.457890463)","Table 11- Orzechowski and Walker, Tax Burden on Tobacco","POL","450POL","450CGS","453CGS","2"
"VA","Virginia","1980","OW","The Tax Burden on Tobacco","Cigarette Sales","Average Cost per pack","0,518","$","Dollars","    (37.542680674, -78.457890463)","Table 13- Orzechowski and Walker, Tax Burden on Tobacco","POL","450POL","450CGS","455CGS","1"
"WA","Washington","1980","OW","The Tax Burden on Tobacco","Cigarette Sales","Cigarette Consumption (Pack Sales Per Capita)","101,4",,"Pack","    (47.522278629, -120.47001079)","Table 11- Orzechowski and Walker, Tax Burden on Tobacco","POL","450POL","450CGS","453CGS","2"
"WA","Washington","1980","OW","The Tax Burden on Tobacco","Cigarette Sales","Average Cost per pack","0,666","$","Dollars","    (47.522278629, -120.47001079)","Table 13- Orzechowski and Walker, Tax Burden on Tobacco","POL","450POL","450CGS","455CGS","1"
"WV","West Virginia","1980","OW","The Tax Burden on Tobacco","Cigarette Sales","Cigarette Consumption (Pack Sales Per Capita)","122,3",,"Pack","    (38.665510202, -80.712640135)","Table 11- Orzechowski and Walker, Tax Burden on Tobacco","POL","450POL","450CGS","453CGS","2"
"WV","West Virginia","1980","OW","The Tax Burden on Tobacco","Cigarette Sales","Average Cost per pack","0,662","$","Dollars","    (38.665510202, -80.712640135)","Table 13- Orzechowski and Walker, Tax Burden on Tobacco","POL","450POL","450CGS","455CGS","1"
"WI","Wisconsin","1980","OW","The Tax Burden on Tobacco","Cigarette Sales","Cigarette Consumption (Pack Sales Per Capita)","117,6",,"Pack","    (44.393191174, -89.816370742)","Table 11- Orzechowski and Walker, Tax Burden on Tobacco","POL","450POL","450CGS","453CGS","2"
"WI","Wisconsin","1980","OW","The Tax Burden on Tobacco","Cigarette Sales","Average Cost per pack","0,649","$","Dollars","    (44.393191174, -89.816370742)","Table 13- Orzechowski and Walker, Tax Burden on Tobacco","POL","450POL","450CGS","455CGS","1"
"WY","Wyoming","1980","OW","The Tax Burden on Tobacco","Cigarette Sales","Cigarette Consumption (Pack Sales Per Capita)","158,1",,"Pack","    (43.235541343, -108.109830353)","Table 11- Orzechowski and Walker, Tax Burden on Tobacco","POL","450POL","450CGS","453CGS","2"
"WY","Wyoming","1980","OW","The Tax Burden on Tobacco","Cigarette Sales","Average Cost per pack","0,559","$","Dollars","    (43.235541343, -108.109830353)","Table 13- Orzechowski and Walker, Tax Burden on Tobacco","POL","450POL","450CGS","455CGS","1"
"AL","Alabama","1979","OW","The Tax Burden on Tobacco","Cigarette Sales","Average Cost per pack","0,606","$","Dollars","    (32.840571122, -86.631860762)","Table 13- Orzechowski and Walker, Tax Burden on Tobacco","POL","450POL","450CGS","455CGS","1"
"AL","Alabama","1979","OW","The Tax Burden on Tobacco","Cigarette Sales","Cigarette Consumption (Pack Sales Per Capita)","121,4",,"Pack","    (32.840571122, -86.631860762)","Table 11- Orzechowski and Walker, Tax Burden on Tobacco","POL","450POL","450CGS","453CGS","2"
"AK","Alaska","1979","OW","The Tax Burden on Tobacco","Cigarette Sales","Cigarette Consumption (Pack Sales Per Capita)","138,1",,"Pack","    (64.845079957001, -147.722059036)","Table 11- Orzechowski and Walker, Tax Burden on Tobacco","POL","450POL","450CGS","453CGS","2"
"AK","Alaska","1979","OW","The Tax Burden on Tobacco","Cigarette Sales","Average Cost per pack","0,609","$","Dollars","    (64.845079957001, -147.722059036)","Table 13- Orzechowski and Walker, Tax Burden on Tobacco","POL","450POL","450CGS","455CGS","1"
"AZ","Arizona","1979","OW","The Tax Burden on Tobacco","Cigarette Sales","Cigarette Consumption (Pack Sales Per Capita)","124,6",,"Pack","    (34.86597028, -111.763811277)","Table 11- Orzechowski and Walker, Tax Burden on Tobacco","POL","450POL","450CGS","453CGS","2"
"AZ","Arizona","1979","OW","The Tax Burden on Tobacco","Cigarette Sales","Average Cost per pack","0,608","$","Dollars","    (34.86597028, -111.763811277)","Table 13- Orzechowski and Walker, Tax Burden on Tobacco","POL","450POL","450CGS","455CGS","1"
"AR","Arkansas","1979","OW","The Tax Burden on Tobacco","Cigarette Sales","Cigarette Consumption (Pack Sales Per Capita)","126,5",,"Pack","    (34.748650124, -92.274490743)","Table 11- Orzechowski and Walker, Tax Burden on Tobacco","POL","450POL","450CGS","453CGS","2"
"AR","Arkansas","1979","OW","The Tax Burden on Tobacco","Cigarette Sales","Average Cost per pack","0,615","$","Dollars","    (34.748650124, -92.274490743)","Table 13- Orzechowski and Walker, Tax Burden on Tobacco","POL","450POL","450CGS","455CGS","1"
"CA","California","1979","OW","The Tax Burden on Tobacco","Cigarette Sales","Cigarette Consumption (Pack Sales Per Capita)","121,9",,"Pack","    (37.638640123, -120.999999538)","Table 11- Orzechowski and Walker, Tax Burden on Tobacco","POL","450POL","450CGS","453CGS","2"
"CA","California","1979","OW","The Tax Burden on Tobacco","Cigarette Sales","Average Cost per pack","0,621","$","Dollars","    (37.638640123, -120.999999538)","Table 13- Orzechowski and Walker, Tax Burden on Tobacco","POL","450POL","450CGS","455CGS","1"
"CO","Colorado","1979","OW","The Tax Burden on Tobacco","Cigarette Sales","Average Cost per pack","0,546","$","Dollars","    (38.843840757, -106.133610921)","Table 13- Orzechowski and Walker, Tax Burden on Tobacco","POL","450POL","450CGS","455CGS","1"
"CO","Colorado","1979","OW","The Tax Burden on Tobacco","Cigarette Sales","Cigarette Consumption (Pack Sales Per Capita)","131,5",,"Pack","    (38.843840757, -106.133610921)","Table 11- Orzechowski and Walker, Tax Burden on Tobacco","POL","450POL","450CGS","453CGS","2"
"CT","Connecticut","1979","OW","The Tax Burden on Tobacco","Cigarette Sales","Average Cost per pack","0,67","$","Dollars","    (41.56266102, -72.649840952)","Table 13- Orzechowski and Walker, Tax Burden on Tobacco","POL","450POL","450CGS","455CGS","1"
"CT","Connecticut","1979","OW","The Tax Burden on Tobacco","Cigarette Sales","Cigarette Consumption (Pack Sales Per Capita)","117,4",,"Pack","    (41.56266102, -72.649840952)","Table 11- Orzechowski and Walker, Tax Burden on Tobacco","POL","450POL","450CGS","453CGS","2"
"DE","Delaware","1979","OW","The Tax Burden on Tobacco","Cigarette Sales","Average Cost per pack","0,627","$","Dollars","    (39.008830667, -75.577741168)","Table 13- Orzechowski and Walker, Tax Burden on Tobacco","POL","450POL","450CGS","455CGS","1"
"DE","Delaware","1979","OW","The Tax Burden on Tobacco","Cigarette Sales","Cigarette Consumption (Pack Sales Per Capita)","150,2",,"Pack","    (39.008830667, -75.577741168)","Table 11- Orzechowski and Walker, Tax Burden on Tobacco","POL","450POL","450CGS","453CGS","2"
"DC","District of Columbia","1979","OW","The Tax Burden on Tobacco","Cigarette Sales","Average Cost per pack","0,656","$","Dollars","    (38.890371385, -77.031961127)","Table 13- Orzechowski and Walker, Tax Burden on Tobacco","POL","450POL","450CGS","455CGS","1"
"DC","District of Columbia","1979","OW","The Tax Burden on Tobacco","Cigarette Sales","Cigarette Consumption (Pack Sales Per Capita)","128,5",,"Pack","    (38.890371385, -77.031961127)","Table 11- Orzechowski and Walker, Tax Burden on Tobacco","POL","450POL","450CGS","453CGS","2"
"FL","Florida","1979","OW","The Tax Burden on Tobacco","Cigarette Sales","Cigarette Consumption (Pack Sales Per Capita)","135,4",,"Pack","    (28.932040377, -81.928960539)","Table 11- Orzechowski and Walker, Tax Burden on Tobacco","POL","450POL","450CGS","453CGS","2"
"FL","Florida","1979","OW","The Tax Burden on Tobacco","Cigarette Sales","Average Cost per pack","0,698","$","Dollars","    (28.932040377, -81.928960539)","Table 13- Orzechowski and Walker, Tax Burden on Tobacco","POL","450POL","450CGS","455CGS","1"
"GA","Georgia","1979","OW","The Tax Burden on Tobacco","Cigarette Sales","Cigarette Consumption (Pack Sales Per Capita)","131",,"Pack","    (32.839681093, -83.627580346)","Table 11- Orzechowski and Walker, Tax Burden on Tobacco","POL","450POL","450CGS","453CGS","2"
"GA","Georgia","1979","OW","The Tax Burden on Tobacco","Cigarette Sales","Average Cost per pack","0,593","$","Dollars","    (32.839681093, -83.627580346)","Table 13- Orzechowski and Walker, Tax Burden on Tobacco","POL","450POL","450CGS","455CGS","1"
"HI","Hawaii","1979","OW","The Tax Burden on Tobacco","Cigarette Sales","Cigarette Consumption (Pack Sales Per Capita)","88,8",,"Pack","    (21.304850435, -157.857749403)","Table 11- Orzechowski and Walker, Tax Burden on Tobacco","POL","450POL","450CGS","453CGS","2"
"HI","Hawaii","1979","OW","The Tax Burden on Tobacco","Cigarette Sales","Average Cost per pack","0,635","$","Dollars","    (21.304850435, -157.857749403)","Table 13- Orzechowski and Walker, Tax Burden on Tobacco","POL","450POL","450CGS","455CGS","1"
"ID","Idaho","1979","OW","The Tax Burden on Tobacco","Cigarette Sales","Average Cost per pack","0,564","$","Dollars","    (43.682630005, -114.363730042)","Table 13- Orzechowski and Walker, Tax Burden on Tobacco","POL","450POL","450CGS","455CGS","1"
"ID","Idaho","1979","OW","The Tax Burden on Tobacco","Cigarette Sales","Cigarette Consumption (Pack Sales Per Capita)","117,5",,"Pack","    (43.682630005, -114.363730042)","Table 11- Orzechowski and Walker, Tax Burden on Tobacco","POL","450POL","450CGS","453CGS","2"
"IL","Illinois","1979","OW","The Tax Burden on Tobacco","Cigarette Sales","Cigarette Consumption (Pack Sales Per Capita)","135,3",,"Pack","    (40.485010283, -88.997710178)","Table 11- Orzechowski and Walker, Tax Burden on Tobacco","POL","450POL","450CGS","453CGS","2"
"IL","Illinois","1979","OW","The Tax Burden on Tobacco","Cigarette Sales","Average Cost per pack","0,6","$","Dollars","    (40.485010283, -88.997710178)","Table 13- Orzechowski and Walker, Tax Burden on Tobacco","POL","450POL","450CGS","455CGS","1"
"IN","Indiana","1979","OW","The Tax Burden on Tobacco","Cigarette Sales","Cigarette Consumption (Pack Sales Per Capita)","148,9",,"Pack","    (39.766910452, -86.149960194)","Table 11- Orzechowski and Walker, Tax Burden on Tobacco","POL","450POL","450CGS","453CGS","2"
"IN","Indiana","1979","OW","The Tax Burden on Tobacco","Cigarette Sales","Average Cost per pack","0,537","$","Dollars","    (39.766910452, -86.149960194)","Table 13- Orzechowski and Walker, Tax Burden on Tobacco","POL","450POL","450CGS","455CGS","1"
"IA","Iowa","1979","OW","The Tax Burden on Tobacco","Cigarette Sales","Average Cost per pack","0,588","$","Dollars","    (42.469400913, -93.816490556)","Table 13- Orzechowski and Walker, Tax Burden on Tobacco","POL","450POL","450CGS","455CGS","1"
"IA","Iowa","1979","OW","The Tax Burden on Tobacco","Cigarette Sales","Cigarette Consumption (Pack Sales Per Capita)","124,2",,"Pack","    (42.469400913, -93.816490556)","Table 11- Orzechowski and Walker, Tax Burden on Tobacco","POL","450POL","450CGS","453CGS","2"
"KS","Kansas","1979","OW","The Tax Burden on Tobacco","Cigarette Sales","Average Cost per pack","0,583","$","Dollars","    (38.3477403, -98.200781227)","Table 13- Orzechowski and Walker, Tax Burden on Tobacco","POL","450POL","450CGS","455CGS","1"
"KS","Kansas","1979","OW","The Tax Burden on Tobacco","Cigarette Sales","Cigarette Consumption (Pack Sales Per Capita)","126,4",,"Pack","    (38.3477403, -98.200781227)","Table 11- Orzechowski and Walker, Tax Burden on Tobacco","POL","450POL","450CGS","453CGS","2"
"KY","Kentucky","1979","OW","The Tax Burden on Tobacco","Cigarette Sales","Cigarette Consumption (Pack Sales Per Capita)","214,9",,"Pack","    (37.645970271, -84.774971048)","Table 11- Orzechowski and Walker, Tax Burden on Tobacco","POL","450POL","450CGS","453CGS","2"
"KY","Kentucky","1979","OW","The Tax Burden on Tobacco","Cigarette Sales","Average Cost per pack","0,463","$","Dollars","    (37.645970271, -84.774971048)","Table 13- Orzechowski and Walker, Tax Burden on Tobacco","POL","450POL","450CGS","455CGS","1"
"LA","Louisiana","1979","OW","The Tax Burden on Tobacco","Cigarette Sales","Average Cost per pack","0,6","$","Dollars","    (31.312660644, -92.445680071)","Table 13- Orzechowski and Walker, Tax Burden on Tobacco","POL","450POL","450CGS","455CGS","1"
"LA","Louisiana","1979","OW","The Tax Burden on Tobacco","Cigarette Sales","Cigarette Consumption (Pack Sales Per Capita)","140,1",,"Pack","    (31.312660644, -92.445680071)","Table 11- Orzechowski and Walker, Tax Burden on Tobacco","POL","450POL","450CGS","453CGS","2"
"ME","Maine","1979","OW","The Tax Burden on Tobacco","Cigarette Sales","Average Cost per pack","0,59","$","Dollars","    (45.254228894001, -68.985031336)","Table 13- Orzechowski and Walker, Tax Burden on Tobacco","POL","450POL","450CGS","455CGS","1"
"ME","Maine","1979","OW","The Tax Burden on Tobacco","Cigarette Sales","Cigarette Consumption (Pack Sales Per Capita)","138,5",,"Pack","    (45.254228894001, -68.985031336)","Table 11- Orzechowski and Walker, Tax Burden on Tobacco","POL","450POL","450CGS","453CGS","2"
"MD","Maryland","1979","OW","The Tax Burden on Tobacco","Cigarette Sales","Average Cost per pack","0,581","$","Dollars","    (39.290580964, -76.609260111)","Table 13- Orzechowski and Walker, Tax Burden on Tobacco","POL","450POL","450CGS","455CGS","1"
"MD","Maryland","1979","OW","The Tax Burden on Tobacco","Cigarette Sales","Cigarette Consumption (Pack Sales Per Capita)","131,9",,"Pack","    (39.290580964, -76.609260111)","Table 11- Orzechowski and Walker, Tax Burden on Tobacco","POL","450POL","450CGS","453CGS","2"
"MA","Massachusetts","1979","OW","The Tax Burden on Tobacco","Cigarette Sales","Cigarette Consumption (Pack Sales Per Capita)","118,2",,"Pack","    (42.27687047, -72.082690675)","Table 11- Orzechowski and Walker, Tax Burden on Tobacco","POL","450POL","450CGS","453CGS","2"
"MA","Massachusetts","1979","OW","The Tax Burden on Tobacco","Cigarette Sales","Average Cost per pack","0,682","$","Dollars","    (42.27687047, -72.082690675)","Table 13- Orzechowski and Walker, Tax Burden on Tobacco","POL","450POL","450CGS","455CGS","1"
"MI","Michigan","1979","OW","The Tax Burden on Tobacco","Cigarette Sales","Cigarette Consumption (Pack Sales Per Capita)","140,9",,"Pack","    (44.661319543001, -84.71439027)","Table 11- Orzechowski and Walker, Tax Burden on Tobacco","POL","450POL","450CGS","453CGS","2"
"MI","Michigan","1979","OW","The Tax Burden on Tobacco","Cigarette Sales","Average Cost per pack","0,603","$","Dollars","    (44.661319543001, -84.71439027)","Table 13- Orzechowski and Walker, Tax Burden on Tobacco","POL","450POL","450CGS","455CGS","1"
"MN","Minnesota","1979","OW","The Tax Burden on Tobacco","Cigarette Sales","Average Cost per pack","0,63","$","Dollars","    (46.355648736, -94.794200503)","Table 13- Orzechowski and Walker, Tax Burden on Tobacco","POL","450POL","450CGS","455CGS","1"
"MN","Minnesota","1979","OW","The Tax Burden on Tobacco","Cigarette Sales","Cigarette Consumption (Pack Sales Per Capita)","118,3",,"Pack","    (46.355648736, -94.794200503)","Table 11- Orzechowski and Walker, Tax Burden on Tobacco","POL","450POL","450CGS","453CGS","2"
"MS","Mississippi","1979","OW","The Tax Burden on Tobacco","Cigarette Sales","Average Cost per pack","0,597","$","Dollars","    (32.745510099, -89.538030825)","Table 13- Orzechowski and Walker, Tax Burden on Tobacco","POL","450POL","450CGS","455CGS","1"
"MS","Mississippi","1979","OW","The Tax Burden on Tobacco","Cigarette Sales","Cigarette Consumption (Pack Sales Per Capita)","123,9",,"Pack","    (32.745510099, -89.538030825)","Table 11- Orzechowski and Walker, Tax Burden on Tobacco","POL","450POL","450CGS","453CGS","2"
"MO","Missouri","1979","OW","The Tax Burden on Tobacco","Cigarette Sales","Cigarette Consumption (Pack Sales Per Capita)","140,2",,"Pack","    (38.635790776, -92.566300053)","Table 11- Orzechowski and Walker, Tax Burden on Tobacco","POL","450POL","450CGS","453CGS","2"
"MO","Missouri","1979","OW","The Tax Burden on Tobacco","Cigarette Sales","Average Cost per pack","0,573","$","Dollars","    (38.635790776, -92.566300053)","Table 13- Orzechowski and Walker, Tax Burden on Tobacco","POL","450POL","450CGS","455CGS","1"
"MT","Montana","1979","OW","The Tax Burden on Tobacco","Cigarette Sales","Cigarette Consumption (Pack Sales Per Capita)","120,3",,"Pack","    (47.066528972, -109.424420645)","Table 11- Orzechowski and Walker, Tax Burden on Tobacco","POL","450POL","450CGS","453CGS","2"
"MT","Montana","1979","OW","The Tax Burden on Tobacco","Cigarette Sales","Average Cost per pack","0,567","$","Dollars","    (47.066528972, -109.424420645)","Table 13- Orzechowski and Walker, Tax Burden on Tobacco","POL","450POL","450CGS","455CGS","1"
"NE","Nebraska","1979","OW","The Tax Burden on Tobacco","Cigarette Sales","Cigarette Consumption (Pack Sales Per Capita)","116,1",,"Pack","    (41.641040988001, -99.365720623)","Table 11- Orzechowski and Walker, Tax Burden on Tobacco","POL","450POL","450CGS","453CGS","2"
"NE","Nebraska","1979","OW","The Tax Burden on Tobacco","Cigarette Sales","Average Cost per pack","0,595","$","Dollars","    (41.641040988001, -99.365720623)","Table 13- Orzechowski and Walker, Tax Burden on Tobacco","POL","450POL","450CGS","455CGS","1"
"NV","Nevada","1979","OW","The Tax Burden on Tobacco","Cigarette Sales","Cigarette Consumption (Pack Sales Per Capita)","183,3",,"Pack","    (39.49324039, -117.071840564)","Table 11- Orzechowski and Walker, Tax Burden on Tobacco","POL","450POL","450CGS","453CGS","2"
"NV","Nevada","1979","OW","The Tax Burden on Tobacco","Cigarette Sales","Average Cost per pack","0,631","$","Dollars","    (39.49324039, -117.071840564)","Table 13- Orzechowski and Walker, Tax Burden on Tobacco","POL","450POL","450CGS","455CGS","1"
"NH","New Hampshire","1979","OW","The Tax Burden on Tobacco","Cigarette Sales","Cigarette Consumption (Pack Sales Per Capita)","254,6",,"Pack","    (43.655950113, -71.50036092)","Table 11- Orzechowski and Walker, Tax Burden on Tobacco","POL","450POL","450CGS","453CGS","2"
"NH","New Hampshire","1979","OW","The Tax Burden on Tobacco","Cigarette Sales","Average Cost per pack","0,553","$","Dollars","    (43.655950113, -71.50036092)","Table 13- Orzechowski and Walker, Tax Burden on Tobacco","POL","450POL","450CGS","455CGS","1"
"NJ","New Jersey","1979","OW","The Tax Burden on Tobacco","Cigarette Sales","Average Cost per pack","0,664","$","Dollars","    (40.130570048, -74.273691288)","Table 13- Orzechowski and Walker, Tax Burden on Tobacco","POL","450POL","450CGS","455CGS","1"
"NJ","New Jersey","1979","OW","The Tax Burden on Tobacco","Cigarette Sales","Cigarette Consumption (Pack Sales Per Capita)","123,8",,"Pack","    (40.130570048, -74.273691288)","Table 11- Orzechowski and Walker, Tax Burden on Tobacco","POL","450POL","450CGS","453CGS","2"
"NM","New Mexico","1979","OW","The Tax Burden on Tobacco","Cigarette Sales","Cigarette Consumption (Pack Sales Per Capita)","101",,"Pack","    (34.520880952, -106.240580985)","Table 11- Orzechowski and Walker, Tax Burden on Tobacco","POL","450POL","450CGS","453CGS","2"
"NM","New Mexico","1979","OW","The Tax Burden on Tobacco","Cigarette Sales","Average Cost per pack","0,626","$","Dollars","    (34.520880952, -106.240580985)","Table 13- Orzechowski and Walker, Tax Burden on Tobacco","POL","450POL","450CGS","455CGS","1"
"NY","New York","1979","OW","The Tax Burden on Tobacco","Cigarette Sales","Cigarette Consumption (Pack Sales Per Capita)","124,4",,"Pack","    (42.827001032, -75.543970427)","Table 11- Orzechowski and Walker, Tax Burden on Tobacco","POL","450POL","450CGS","453CGS","2"
"NY","New York","1979","OW","The Tax Burden on Tobacco","Cigarette Sales","Average Cost per pack","0,644","$","Dollars","    (42.827001032, -75.543970427)","Table 13- Orzechowski and Walker, Tax Burden on Tobacco","POL","450POL","450CGS","455CGS","1"
"NC","North Carolina","1979","OW","The Tax Burden on Tobacco","Cigarette Sales","Average Cost per pack","0,473","$","Dollars","    (35.466220975, -79.159250463)","Table 13- Orzechowski and Walker, Tax Burden on Tobacco","POL","450POL","450CGS","455CGS","1"
"NC","North Carolina","1979","OW","The Tax Burden on Tobacco","Cigarette Sales","Cigarette Consumption (Pack Sales Per Capita)","197,3",,"Pack","    (35.466220975, -79.159250463)","Table 11- Orzechowski and Walker, Tax Burden on Tobacco","POL","450POL","450CGS","453CGS","2"
"ND","North Dakota","1979","OW","The Tax Burden on Tobacco","Cigarette Sales","Cigarette Consumption (Pack Sales Per Capita)","121,3",,"Pack","    (47.475319779, -100.118421049)","Table 11- Orzechowski and Walker, Tax Burden on Tobacco","POL","450POL","450CGS","453CGS","2"
"ND","North Dakota","1979","OW","The Tax Burden on Tobacco","Cigarette Sales","Average Cost per pack","0,596","$","Dollars","    (47.475319779, -100.118421049)","Table 13- Orzechowski and Walker, Tax Burden on Tobacco","POL","450POL","450CGS","455CGS","1"
"OH","Ohio","1979","OW","The Tax Burden on Tobacco","Cigarette Sales","Average Cost per pack","0,587","$","Dollars","    (40.060210141, -82.404260056)","Table 13- Orzechowski and Walker, Tax Burden on Tobacco","POL","450POL","450CGS","455CGS","1"
"OH","Ohio","1979","OW","The Tax Burden on Tobacco","Cigarette Sales","Cigarette Consumption (Pack Sales Per Capita)","130,9",,"Pack","    (40.060210141, -82.404260056)","Table 11- Orzechowski and Walker, Tax Burden on Tobacco","POL","450POL","450CGS","453CGS","2"
"OK","Oklahoma","1979","OW","The Tax Burden on Tobacco","Cigarette Sales","Cigarette Consumption (Pack Sales Per Capita)","141,6",,"Pack","    (35.472031356, -97.521070214)","Table 11- Orzechowski and Walker, Tax Burden on Tobacco","POL","450POL","450CGS","453CGS","2"
"OK","Oklahoma","1979","OW","The Tax Burden on Tobacco","Cigarette Sales","Average Cost per pack","0,629","$","Dollars","    (35.472031356, -97.521070214)","Table 13- Orzechowski and Walker, Tax Burden on Tobacco","POL","450POL","450CGS","455CGS","1"
"OR","Oregon","1979","OW","The Tax Burden on Tobacco","Cigarette Sales","Average Cost per pack","0,54","$","Dollars","    (44.567449424, -120.155031326)","Table 13- Orzechowski and Walker, Tax Burden on Tobacco","POL","450POL","450CGS","455CGS","1"
"OR","Oregon","1979","OW","The Tax Burden on Tobacco","Cigarette Sales","Cigarette Consumption (Pack Sales Per Capita)","150,7",,"Pack","    (44.567449424, -120.155031326)","Table 11- Orzechowski and Walker, Tax Burden on Tobacco","POL","450POL","450CGS","453CGS","2"
"PA","Pennsylvania","1979","OW","The Tax Burden on Tobacco","Cigarette Sales","Average Cost per pack","0,613","$","Dollars","    (40.793730152, -77.860700294)","Table 13- Orzechowski and Walker, Tax Burden on Tobacco","POL","450POL","450CGS","455CGS","1"
"PA","Pennsylvania","1979","OW","The Tax Burden on Tobacco","Cigarette Sales","Cigarette Consumption (Pack Sales Per Capita)","122,6",,"Pack","    (40.793730152, -77.860700294)","Table 11- Orzechowski and Walker, Tax Burden on Tobacco","POL","450POL","450CGS","453CGS","2"
"RI","Rhode Island","1979","OW","The Tax Burden on Tobacco","Cigarette Sales","Average Cost per pack","0,6","$","Dollars","    (41.708280193, -71.522470314)","Table 13- Orzechowski and Walker, Tax Burden on Tobacco","POL","450POL","450CGS","455CGS","1"
"RI","Rhode Island","1979","OW","The Tax Burden on Tobacco","Cigarette Sales","Cigarette Consumption (Pack Sales Per Capita)","145,8",,"Pack","    (41.708280193, -71.522470314)","Table 11- Orzechowski and Walker, Tax Burden on Tobacco","POL","450POL","450CGS","453CGS","2"
"SC","South Carolina","1979","OW","The Tax Burden on Tobacco","Cigarette Sales","Average Cost per pack","0,523","$","Dollars","    (33.998821303, -81.045371207)","Table 13- Orzechowski and Walker, Tax Burden on Tobacco","POL","450POL","450CGS","455CGS","1"
"SC","South Carolina","1979","OW","The Tax Burden on Tobacco","Cigarette Sales","Cigarette Consumption (Pack Sales Per Capita)","135,7",,"Pack","    (33.998821303, -81.045371207)","Table 11- Orzechowski and Walker, Tax Burden on Tobacco","POL","450POL","450CGS","453CGS","2"
"SD","South Dakota","1979","OW","The Tax Burden on Tobacco","Cigarette Sales","Cigarette Consumption (Pack Sales Per Capita)","117,4",,"Pack","    (44.353130053, -100.373530637)","Table 11- Orzechowski and Walker, Tax Burden on Tobacco","POL","450POL","450CGS","453CGS","2"
"SD","South Dakota","1979","OW","The Tax Burden on Tobacco","Cigarette Sales","Average Cost per pack","0,588","$","Dollars","    (44.353130053, -100.373530637)","Table 13- Orzechowski and Walker, Tax Burden on Tobacco","POL","450POL","450CGS","455CGS","1"
"TN","Tennessee","1979","OW","The Tax Burden on Tobacco","Cigarette Sales","Average Cost per pack","0,603","$","Dollars","    (35.68094058, -85.774490914)","Table 13- Orzechowski and Walker, Tax Burden on Tobacco","POL","450POL","450CGS","455CGS","1"
"TN","Tennessee","1979","OW","The Tax Burden on Tobacco","Cigarette Sales","Cigarette Consumption (Pack Sales Per Capita)","127,2",,"Pack","    (35.68094058, -85.774490914)","Table 11- Orzechowski and Walker, Tax Burden on Tobacco","POL","450POL","450CGS","453CGS","2"
"TX","Texas","1979","OW","The Tax Burden on Tobacco","Cigarette Sales","Average Cost per pack","0,637","$","Dollars","    (31.827240407, -99.426770206)","Table 13- Orzechowski and Walker, Tax Burden on Tobacco","POL","450POL","450CGS","455CGS","1"
"TX","Texas","1979","OW","The Tax Burden on Tobacco","Cigarette Sales","Cigarette Consumption (Pack Sales Per Capita)","126,4",,"Pack","    (31.827240407, -99.426770206)","Table 11- Orzechowski and Walker, Tax Burden on Tobacco","POL","450POL","450CGS","453CGS","2"
"UT","Utah","1979","OW","The Tax Burden on Tobacco","Cigarette Sales","Cigarette Consumption (Pack Sales Per Capita)","79,1",,"Pack","    (39.360700171, -111.587130635)","Table 11- Orzechowski and Walker, Tax Burden on Tobacco","POL","450POL","450CGS","453CGS","2"
"UT","Utah","1979","OW","The Tax Burden on Tobacco","Cigarette Sales","Average Cost per pack","0,572","$","Dollars","    (39.360700171, -111.587130635)","Table 13- Orzechowski and Walker, Tax Burden on Tobacco","POL","450POL","450CGS","455CGS","1"
"VT","Vermont","1979","OW","The Tax Burden on Tobacco","Cigarette Sales","Cigarette Consumption (Pack Sales Per Capita)","160,9",,"Pack","    (43.625381239, -72.517640791)","Table 11- Orzechowski and Walker, Tax Burden on Tobacco","POL","450POL","450CGS","453CGS","2"
"VT","Vermont","1979","OW","The Tax Burden on Tobacco","Cigarette Sales","Average Cost per pack","0,589","$","Dollars","    (43.625381239, -72.517640791)","Table 13- Orzechowski and Walker, Tax Burden on Tobacco","POL","450POL","450CGS","455CGS","1"
"VA","Virginia","1979","OW","The Tax Burden on Tobacco","Cigarette Sales","Cigarette Consumption (Pack Sales Per Capita)","151,8",,"Pack","    (37.542680674, -78.457890463)","Table 11- Orzechowski and Walker, Tax Burden on Tobacco","POL","450POL","450CGS","453CGS","2"
"VA","Virginia","1979","OW","The Tax Burden on Tobacco","Cigarette Sales","Average Cost per pack","0,485","$","Dollars","    (37.542680674, -78.457890463)","Table 13- Orzechowski and Walker, Tax Burden on Tobacco","POL","450POL","450CGS","455CGS","1"
"WA","Washington","1979","OW","The Tax Burden on Tobacco","Cigarette Sales","Average Cost per pack","0,638","$","Dollars","    (47.522278629, -120.47001079)","Table 13- Orzechowski and Walker, Tax Burden on Tobacco","POL","450POL","450CGS","455CGS","1"
"WA","Washington","1979","OW","The Tax Burden on Tobacco","Cigarette Sales","Cigarette Consumption (Pack Sales Per Capita)","101,4",,"Pack","    (47.522278629, -120.47001079)","Table 11- Orzechowski and Walker, Tax Burden on Tobacco","POL","450POL","450CGS","453CGS","2"
"WV","West Virginia","1979","OW","The Tax Burden on Tobacco","Cigarette Sales","Average Cost per pack","0,643","$","Dollars","    (38.665510202, -80.712640135)","Table 13- Orzechowski and Walker, Tax Burden on Tobacco","POL","450POL","450CGS","455CGS","1"
"WV","West Virginia","1979","OW","The Tax Burden on Tobacco","Cigarette Sales","Cigarette Consumption (Pack Sales Per Capita)","122,1",,"Pack","    (38.665510202, -80.712640135)","Table 11- Orzechowski and Walker, Tax Burden on Tobacco","POL","450POL","450CGS","453CGS","2"
"WI","Wisconsin","1979","OW","The Tax Burden on Tobacco","Cigarette Sales","Average Cost per pack","0,612","$","Dollars","    (44.393191174, -89.816370742)","Table 13- Orzechowski and Walker, Tax Burden on Tobacco","POL","450POL","450CGS","455CGS","1"
"WI","Wisconsin","1979","OW","The Tax Burden on Tobacco","Cigarette Sales","Cigarette Consumption (Pack Sales Per Capita)","117,1",,"Pack","    (44.393191174, -89.816370742)","Table 11- Orzechowski and Walker, Tax Burden on Tobacco","POL","450POL","450CGS","453CGS","2"
"WY","Wyoming","1979","OW","The Tax Burden on Tobacco","Cigarette Sales","Average Cost per pack","0,553","$","Dollars","    (43.235541343, -108.109830353)","Table 13- Orzechowski and Walker, Tax Burden on Tobacco","POL","450POL","450CGS","455CGS","1"
"WY","Wyoming","1979","OW","The Tax Burden on Tobacco","Cigarette Sales","Cigarette Consumption (Pack Sales Per Capita)","168,6",,"Pack","    (43.235541343, -108.109830353)","Table 11- Orzechowski and Walker, Tax Burden on Tobacco","POL","450POL","450CGS","453CGS","2"
"AL","Alabama","1978","OW","The Tax Burden on Tobacco","Cigarette Sales","Average Cost per pack","0,568","$","Dollars","    (32.840571122, -86.631860762)","Table 13- Orzechowski and Walker, Tax Burden on Tobacco","POL","450POL","450CGS","455CGS","1"
"AL","Alabama","1978","OW","The Tax Burden on Tobacco","Cigarette Sales","Cigarette Consumption (Pack Sales Per Capita)","123",,"Pack","    (32.840571122, -86.631860762)","Table 11- Orzechowski and Walker, Tax Burden on Tobacco","POL","450POL","450CGS","453CGS","2"
"AK","Alaska","1978","OW","The Tax Burden on Tobacco","Cigarette Sales","Cigarette Consumption (Pack Sales Per Capita)","143,6",,"Pack","    (64.845079957001, -147.722059036)","Table 11- Orzechowski and Walker, Tax Burden on Tobacco","POL","450POL","450CGS","453CGS","2"
"AK","Alaska","1978","OW","The Tax Burden on Tobacco","Cigarette Sales","Average Cost per pack","0,571","$","Dollars","    (64.845079957001, -147.722059036)","Table 13- Orzechowski and Walker, Tax Burden on Tobacco","POL","450POL","450CGS","455CGS","1"
"AZ","Arizona","1978","OW","The Tax Burden on Tobacco","Cigarette Sales","Cigarette Consumption (Pack Sales Per Capita)","124,7",,"Pack","    (34.86597028, -111.763811277)","Table 11- Orzechowski and Walker, Tax Burden on Tobacco","POL","450POL","450CGS","453CGS","2"
"AZ","Arizona","1978","OW","The Tax Burden on Tobacco","Cigarette Sales","Average Cost per pack","0,586","$","Dollars","    (34.86597028, -111.763811277)","Table 13- Orzechowski and Walker, Tax Burden on Tobacco","POL","450POL","450CGS","455CGS","1"
"AR","Arkansas","1978","OW","The Tax Burden on Tobacco","Cigarette Sales","Average Cost per pack","0,584","$","Dollars","    (34.748650124, -92.274490743)","Table 13- Orzechowski and Walker, Tax Burden on Tobacco","POL","450POL","450CGS","455CGS","1"
"AR","Arkansas","1978","OW","The Tax Burden on Tobacco","Cigarette Sales","Cigarette Consumption (Pack Sales Per Capita)","127,3",,"Pack","    (34.748650124, -92.274490743)","Table 11- Orzechowski and Walker, Tax Burden on Tobacco","POL","450POL","450CGS","453CGS","2"
"CA","California","1978","OW","The Tax Burden on Tobacco","Cigarette Sales","Average Cost per pack","0,601","$","Dollars","    (37.638640123, -120.999999538)","Table 13- Orzechowski and Walker, Tax Burden on Tobacco","POL","450POL","450CGS","455CGS","1"
"CA","California","1978","OW","The Tax Burden on Tobacco","Cigarette Sales","Cigarette Consumption (Pack Sales Per Capita)","126,1",,"Pack","    (37.638640123, -120.999999538)","Table 11- Orzechowski and Walker, Tax Burden on Tobacco","POL","450POL","450CGS","453CGS","2"
"CO","Colorado","1978","OW","The Tax Burden on Tobacco","Cigarette Sales","Average Cost per pack","0,528","$","Dollars","    (38.843840757, -106.133610921)","Table 13- Orzechowski and Walker, Tax Burden on Tobacco","POL","450POL","450CGS","455CGS","1"
"CO","Colorado","1978","OW","The Tax Burden on Tobacco","Cigarette Sales","Cigarette Consumption (Pack Sales Per Capita)","129,2",,"Pack","    (38.843840757, -106.133610921)","Table 11- Orzechowski and Walker, Tax Burden on Tobacco","POL","450POL","450CGS","453CGS","2"
"CT","Connecticut","1978","OW","The Tax Burden on Tobacco","Cigarette Sales","Cigarette Consumption (Pack Sales Per Capita)","117,5",,"Pack","    (41.56266102, -72.649840952)","Table 11- Orzechowski and Walker, Tax Burden on Tobacco","POL","450POL","450CGS","453CGS","2"
"CT","Connecticut","1978","OW","The Tax Burden on Tobacco","Cigarette Sales","Average Cost per pack","0,644","$","Dollars","    (41.56266102, -72.649840952)","Table 13- Orzechowski and Walker, Tax Burden on Tobacco","POL","450POL","450CGS","455CGS","1"
"DE","Delaware","1978","OW","The Tax Burden on Tobacco","Cigarette Sales","Cigarette Consumption (Pack Sales Per Capita)","155,5",,"Pack","    (39.008830667, -75.577741168)","Table 11- Orzechowski and Walker, Tax Burden on Tobacco","POL","450POL","450CGS","453CGS","2"
"DE","Delaware","1978","OW","The Tax Burden on Tobacco","Cigarette Sales","Average Cost per pack","0,6","$","Dollars","    (39.008830667, -75.577741168)","Table 13- Orzechowski and Walker, Tax Burden on Tobacco","POL","450POL","450CGS","455CGS","1"
"DC","District of Columbia","1978","OW","The Tax Burden on Tobacco","Cigarette Sales","Average Cost per pack","0,593","$","Dollars","    (38.890371385, -77.031961127)","Table 13- Orzechowski and Walker, Tax Burden on Tobacco","POL","450POL","450CGS","455CGS","1"
"DC","District of Columbia","1978","OW","The Tax Burden on Tobacco","Cigarette Sales","Cigarette Consumption (Pack Sales Per Capita)","130,3",,"Pack","    (38.890371385, -77.031961127)","Table 11- Orzechowski and Walker, Tax Burden on Tobacco","POL","450POL","450CGS","453CGS","2"
"FL","Florida","1978","OW","The Tax Burden on Tobacco","Cigarette Sales","Cigarette Consumption (Pack Sales Per Capita)","133,4",,"Pack","    (28.932040377, -81.928960539)","Table 11- Orzechowski and Walker, Tax Burden on Tobacco","POL","450POL","450CGS","453CGS","2"
"FL","Florida","1978","OW","The Tax Burden on Tobacco","Cigarette Sales","Average Cost per pack","0,665","$","Dollars","    (28.932040377, -81.928960539)","Table 13- Orzechowski and Walker, Tax Burden on Tobacco","POL","450POL","450CGS","455CGS","1"
"GA","Georgia","1978","OW","The Tax Burden on Tobacco","Cigarette Sales","Cigarette Consumption (Pack Sales Per Capita)","130,6",,"Pack","    (32.839681093, -83.627580346)","Table 11- Orzechowski and Walker, Tax Burden on Tobacco","POL","450POL","450CGS","453CGS","2"
"GA","Georgia","1978","OW","The Tax Burden on Tobacco","Cigarette Sales","Average Cost per pack","0,566","$","Dollars","    (32.839681093, -83.627580346)","Table 13- Orzechowski and Walker, Tax Burden on Tobacco","POL","450POL","450CGS","455CGS","1"
"HI","Hawaii","1978","OW","The Tax Burden on Tobacco","Cigarette Sales","Average Cost per pack","0,605","$","Dollars","    (21.304850435, -157.857749403)","Table 13- Orzechowski and Walker, Tax Burden on Tobacco","POL","450POL","450CGS","455CGS","1"
"HI","Hawaii","1978","OW","The Tax Burden on Tobacco","Cigarette Sales","Cigarette Consumption (Pack Sales Per Capita)","93,2",,"Pack","    (21.304850435, -157.857749403)","Table 11- Orzechowski and Walker, Tax Burden on Tobacco","POL","450POL","450CGS","453CGS","2"
"ID","Idaho","1978","OW","The Tax Burden on Tobacco","Cigarette Sales","Cigarette Consumption (Pack Sales Per Capita)","122,8",,"Pack","    (43.682630005, -114.363730042)","Table 11- Orzechowski and Walker, Tax Burden on Tobacco","POL","450POL","450CGS","453CGS","2"
"ID","Idaho","1978","OW","The Tax Burden on Tobacco","Cigarette Sales","Average Cost per pack","0,554","$","Dollars","    (43.682630005, -114.363730042)","Table 13- Orzechowski and Walker, Tax Burden on Tobacco","POL","450POL","450CGS","455CGS","1"
"IL","Illinois","1978","OW","The Tax Burden on Tobacco","Cigarette Sales","Cigarette Consumption (Pack Sales Per Capita)","136,7",,"Pack","    (40.485010283, -88.997710178)","Table 11- Orzechowski and Walker, Tax Burden on Tobacco","POL","450POL","450CGS","453CGS","2"
"IL","Illinois","1978","OW","The Tax Burden on Tobacco","Cigarette Sales","Average Cost per pack","0,568","$","Dollars","    (40.485010283, -88.997710178)","Table 13- Orzechowski and Walker, Tax Burden on Tobacco","POL","450POL","450CGS","455CGS","1"
"IN","Indiana","1978","OW","The Tax Burden on Tobacco","Cigarette Sales","Cigarette Consumption (Pack Sales Per Capita)","150,9",,"Pack","    (39.766910452, -86.149960194)","Table 11- Orzechowski and Walker, Tax Burden on Tobacco","POL","450POL","450CGS","453CGS","2"
"IN","Indiana","1978","OW","The Tax Burden on Tobacco","Cigarette Sales","Average Cost per pack","0,525","$","Dollars","    (39.766910452, -86.149960194)","Table 13- Orzechowski and Walker, Tax Burden on Tobacco","POL","450POL","450CGS","455CGS","1"
"IA","Iowa","1978","OW","The Tax Burden on Tobacco","Cigarette Sales","Cigarette Consumption (Pack Sales Per Capita)","127,1",,"Pack","    (42.469400913, -93.816490556)","Table 11- Orzechowski and Walker, Tax Burden on Tobacco","POL","450POL","450CGS","453CGS","2"
"IA","Iowa","1978","OW","The Tax Burden on Tobacco","Cigarette Sales","Average Cost per pack","0,564","$","Dollars","    (42.469400913, -93.816490556)","Table 13- Orzechowski and Walker, Tax Burden on Tobacco","POL","450POL","450CGS","455CGS","1"
"KS","Kansas","1978","OW","The Tax Burden on Tobacco","Cigarette Sales","Average Cost per pack","0,548","$","Dollars","    (38.3477403, -98.200781227)","Table 13- Orzechowski and Walker, Tax Burden on Tobacco","POL","450POL","450CGS","455CGS","1"
"KS","Kansas","1978","OW","The Tax Burden on Tobacco","Cigarette Sales","Cigarette Consumption (Pack Sales Per Capita)","127,1",,"Pack","    (38.3477403, -98.200781227)","Table 11- Orzechowski and Walker, Tax Burden on Tobacco","POL","450POL","450CGS","453CGS","2"
"KY","Kentucky","1978","OW","The Tax Burden on Tobacco","Cigarette Sales","Cigarette Consumption (Pack Sales Per Capita)","224,7",,"Pack","    (37.645970271, -84.774971048)","Table 11- Orzechowski and Walker, Tax Burden on Tobacco","POL","450POL","450CGS","453CGS","2"
"KY","Kentucky","1978","OW","The Tax Burden on Tobacco","Cigarette Sales","Average Cost per pack","0,434","$","Dollars","    (37.645970271, -84.774971048)","Table 13- Orzechowski and Walker, Tax Burden on Tobacco","POL","450POL","450CGS","455CGS","1"
"LA","Louisiana","1978","OW","The Tax Burden on Tobacco","Cigarette Sales","Cigarette Consumption (Pack Sales Per Capita)","142,7",,"Pack","    (31.312660644, -92.445680071)","Table 11- Orzechowski and Walker, Tax Burden on Tobacco","POL","450POL","450CGS","453CGS","2"
"LA","Louisiana","1978","OW","The Tax Burden on Tobacco","Cigarette Sales","Average Cost per pack","0,571","$","Dollars","    (31.312660644, -92.445680071)","Table 13- Orzechowski and Walker, Tax Burden on Tobacco","POL","450POL","450CGS","455CGS","1"
"ME","Maine","1978","OW","The Tax Burden on Tobacco","Cigarette Sales","Average Cost per pack","0,545","$","Dollars","    (45.254228894001, -68.985031336)","Table 13- Orzechowski and Walker, Tax Burden on Tobacco","POL","450POL","450CGS","455CGS","1"
"ME","Maine","1978","OW","The Tax Burden on Tobacco","Cigarette Sales","Cigarette Consumption (Pack Sales Per Capita)","143,9",,"Pack","    (45.254228894001, -68.985031336)","Table 11- Orzechowski and Walker, Tax Burden on Tobacco","POL","450POL","450CGS","453CGS","2"
"MD","Maryland","1978","OW","The Tax Burden on Tobacco","Cigarette Sales","Average Cost per pack","0,562","$","Dollars","    (39.290580964, -76.609260111)","Table 13- Orzechowski and Walker, Tax Burden on Tobacco","POL","450POL","450CGS","455CGS","1"
"MD","Maryland","1978","OW","The Tax Burden on Tobacco","Cigarette Sales","Cigarette Consumption (Pack Sales Per Capita)","134,1",,"Pack","    (39.290580964, -76.609260111)","Table 11- Orzechowski and Walker, Tax Burden on Tobacco","POL","450POL","450CGS","453CGS","2"
"MA","Massachusetts","1978","OW","The Tax Burden on Tobacco","Cigarette Sales","Average Cost per pack","0,645","$","Dollars","    (42.27687047, -72.082690675)","Table 13- Orzechowski and Walker, Tax Burden on Tobacco","POL","450POL","450CGS","455CGS","1"
"MA","Massachusetts","1978","OW","The Tax Burden on Tobacco","Cigarette Sales","Cigarette Consumption (Pack Sales Per Capita)","120,5",,"Pack","    (42.27687047, -72.082690675)","Table 11- Orzechowski and Walker, Tax Burden on Tobacco","POL","450POL","450CGS","453CGS","2"
"MI","Michigan","1978","OW","The Tax Burden on Tobacco","Cigarette Sales","Average Cost per pack","0,572","$","Dollars","    (44.661319543001, -84.71439027)","Table 13- Orzechowski and Walker, Tax Burden on Tobacco","POL","450POL","450CGS","455CGS","1"
"MI","Michigan","1978","OW","The Tax Burden on Tobacco","Cigarette Sales","Cigarette Consumption (Pack Sales Per Capita)","141,8",,"Pack","    (44.661319543001, -84.71439027)","Table 11- Orzechowski and Walker, Tax Burden on Tobacco","POL","450POL","450CGS","453CGS","2"
"MN","Minnesota","1978","OW","The Tax Burden on Tobacco","Cigarette Sales","Cigarette Consumption (Pack Sales Per Capita)","118,9",,"Pack","    (46.355648736, -94.794200503)","Table 11- Orzechowski and Walker, Tax Burden on Tobacco","POL","450POL","450CGS","453CGS","2"
"MN","Minnesota","1978","OW","The Tax Burden on Tobacco","Cigarette Sales","Average Cost per pack","0,609","$","Dollars","    (46.355648736, -94.794200503)","Table 13- Orzechowski and Walker, Tax Burden on Tobacco","POL","450POL","450CGS","455CGS","1"
"MS","Mississippi","1978","OW","The Tax Burden on Tobacco","Cigarette Sales","Cigarette Consumption (Pack Sales Per Capita)","124,9",,"Pack","    (32.745510099, -89.538030825)","Table 11- Orzechowski and Walker, Tax Burden on Tobacco","POL","450POL","450CGS","453CGS","2"
"MS","Mississippi","1978","OW","The Tax Burden on Tobacco","Cigarette Sales","Average Cost per pack","0,565","$","Dollars","    (32.745510099, -89.538030825)","Table 13- Orzechowski and Walker, Tax Burden on Tobacco","POL","450POL","450CGS","455CGS","1"
"MO","Missouri","1978","OW","The Tax Burden on Tobacco","Cigarette Sales","Average Cost per pack","0,522","$","Dollars","    (38.635790776, -92.566300053)","Table 13- Orzechowski and Walker, Tax Burden on Tobacco","POL","450POL","450CGS","455CGS","1"
"MO","Missouri","1978","OW","The Tax Burden on Tobacco","Cigarette Sales","Cigarette Consumption (Pack Sales Per Capita)","141,8",,"Pack","    (38.635790776, -92.566300053)","Table 11- Orzechowski and Walker, Tax Burden on Tobacco","POL","450POL","450CGS","453CGS","2"
"MT","Montana","1978","OW","The Tax Burden on Tobacco","Cigarette Sales","Average Cost per pack","0,537","$","Dollars","    (47.066528972, -109.424420645)","Table 13- Orzechowski and Walker, Tax Burden on Tobacco","POL","450POL","450CGS","455CGS","1"
"MT","Montana","1978","OW","The Tax Burden on Tobacco","Cigarette Sales","Cigarette Consumption (Pack Sales Per Capita)","127,2",,"Pack","    (47.066528972, -109.424420645)","Table 11- Orzechowski and Walker, Tax Burden on Tobacco","POL","450POL","450CGS","453CGS","2"
"NE","Nebraska","1978","OW","The Tax Burden on Tobacco","Cigarette Sales","Cigarette Consumption (Pack Sales Per Capita)","117,4",,"Pack","    (41.641040988001, -99.365720623)","Table 11- Orzechowski and Walker, Tax Burden on Tobacco","POL","450POL","450CGS","453CGS","2"
"NE","Nebraska","1978","OW","The Tax Burden on Tobacco","Cigarette Sales","Average Cost per pack","0,554","$","Dollars","    (41.641040988001, -99.365720623)","Table 13- Orzechowski and Walker, Tax Burden on Tobacco","POL","450POL","450CGS","455CGS","1"
"NV","Nevada","1978","OW","The Tax Burden on Tobacco","Cigarette Sales","Cigarette Consumption (Pack Sales Per Capita)","187",,"Pack","    (39.49324039, -117.071840564)","Table 11- Orzechowski and Walker, Tax Burden on Tobacco","POL","450POL","450CGS","453CGS","2"
"NV","Nevada","1978","OW","The Tax Burden on Tobacco","Cigarette Sales","Average Cost per pack","0,571","$","Dollars","    (39.49324039, -117.071840564)","Table 13- Orzechowski and Walker, Tax Burden on Tobacco","POL","450POL","450CGS","455CGS","1"
"NH","New Hampshire","1978","OW","The Tax Burden on Tobacco","Cigarette Sales","Average Cost per pack","0,532","$","Dollars","    (43.655950113, -71.50036092)","Table 13- Orzechowski and Walker, Tax Burden on Tobacco","POL","450POL","450CGS","455CGS","1"
"NH","New Hampshire","1978","OW","The Tax Burden on Tobacco","Cigarette Sales","Cigarette Consumption (Pack Sales Per Capita)","269,6",,"Pack","    (43.655950113, -71.50036092)","Table 11- Orzechowski and Walker, Tax Burden on Tobacco","POL","450POL","450CGS","453CGS","2"
"NJ","New Jersey","1978","OW","The Tax Burden on Tobacco","Cigarette Sales","Average Cost per pack","0,635","$","Dollars","    (40.130570048, -74.273691288)","Table 13- Orzechowski and Walker, Tax Burden on Tobacco","POL","450POL","450CGS","455CGS","1"
"NJ","New Jersey","1978","OW","The Tax Burden on Tobacco","Cigarette Sales","Cigarette Consumption (Pack Sales Per Capita)","123,9",,"Pack","    (40.130570048, -74.273691288)","Table 11- Orzechowski and Walker, Tax Burden on Tobacco","POL","450POL","450CGS","453CGS","2"
"NM","New Mexico","1978","OW","The Tax Burden on Tobacco","Cigarette Sales","Average Cost per pack","0,576","$","Dollars","    (34.520880952, -106.240580985)","Table 13- Orzechowski and Walker, Tax Burden on Tobacco","POL","450POL","450CGS","455CGS","1"
"NM","New Mexico","1978","OW","The Tax Burden on Tobacco","Cigarette Sales","Cigarette Consumption (Pack Sales Per Capita)","103,1",,"Pack","    (34.520880952, -106.240580985)","Table 11- Orzechowski and Walker, Tax Burden on Tobacco","POL","450POL","450CGS","453CGS","2"
"NY","New York","1978","OW","The Tax Burden on Tobacco","Cigarette Sales","Average Cost per pack","0,611","$","Dollars","    (42.827001032, -75.543970427)","Table 13- Orzechowski and Walker, Tax Burden on Tobacco","POL","450POL","450CGS","455CGS","1"
"NY","New York","1978","OW","The Tax Burden on Tobacco","Cigarette Sales","Cigarette Consumption (Pack Sales Per Capita)","126,4",,"Pack","    (42.827001032, -75.543970427)","Table 11- Orzechowski and Walker, Tax Burden on Tobacco","POL","450POL","450CGS","453CGS","2"
"NC","North Carolina","1978","OW","The Tax Burden on Tobacco","Cigarette Sales","Average Cost per pack","0,437","$","Dollars","    (35.466220975, -79.159250463)","Table 13- Orzechowski and Walker, Tax Burden on Tobacco","POL","450POL","450CGS","455CGS","1"
"NC","North Carolina","1978","OW","The Tax Burden on Tobacco","Cigarette Sales","Cigarette Consumption (Pack Sales Per Capita)","205,5",,"Pack","    (35.466220975, -79.159250463)","Table 11- Orzechowski and Walker, Tax Burden on Tobacco","POL","450POL","450CGS","453CGS","2"
"ND","North Dakota","1978","OW","The Tax Burden on Tobacco","Cigarette Sales","Average Cost per pack","0,55","$","Dollars","    (47.475319779, -100.118421049)","Table 13- Orzechowski and Walker, Tax Burden on Tobacco","POL","450POL","450CGS","455CGS","1"
"ND","North Dakota","1978","OW","The Tax Burden on Tobacco","Cigarette Sales","Cigarette Consumption (Pack Sales Per Capita)","121,9",,"Pack","    (47.475319779, -100.118421049)","Table 11- Orzechowski and Walker, Tax Burden on Tobacco","POL","450POL","450CGS","453CGS","2"
"OH","Ohio","1978","OW","The Tax Burden on Tobacco","Cigarette Sales","Cigarette Consumption (Pack Sales Per Capita)","131,3",,"Pack","    (40.060210141, -82.404260056)","Table 11- Orzechowski and Walker, Tax Burden on Tobacco","POL","450POL","450CGS","453CGS","2"
"OH","Ohio","1978","OW","The Tax Burden on Tobacco","Cigarette Sales","Average Cost per pack","0,563","$","Dollars","    (40.060210141, -82.404260056)","Table 13- Orzechowski and Walker, Tax Burden on Tobacco","POL","450POL","450CGS","455CGS","1"
"OK","Oklahoma","1978","OW","The Tax Burden on Tobacco","Cigarette Sales","Average Cost per pack","0,555","$","Dollars","    (35.472031356, -97.521070214)","Table 13- Orzechowski and Walker, Tax Burden on Tobacco","POL","450POL","450CGS","455CGS","1"
"OK","Oklahoma","1978","OW","The Tax Burden on Tobacco","Cigarette Sales","Cigarette Consumption (Pack Sales Per Capita)","143,6",,"Pack","    (35.472031356, -97.521070214)","Table 11- Orzechowski and Walker, Tax Burden on Tobacco","POL","450POL","450CGS","453CGS","2"
"OR","Oregon","1978","OW","The Tax Burden on Tobacco","Cigarette Sales","Cigarette Consumption (Pack Sales Per Capita)","156,3",,"Pack","    (44.567449424, -120.155031326)","Table 11- Orzechowski and Walker, Tax Burden on Tobacco","POL","450POL","450CGS","453CGS","2"
"OR","Oregon","1978","OW","The Tax Burden on Tobacco","Cigarette Sales","Average Cost per pack","0,519","$","Dollars","    (44.567449424, -120.155031326)","Table 13- Orzechowski and Walker, Tax Burden on Tobacco","POL","450POL","450CGS","455CGS","1"
"PA","Pennsylvania","1978","OW","The Tax Burden on Tobacco","Cigarette Sales","Cigarette Consumption (Pack Sales Per Capita)","122,3",,"Pack","    (40.793730152, -77.860700294)","Table 11- Orzechowski and Walker, Tax Burden on Tobacco","POL","450POL","450CGS","453CGS","2"
"PA","Pennsylvania","1978","OW","The Tax Burden on Tobacco","Cigarette Sales","Average Cost per pack","0,606","$","Dollars","    (40.793730152, -77.860700294)","Table 13- Orzechowski and Walker, Tax Burden on Tobacco","POL","450POL","450CGS","455CGS","1"
"RI","Rhode Island","1978","OW","The Tax Burden on Tobacco","Cigarette Sales","Cigarette Consumption (Pack Sales Per Capita)","146,8",,"Pack","    (41.708280193, -71.522470314)","Table 11- Orzechowski and Walker, Tax Burden on Tobacco","POL","450POL","450CGS","453CGS","2"
"RI","Rhode Island","1978","OW","The Tax Burden on Tobacco","Cigarette Sales","Average Cost per pack","0,587","$","Dollars","    (41.708280193, -71.522470314)","Table 13- Orzechowski and Walker, Tax Burden on Tobacco","POL","450POL","450CGS","455CGS","1"
"SC","South Carolina","1978","OW","The Tax Burden on Tobacco","Cigarette Sales","Average Cost per pack","0,502","$","Dollars","    (33.998821303, -81.045371207)","Table 13- Orzechowski and Walker, Tax Burden on Tobacco","POL","450POL","450CGS","455CGS","1"
"SC","South Carolina","1978","OW","The Tax Burden on Tobacco","Cigarette Sales","Cigarette Consumption (Pack Sales Per Capita)","140,4",,"Pack","    (33.998821303, -81.045371207)","Table 11- Orzechowski and Walker, Tax Burden on Tobacco","POL","450POL","450CGS","453CGS","2"
"SD","South Dakota","1978","OW","The Tax Burden on Tobacco","Cigarette Sales","Cigarette Consumption (Pack Sales Per Capita)","116,9",,"Pack","    (44.353130053, -100.373530637)","Table 11- Orzechowski and Walker, Tax Burden on Tobacco","POL","450POL","450CGS","453CGS","2"
"SD","South Dakota","1978","OW","The Tax Burden on Tobacco","Cigarette Sales","Average Cost per pack","0,541","$","Dollars","    (44.353130053, -100.373530637)","Table 13- Orzechowski and Walker, Tax Burden on Tobacco","POL","450POL","450CGS","455CGS","1"
"TN","Tennessee","1978","OW","The Tax Burden on Tobacco","Cigarette Sales","Average Cost per pack","0,573","$","Dollars","    (35.68094058, -85.774490914)","Table 13- Orzechowski and Walker, Tax Burden on Tobacco","POL","450POL","450CGS","455CGS","1"
"TN","Tennessee","1978","OW","The Tax Burden on Tobacco","Cigarette Sales","Cigarette Consumption (Pack Sales Per Capita)","127,3",,"Pack","    (35.68094058, -85.774490914)","Table 11- Orzechowski and Walker, Tax Burden on Tobacco","POL","450POL","450CGS","453CGS","2"
"TX","Texas","1978","OW","The Tax Burden on Tobacco","Cigarette Sales","Cigarette Consumption (Pack Sales Per Capita)","126,6",,"Pack","    (31.827240407, -99.426770206)","Table 11- Orzechowski and Walker, Tax Burden on Tobacco","POL","450POL","450CGS","453CGS","2"
"TX","Texas","1978","OW","The Tax Burden on Tobacco","Cigarette Sales","Average Cost per pack","0,622","$","Dollars","    (31.827240407, -99.426770206)","Table 13- Orzechowski and Walker, Tax Burden on Tobacco","POL","450POL","450CGS","455CGS","1"
"UT","Utah","1978","OW","The Tax Burden on Tobacco","Cigarette Sales","Average Cost per pack","0,537","$","Dollars","    (39.360700171, -111.587130635)","Table 13- Orzechowski and Walker, Tax Burden on Tobacco","POL","450POL","450CGS","455CGS","1"
"UT","Utah","1978","OW","The Tax Burden on Tobacco","Cigarette Sales","Cigarette Consumption (Pack Sales Per Capita)","79,6",,"Pack","    (39.360700171, -111.587130635)","Table 11- Orzechowski and Walker, Tax Burden on Tobacco","POL","450POL","450CGS","453CGS","2"
"VT","Vermont","1978","OW","The Tax Burden on Tobacco","Cigarette Sales","Cigarette Consumption (Pack Sales Per Capita)","162,4",,"Pack","    (43.625381239, -72.517640791)","Table 11- Orzechowski and Walker, Tax Burden on Tobacco","POL","450POL","450CGS","453CGS","2"
"VT","Vermont","1978","OW","The Tax Burden on Tobacco","Cigarette Sales","Average Cost per pack","0,548","$","Dollars","    (43.625381239, -72.517640791)","Table 13- Orzechowski and Walker, Tax Burden on Tobacco","POL","450POL","450CGS","455CGS","1"
"VA","Virginia","1978","OW","The Tax Burden on Tobacco","Cigarette Sales","Cigarette Consumption (Pack Sales Per Capita)","155,9",,"Pack","    (37.542680674, -78.457890463)","Table 11- Orzechowski and Walker, Tax Burden on Tobacco","POL","450POL","450CGS","453CGS","2"
"VA","Virginia","1978","OW","The Tax Burden on Tobacco","Cigarette Sales","Average Cost per pack","0,458","$","Dollars","    (37.542680674, -78.457890463)","Table 13- Orzechowski and Walker, Tax Burden on Tobacco","POL","450POL","450CGS","455CGS","1"
"WA","Washington","1978","OW","The Tax Burden on Tobacco","Cigarette Sales","Average Cost per pack","0,616","$","Dollars","    (47.522278629, -120.47001079)","Table 13- Orzechowski and Walker, Tax Burden on Tobacco","POL","450POL","450CGS","455CGS","1"
"WA","Washington","1978","OW","The Tax Burden on Tobacco","Cigarette Sales","Cigarette Consumption (Pack Sales Per Capita)","101,3",,"Pack","    (47.522278629, -120.47001079)","Table 11- Orzechowski and Walker, Tax Burden on Tobacco","POL","450POL","450CGS","453CGS","2"
"WV","West Virginia","1978","OW","The Tax Burden on Tobacco","Cigarette Sales","Cigarette Consumption (Pack Sales Per Capita)","131,6",,"Pack","    (38.665510202, -80.712640135)","Table 11- Orzechowski and Walker, Tax Burden on Tobacco","POL","450POL","450CGS","453CGS","2"
"WV","West Virginia","1978","OW","The Tax Burden on Tobacco","Cigarette Sales","Average Cost per pack","0,624","$","Dollars","    (38.665510202, -80.712640135)","Table 13- Orzechowski and Walker, Tax Burden on Tobacco","POL","450POL","450CGS","455CGS","1"
"WI","Wisconsin","1978","OW","The Tax Burden on Tobacco","Cigarette Sales","Cigarette Consumption (Pack Sales Per Capita)","116,7",,"Pack","    (44.393191174, -89.816370742)","Table 11- Orzechowski and Walker, Tax Burden on Tobacco","POL","450POL","450CGS","453CGS","2"
"WI","Wisconsin","1978","OW","The Tax Burden on Tobacco","Cigarette Sales","Average Cost per pack","0,587","$","Dollars","    (44.393191174, -89.816370742)","Table 13- Orzechowski and Walker, Tax Burden on Tobacco","POL","450POL","450CGS","455CGS","1"
"WY","Wyoming","1978","OW","The Tax Burden on Tobacco","Cigarette Sales","Cigarette Consumption (Pack Sales Per Capita)","160,3",,"Pack","    (43.235541343, -108.109830353)","Table 11- Orzechowski and Walker, Tax Burden on Tobacco","POL","450POL","450CGS","453CGS","2"
"WY","Wyoming","1978","OW","The Tax Burden on Tobacco","Cigarette Sales","Average Cost per pack","0,517","$","Dollars","    (43.235541343, -108.109830353)","Table 13- Orzechowski and Walker, Tax Burden on Tobacco","POL","450POL","450CGS","455CGS","1"
"AL","Alabama","1977","OW","The Tax Burden on Tobacco","Cigarette Sales","Average Cost per pack","0,551","$","Dollars","    (32.840571122, -86.631860762)","Table 13- Orzechowski and Walker, Tax Burden on Tobacco","POL","450POL","450CGS","455CGS","1"
"AL","Alabama","1977","OW","The Tax Burden on Tobacco","Cigarette Sales","Cigarette Consumption (Pack Sales Per Capita)","117,1",,"Pack","    (32.840571122, -86.631860762)","Table 11- Orzechowski and Walker, Tax Burden on Tobacco","POL","450POL","450CGS","453CGS","2"
"AK","Alaska","1977","OW","The Tax Burden on Tobacco","Cigarette Sales","Cigarette Consumption (Pack Sales Per Capita)","159,3",,"Pack","    (64.845079957001, -147.722059036)","Table 11- Orzechowski and Walker, Tax Burden on Tobacco","POL","450POL","450CGS","453CGS","2"
"AK","Alaska","1977","OW","The Tax Burden on Tobacco","Cigarette Sales","Average Cost per pack","0,563","$","Dollars","    (64.845079957001, -147.722059036)","Table 13- Orzechowski and Walker, Tax Burden on Tobacco","POL","450POL","450CGS","455CGS","1"
"AZ","Arizona","1977","OW","The Tax Burden on Tobacco","Cigarette Sales","Average Cost per pack","0,536","$","Dollars","    (34.86597028, -111.763811277)","Table 13- Orzechowski and Walker, Tax Burden on Tobacco","POL","450POL","450CGS","455CGS","1"
"AZ","Arizona","1977","OW","The Tax Burden on Tobacco","Cigarette Sales","Cigarette Consumption (Pack Sales Per Capita)","121,7",,"Pack","    (34.86597028, -111.763811277)","Table 11- Orzechowski and Walker, Tax Burden on Tobacco","POL","450POL","450CGS","453CGS","2"
"AR","Arkansas","1977","OW","The Tax Burden on Tobacco","Cigarette Sales","Cigarette Consumption (Pack Sales Per Capita)","122,6",,"Pack","    (34.748650124, -92.274490743)","Table 11- Orzechowski and Walker, Tax Burden on Tobacco","POL","450POL","450CGS","453CGS","2"
"AR","Arkansas","1977","OW","The Tax Burden on Tobacco","Cigarette Sales","Average Cost per pack","0,565","$","Dollars","    (34.748650124, -92.274490743)","Table 13- Orzechowski and Walker, Tax Burden on Tobacco","POL","450POL","450CGS","455CGS","1"
"CA","California","1977","OW","The Tax Burden on Tobacco","Cigarette Sales","Cigarette Consumption (Pack Sales Per Capita)","126,4",,"Pack","    (37.638640123, -120.999999538)","Table 11- Orzechowski and Walker, Tax Burden on Tobacco","POL","450POL","450CGS","453CGS","2"
"CA","California","1977","OW","The Tax Burden on Tobacco","Cigarette Sales","Average Cost per pack","0,587","$","Dollars","    (37.638640123, -120.999999538)","Table 13- Orzechowski and Walker, Tax Burden on Tobacco","POL","450POL","450CGS","455CGS","1"
"CO","Colorado","1977","OW","The Tax Burden on Tobacco","Cigarette Sales","Average Cost per pack","0,574","$","Dollars","    (38.843840757, -106.133610921)","Table 13- Orzechowski and Walker, Tax Burden on Tobacco","POL","450POL","450CGS","455CGS","1"
"CO","Colorado","1977","OW","The Tax Burden on Tobacco","Cigarette Sales","Cigarette Consumption (Pack Sales Per Capita)","132",,"Pack","    (38.843840757, -106.133610921)","Table 11- Orzechowski and Walker, Tax Burden on Tobacco","POL","450POL","450CGS","453CGS","2"
"CT","Connecticut","1977","OW","The Tax Burden on Tobacco","Cigarette Sales","Average Cost per pack","0,617","$","Dollars","    (41.56266102, -72.649840952)","Table 13- Orzechowski and Walker, Tax Burden on Tobacco","POL","450POL","450CGS","455CGS","1"
"CT","Connecticut","1977","OW","The Tax Burden on Tobacco","Cigarette Sales","Cigarette Consumption (Pack Sales Per Capita)","117,3",,"Pack","    (41.56266102, -72.649840952)","Table 11- Orzechowski and Walker, Tax Burden on Tobacco","POL","450POL","450CGS","453CGS","2"
"DE","Delaware","1977","OW","The Tax Burden on Tobacco","Cigarette Sales","Average Cost per pack","0,587","$","Dollars","    (39.008830667, -75.577741168)","Table 13- Orzechowski and Walker, Tax Burden on Tobacco","POL","450POL","450CGS","455CGS","1"
"DE","Delaware","1977","OW","The Tax Burden on Tobacco","Cigarette Sales","Cigarette Consumption (Pack Sales Per Capita)","153,3",,"Pack","    (39.008830667, -75.577741168)","Table 11- Orzechowski and Walker, Tax Burden on Tobacco","POL","450POL","450CGS","453CGS","2"
"DC","District of Columbia","1977","OW","The Tax Burden on Tobacco","Cigarette Sales","Cigarette Consumption (Pack Sales Per Capita)","136,7",,"Pack","    (38.890371385, -77.031961127)","Table 11- Orzechowski and Walker, Tax Burden on Tobacco","POL","450POL","450CGS","453CGS","2"
"DC","District of Columbia","1977","OW","The Tax Burden on Tobacco","Cigarette Sales","Average Cost per pack","0,598","$","Dollars","    (38.890371385, -77.031961127)","Table 13- Orzechowski and Walker, Tax Burden on Tobacco","POL","450POL","450CGS","455CGS","1"
"FL","Florida","1977","OW","The Tax Burden on Tobacco","Cigarette Sales","Cigarette Consumption (Pack Sales Per Capita)","133,1",,"Pack","    (28.932040377, -81.928960539)","Table 11- Orzechowski and Walker, Tax Burden on Tobacco","POL","450POL","450CGS","453CGS","2"
"FL","Florida","1977","OW","The Tax Burden on Tobacco","Cigarette Sales","Average Cost per pack","0,663","$","Dollars","    (28.932040377, -81.928960539)","Table 13- Orzechowski and Walker, Tax Burden on Tobacco","POL","450POL","450CGS","455CGS","1"
"GA","Georgia","1977","OW","The Tax Burden on Tobacco","Cigarette Sales","Average Cost per pack","0,547","$","Dollars","    (32.839681093, -83.627580346)","Table 13- Orzechowski and Walker, Tax Burden on Tobacco","POL","450POL","450CGS","455CGS","1"
"GA","Georgia","1977","OW","The Tax Burden on Tobacco","Cigarette Sales","Cigarette Consumption (Pack Sales Per Capita)","127,9",,"Pack","    (32.839681093, -83.627580346)","Table 11- Orzechowski and Walker, Tax Burden on Tobacco","POL","450POL","450CGS","453CGS","2"
"HI","Hawaii","1977","OW","The Tax Burden on Tobacco","Cigarette Sales","Cigarette Consumption (Pack Sales Per Capita)","95,1",,"Pack","    (21.304850435, -157.857749403)","Table 11- Orzechowski and Walker, Tax Burden on Tobacco","POL","450POL","450CGS","453CGS","2"
"HI","Hawaii","1977","OW","The Tax Burden on Tobacco","Cigarette Sales","Average Cost per pack","0,567","$","Dollars","    (21.304850435, -157.857749403)","Table 13- Orzechowski and Walker, Tax Burden on Tobacco","POL","450POL","450CGS","455CGS","1"
"ID","Idaho","1977","OW","The Tax Burden on Tobacco","Cigarette Sales","Cigarette Consumption (Pack Sales Per Capita)","125",,"Pack","    (43.682630005, -114.363730042)","Table 11- Orzechowski and Walker, Tax Burden on Tobacco","POL","450POL","450CGS","453CGS","2"
"ID","Idaho","1977","OW","The Tax Burden on Tobacco","Cigarette Sales","Average Cost per pack","0,515","$","Dollars","    (43.682630005, -114.363730042)","Table 13- Orzechowski and Walker, Tax Burden on Tobacco","POL","450POL","450CGS","455CGS","1"
"IL","Illinois","1977","OW","The Tax Burden on Tobacco","Cigarette Sales","Average Cost per pack","0,546","$","Dollars","    (40.485010283, -88.997710178)","Table 13- Orzechowski and Walker, Tax Burden on Tobacco","POL","450POL","450CGS","455CGS","1"
"IL","Illinois","1977","OW","The Tax Burden on Tobacco","Cigarette Sales","Cigarette Consumption (Pack Sales Per Capita)","134",,"Pack","    (40.485010283, -88.997710178)","Table 11- Orzechowski and Walker, Tax Burden on Tobacco","POL","450POL","450CGS","453CGS","2"
"IN","Indiana","1977","OW","The Tax Burden on Tobacco","Cigarette Sales","Average Cost per pack","0,5","$","Dollars","    (39.766910452, -86.149960194)","Table 13- Orzechowski and Walker, Tax Burden on Tobacco","POL","450POL","450CGS","455CGS","1"
"IN","Indiana","1977","OW","The Tax Burden on Tobacco","Cigarette Sales","Cigarette Consumption (Pack Sales Per Capita)","173",,"Pack","    (39.766910452, -86.149960194)","Table 11- Orzechowski and Walker, Tax Burden on Tobacco","POL","450POL","450CGS","453CGS","2"
"IA","Iowa","1977","OW","The Tax Burden on Tobacco","Cigarette Sales","Average Cost per pack","0,546","$","Dollars","    (42.469400913, -93.816490556)","Table 13- Orzechowski and Walker, Tax Burden on Tobacco","POL","450POL","450CGS","455CGS","1"
"IA","Iowa","1977","OW","The Tax Burden on Tobacco","Cigarette Sales","Cigarette Consumption (Pack Sales Per Capita)","125,5",,"Pack","    (42.469400913, -93.816490556)","Table 11- Orzechowski and Walker, Tax Burden on Tobacco","POL","450POL","450CGS","453CGS","2"
"KS","Kansas","1977","OW","The Tax Burden on Tobacco","Cigarette Sales","Average Cost per pack","0,526","$","Dollars","    (38.3477403, -98.200781227)","Table 13- Orzechowski and Walker, Tax Burden on Tobacco","POL","450POL","450CGS","455CGS","1"
"KS","Kansas","1977","OW","The Tax Burden on Tobacco","Cigarette Sales","Cigarette Consumption (Pack Sales Per Capita)","127,9",,"Pack","    (38.3477403, -98.200781227)","Table 11- Orzechowski and Walker, Tax Burden on Tobacco","POL","450POL","450CGS","453CGS","2"
"KY","Kentucky","1977","OW","The Tax Burden on Tobacco","Cigarette Sales","Cigarette Consumption (Pack Sales Per Capita)","229,4",,"Pack","    (37.645970271, -84.774971048)","Table 11- Orzechowski and Walker, Tax Burden on Tobacco","POL","450POL","450CGS","453CGS","2"
"KY","Kentucky","1977","OW","The Tax Burden on Tobacco","Cigarette Sales","Average Cost per pack","0,414","$","Dollars","    (37.645970271, -84.774971048)","Table 13- Orzechowski and Walker, Tax Burden on Tobacco","POL","450POL","450CGS","455CGS","1"
"LA","Louisiana","1977","OW","The Tax Burden on Tobacco","Cigarette Sales","Cigarette Consumption (Pack Sales Per Capita)","140",,"Pack","    (31.312660644, -92.445680071)","Table 11- Orzechowski and Walker, Tax Burden on Tobacco","POL","450POL","450CGS","453CGS","2"
"LA","Louisiana","1977","OW","The Tax Burden on Tobacco","Cigarette Sales","Average Cost per pack","0,542","$","Dollars","    (31.312660644, -92.445680071)","Table 13- Orzechowski and Walker, Tax Burden on Tobacco","POL","450POL","450CGS","455CGS","1"
"ME","Maine","1977","OW","The Tax Burden on Tobacco","Cigarette Sales","Average Cost per pack","0,55","$","Dollars","    (45.254228894001, -68.985031336)","Table 13- Orzechowski and Walker, Tax Burden on Tobacco","POL","450POL","450CGS","455CGS","1"
"ME","Maine","1977","OW","The Tax Burden on Tobacco","Cigarette Sales","Cigarette Consumption (Pack Sales Per Capita)","145,6",,"Pack","    (45.254228894001, -68.985031336)","Table 11- Orzechowski and Walker, Tax Burden on Tobacco","POL","450POL","450CGS","453CGS","2"
"MD","Maryland","1977","OW","The Tax Burden on Tobacco","Cigarette Sales","Average Cost per pack","0,521","$","Dollars","    (39.290580964, -76.609260111)","Table 13- Orzechowski and Walker, Tax Burden on Tobacco","POL","450POL","450CGS","455CGS","1"
"MD","Maryland","1977","OW","The Tax Burden on Tobacco","Cigarette Sales","Cigarette Consumption (Pack Sales Per Capita)","135,7",,"Pack","    (39.290580964, -76.609260111)","Table 11- Orzechowski and Walker, Tax Burden on Tobacco","POL","450POL","450CGS","453CGS","2"
"MA","Massachusetts","1977","OW","The Tax Burden on Tobacco","Cigarette Sales","Average Cost per pack","0,618","$","Dollars","    (42.27687047, -72.082690675)","Table 13- Orzechowski and Walker, Tax Burden on Tobacco","POL","450POL","450CGS","455CGS","1"
"MA","Massachusetts","1977","OW","The Tax Burden on Tobacco","Cigarette Sales","Cigarette Consumption (Pack Sales Per Capita)","118,9",,"Pack","    (42.27687047, -72.082690675)","Table 11- Orzechowski and Walker, Tax Burden on Tobacco","POL","450POL","450CGS","453CGS","2"
"MI","Michigan","1977","OW","The Tax Burden on Tobacco","Cigarette Sales","Cigarette Consumption (Pack Sales Per Capita)","140,3",,"Pack","    (44.661319543001, -84.71439027)","Table 11- Orzechowski and Walker, Tax Burden on Tobacco","POL","450POL","450CGS","453CGS","2"
"MI","Michigan","1977","OW","The Tax Burden on Tobacco","Cigarette Sales","Average Cost per pack","0,54","$","Dollars","    (44.661319543001, -84.71439027)","Table 13- Orzechowski and Walker, Tax Burden on Tobacco","POL","450POL","450CGS","455CGS","1"
"MN","Minnesota","1977","OW","The Tax Burden on Tobacco","Cigarette Sales","Average Cost per pack","0,579","$","Dollars","    (46.355648736, -94.794200503)","Table 13- Orzechowski and Walker, Tax Burden on Tobacco","POL","450POL","450CGS","455CGS","1"
"MN","Minnesota","1977","OW","The Tax Burden on Tobacco","Cigarette Sales","Cigarette Consumption (Pack Sales Per Capita)","117,2",,"Pack","    (46.355648736, -94.794200503)","Table 11- Orzechowski and Walker, Tax Burden on Tobacco","POL","450POL","450CGS","453CGS","2"
"MS","Mississippi","1977","OW","The Tax Burden on Tobacco","Cigarette Sales","Average Cost per pack","0,536","$","Dollars","    (32.745510099, -89.538030825)","Table 13- Orzechowski and Walker, Tax Burden on Tobacco","POL","450POL","450CGS","455CGS","1"
"MS","Mississippi","1977","OW","The Tax Burden on Tobacco","Cigarette Sales","Cigarette Consumption (Pack Sales Per Capita)","122,1",,"Pack","    (32.745510099, -89.538030825)","Table 11- Orzechowski and Walker, Tax Burden on Tobacco","POL","450POL","450CGS","453CGS","2"
"MO","Missouri","1977","OW","The Tax Burden on Tobacco","Cigarette Sales","Cigarette Consumption (Pack Sales Per Capita)","140,8",,"Pack","    (38.635790776, -92.566300053)","Table 11- Orzechowski and Walker, Tax Burden on Tobacco","POL","450POL","450CGS","453CGS","2"
"MO","Missouri","1977","OW","The Tax Burden on Tobacco","Cigarette Sales","Average Cost per pack","0,499","$","Dollars","    (38.635790776, -92.566300053)","Table 13- Orzechowski and Walker, Tax Burden on Tobacco","POL","450POL","450CGS","455CGS","1"
"MT","Montana","1977","OW","The Tax Burden on Tobacco","Cigarette Sales","Cigarette Consumption (Pack Sales Per Capita)","127",,"Pack","    (47.066528972, -109.424420645)","Table 11- Orzechowski and Walker, Tax Burden on Tobacco","POL","450POL","450CGS","453CGS","2"
"MT","Montana","1977","OW","The Tax Burden on Tobacco","Cigarette Sales","Average Cost per pack","0,519","$","Dollars","    (47.066528972, -109.424420645)","Table 13- Orzechowski and Walker, Tax Burden on Tobacco","POL","450POL","450CGS","455CGS","1"
"NE","Nebraska","1977","OW","The Tax Burden on Tobacco","Cigarette Sales","Average Cost per pack","0,536","$","Dollars","    (41.641040988001, -99.365720623)","Table 13- Orzechowski and Walker, Tax Burden on Tobacco","POL","450POL","450CGS","455CGS","1"
"NE","Nebraska","1977","OW","The Tax Burden on Tobacco","Cigarette Sales","Cigarette Consumption (Pack Sales Per Capita)","117,7",,"Pack","    (41.641040988001, -99.365720623)","Table 11- Orzechowski and Walker, Tax Burden on Tobacco","POL","450POL","450CGS","453CGS","2"
"NV","Nevada","1977","OW","The Tax Burden on Tobacco","Cigarette Sales","Average Cost per pack","0,543","$","Dollars","    (39.49324039, -117.071840564)","Table 13- Orzechowski and Walker, Tax Burden on Tobacco","POL","450POL","450CGS","455CGS","1"
"NV","Nevada","1977","OW","The Tax Burden on Tobacco","Cigarette Sales","Cigarette Consumption (Pack Sales Per Capita)","190,8",,"Pack","    (39.49324039, -117.071840564)","Table 11- Orzechowski and Walker, Tax Burden on Tobacco","POL","450POL","450CGS","453CGS","2"
"NH","New Hampshire","1977","OW","The Tax Burden on Tobacco","Cigarette Sales","Cigarette Consumption (Pack Sales Per Capita)","278,8",,"Pack","    (43.655950113, -71.50036092)","Table 11- Orzechowski and Walker, Tax Burden on Tobacco","POL","450POL","450CGS","453CGS","2"
"NH","New Hampshire","1977","OW","The Tax Burden on Tobacco","Cigarette Sales","Average Cost per pack","0,497","$","Dollars","    (43.655950113, -71.50036092)","Table 13- Orzechowski and Walker, Tax Burden on Tobacco","POL","450POL","450CGS","455CGS","1"
"NJ","New Jersey","1977","OW","The Tax Burden on Tobacco","Cigarette Sales","Cigarette Consumption (Pack Sales Per Capita)","122,8",,"Pack","    (40.130570048, -74.273691288)","Table 11- Orzechowski and Walker, Tax Burden on Tobacco","POL","450POL","450CGS","453CGS","2"
"NJ","New Jersey","1977","OW","The Tax Burden on Tobacco","Cigarette Sales","Average Cost per pack","0,619","$","Dollars","    (40.130570048, -74.273691288)","Table 13- Orzechowski and Walker, Tax Burden on Tobacco","POL","450POL","450CGS","455CGS","1"
"NM","New Mexico","1977","OW","The Tax Burden on Tobacco","Cigarette Sales","Average Cost per pack","0,56","$","Dollars","    (34.520880952, -106.240580985)","Table 13- Orzechowski and Walker, Tax Burden on Tobacco","POL","450POL","450CGS","455CGS","1"
"NM","New Mexico","1977","OW","The Tax Burden on Tobacco","Cigarette Sales","Cigarette Consumption (Pack Sales Per Capita)","102,4",,"Pack","    (34.520880952, -106.240580985)","Table 11- Orzechowski and Walker, Tax Burden on Tobacco","POL","450POL","450CGS","453CGS","2"
"NY","New York","1977","OW","The Tax Burden on Tobacco","Cigarette Sales","Average Cost per pack","0,595","$","Dollars","    (42.827001032, -75.543970427)","Table 13- Orzechowski and Walker, Tax Burden on Tobacco","POL","450POL","450CGS","455CGS","1"
"NY","New York","1977","OW","The Tax Burden on Tobacco","Cigarette Sales","Cigarette Consumption (Pack Sales Per Capita)","125,5",,"Pack","    (42.827001032, -75.543970427)","Table 11- Orzechowski and Walker, Tax Burden on Tobacco","POL","450POL","450CGS","453CGS","2"
"NC","North Carolina","1977","OW","The Tax Burden on Tobacco","Cigarette Sales","Cigarette Consumption (Pack Sales Per Capita)","217",,"Pack","    (35.466220975, -79.159250463)","Table 11- Orzechowski and Walker, Tax Burden on Tobacco","POL","450POL","450CGS","453CGS","2"
"NC","North Carolina","1977","OW","The Tax Burden on Tobacco","Cigarette Sales","Average Cost per pack","0,418","$","Dollars","    (35.466220975, -79.159250463)","Table 13- Orzechowski and Walker, Tax Burden on Tobacco","POL","450POL","450CGS","455CGS","1"
"ND","North Dakota","1977","OW","The Tax Burden on Tobacco","Cigarette Sales","Average Cost per pack","0,532","$","Dollars","    (47.475319779, -100.118421049)","Table 13- Orzechowski and Walker, Tax Burden on Tobacco","POL","450POL","450CGS","455CGS","1"
"ND","North Dakota","1977","OW","The Tax Burden on Tobacco","Cigarette Sales","Cigarette Consumption (Pack Sales Per Capita)","122,2",,"Pack","    (47.475319779, -100.118421049)","Table 11- Orzechowski and Walker, Tax Burden on Tobacco","POL","450POL","450CGS","453CGS","2"
"OH","Ohio","1977","OW","The Tax Burden on Tobacco","Cigarette Sales","Average Cost per pack","0,539","$","Dollars","    (40.060210141, -82.404260056)","Table 13- Orzechowski and Walker, Tax Burden on Tobacco","POL","450POL","450CGS","455CGS","1"
"OH","Ohio","1977","OW","The Tax Burden on Tobacco","Cigarette Sales","Cigarette Consumption (Pack Sales Per Capita)","127,3",,"Pack","    (40.060210141, -82.404260056)","Table 11- Orzechowski and Walker, Tax Burden on Tobacco","POL","450POL","450CGS","453CGS","2"
"OK","Oklahoma","1977","OW","The Tax Burden on Tobacco","Cigarette Sales","Cigarette Consumption (Pack Sales Per Capita)","140,4",,"Pack","    (35.472031356, -97.521070214)","Table 11- Orzechowski and Walker, Tax Burden on Tobacco","POL","450POL","450CGS","453CGS","2"
"OK","Oklahoma","1977","OW","The Tax Burden on Tobacco","Cigarette Sales","Average Cost per pack","0,531","$","Dollars","    (35.472031356, -97.521070214)","Table 13- Orzechowski and Walker, Tax Burden on Tobacco","POL","450POL","450CGS","455CGS","1"
"OR","Oregon","1977","OW","The Tax Burden on Tobacco","Cigarette Sales","Average Cost per pack","0,507","$","Dollars","    (44.567449424, -120.155031326)","Table 13- Orzechowski and Walker, Tax Burden on Tobacco","POL","450POL","450CGS","455CGS","1"
"OR","Oregon","1977","OW","The Tax Burden on Tobacco","Cigarette Sales","Cigarette Consumption (Pack Sales Per Capita)","155,6",,"Pack","    (44.567449424, -120.155031326)","Table 11- Orzechowski and Walker, Tax Burden on Tobacco","POL","450POL","450CGS","453CGS","2"
"PA","Pennsylvania","1977","OW","The Tax Burden on Tobacco","Cigarette Sales","Average Cost per pack","0,574","$","Dollars","    (40.793730152, -77.860700294)","Table 13- Orzechowski and Walker, Tax Burden on Tobacco","POL","450POL","450CGS","455CGS","1"
"PA","Pennsylvania","1977","OW","The Tax Burden on Tobacco","Cigarette Sales","Cigarette Consumption (Pack Sales Per Capita)","120,1",,"Pack","    (40.793730152, -77.860700294)","Table 11- Orzechowski and Walker, Tax Burden on Tobacco","POL","450POL","450CGS","453CGS","2"
"RI","Rhode Island","1977","OW","The Tax Burden on Tobacco","Cigarette Sales","Cigarette Consumption (Pack Sales Per Capita)","148,8",,"Pack","    (41.708280193, -71.522470314)","Table 11- Orzechowski and Walker, Tax Burden on Tobacco","POL","450POL","450CGS","453CGS","2"
"RI","Rhode Island","1977","OW","The Tax Burden on Tobacco","Cigarette Sales","Average Cost per pack","0,563","$","Dollars","    (41.708280193, -71.522470314)","Table 13- Orzechowski and Walker, Tax Burden on Tobacco","POL","450POL","450CGS","455CGS","1"
"SC","South Carolina","1977","OW","The Tax Burden on Tobacco","Cigarette Sales","Cigarette Consumption (Pack Sales Per Capita)","137,2",,"Pack","    (33.998821303, -81.045371207)","Table 11- Orzechowski and Walker, Tax Burden on Tobacco","POL","450POL","450CGS","453CGS","2"
"SC","South Carolina","1977","OW","The Tax Burden on Tobacco","Cigarette Sales","Average Cost per pack","0,492","$","Dollars","    (33.998821303, -81.045371207)","Table 13- Orzechowski and Walker, Tax Burden on Tobacco","POL","450POL","450CGS","455CGS","1"
"SD","South Dakota","1977","OW","The Tax Burden on Tobacco","Cigarette Sales","Cigarette Consumption (Pack Sales Per Capita)","115,6",,"Pack","    (44.353130053, -100.373530637)","Table 11- Orzechowski and Walker, Tax Burden on Tobacco","POL","450POL","450CGS","453CGS","2"
"SD","South Dakota","1977","OW","The Tax Burden on Tobacco","Cigarette Sales","Average Cost per pack","0,532","$","Dollars","    (44.353130053, -100.373530637)","Table 13- Orzechowski and Walker, Tax Burden on Tobacco","POL","450POL","450CGS","455CGS","1"
"TN","Tennessee","1977","OW","The Tax Burden on Tobacco","Cigarette Sales","Cigarette Consumption (Pack Sales Per Capita)","124,6",,"Pack","    (35.68094058, -85.774490914)","Table 11- Orzechowski and Walker, Tax Burden on Tobacco","POL","450POL","450CGS","453CGS","2"
"TN","Tennessee","1977","OW","The Tax Burden on Tobacco","Cigarette Sales","Average Cost per pack","0,548","$","Dollars","    (35.68094058, -85.774490914)","Table 13- Orzechowski and Walker, Tax Burden on Tobacco","POL","450POL","450CGS","455CGS","1"
"TX","Texas","1977","OW","The Tax Burden on Tobacco","Cigarette Sales","Cigarette Consumption (Pack Sales Per Capita)","124,2",,"Pack","    (31.827240407, -99.426770206)","Table 11- Orzechowski and Walker, Tax Burden on Tobacco","POL","450POL","450CGS","453CGS","2"
"TX","Texas","1977","OW","The Tax Burden on Tobacco","Cigarette Sales","Average Cost per pack","0,591","$","Dollars","    (31.827240407, -99.426770206)","Table 13- Orzechowski and Walker, Tax Burden on Tobacco","POL","450POL","450CGS","455CGS","1"
"UT","Utah","1977","OW","The Tax Burden on Tobacco","Cigarette Sales","Cigarette Consumption (Pack Sales Per Capita)","78,9",,"Pack","    (39.360700171, -111.587130635)","Table 11- Orzechowski and Walker, Tax Burden on Tobacco","POL","450POL","450CGS","453CGS","2"
"UT","Utah","1977","OW","The Tax Burden on Tobacco","Cigarette Sales","Average Cost per pack","0,495","$","Dollars","    (39.360700171, -111.587130635)","Table 13- Orzechowski and Walker, Tax Burden on Tobacco","POL","450POL","450CGS","455CGS","1"
"VT","Vermont","1977","OW","The Tax Burden on Tobacco","Cigarette Sales","Cigarette Consumption (Pack Sales Per Capita)","169,4",,"Pack","    (43.625381239, -72.517640791)","Table 11- Orzechowski and Walker, Tax Burden on Tobacco","POL","450POL","450CGS","453CGS","2"
"VT","Vermont","1977","OW","The Tax Burden on Tobacco","Cigarette Sales","Average Cost per pack","0,525","$","Dollars","    (43.625381239, -72.517640791)","Table 13- Orzechowski and Walker, Tax Burden on Tobacco","POL","450POL","450CGS","455CGS","1"
"VA","Virginia","1977","OW","The Tax Burden on Tobacco","Cigarette Sales","Average Cost per pack","0,428","$","Dollars","    (37.542680674, -78.457890463)","Table 13- Orzechowski and Walker, Tax Burden on Tobacco","POL","450POL","450CGS","455CGS","1"
"VA","Virginia","1977","OW","The Tax Burden on Tobacco","Cigarette Sales","Cigarette Consumption (Pack Sales Per Capita)","157,7",,"Pack","    (37.542680674, -78.457890463)","Table 11- Orzechowski and Walker, Tax Burden on Tobacco","POL","450POL","450CGS","453CGS","2"
"WA","Washington","1977","OW","The Tax Burden on Tobacco","Cigarette Sales","Average Cost per pack","0,586","$","Dollars","    (47.522278629, -120.47001079)","Table 13- Orzechowski and Walker, Tax Burden on Tobacco","POL","450POL","450CGS","455CGS","1"
"WA","Washington","1977","OW","The Tax Burden on Tobacco","Cigarette Sales","Cigarette Consumption (Pack Sales Per Capita)","99,3",,"Pack","    (47.522278629, -120.47001079)","Table 11- Orzechowski and Walker, Tax Burden on Tobacco","POL","450POL","450CGS","453CGS","2"
"WV","West Virginia","1977","OW","The Tax Burden on Tobacco","Cigarette Sales","Average Cost per pack","0,539","$","Dollars","    (38.665510202, -80.712640135)","Table 13- Orzechowski and Walker, Tax Burden on Tobacco","POL","450POL","450CGS","455CGS","1"
"WV","West Virginia","1977","OW","The Tax Burden on Tobacco","Cigarette Sales","Cigarette Consumption (Pack Sales Per Capita)","133,9",,"Pack","    (38.665510202, -80.712640135)","Table 11- Orzechowski and Walker, Tax Burden on Tobacco","POL","450POL","450CGS","453CGS","2"
"WI","Wisconsin","1977","OW","The Tax Burden on Tobacco","Cigarette Sales","Cigarette Consumption (Pack Sales Per Capita)","117,2",,"Pack","    (44.393191174, -89.816370742)","Table 11- Orzechowski and Walker, Tax Burden on Tobacco","POL","450POL","450CGS","453CGS","2"
"WI","Wisconsin","1977","OW","The Tax Burden on Tobacco","Cigarette Sales","Average Cost per pack","0,571","$","Dollars","    (44.393191174, -89.816370742)","Table 13- Orzechowski and Walker, Tax Burden on Tobacco","POL","450POL","450CGS","455CGS","1"
"WY","Wyoming","1977","OW","The Tax Burden on Tobacco","Cigarette Sales","Cigarette Consumption (Pack Sales Per Capita)","160,4",,"Pack","    (43.235541343, -108.109830353)","Table 11- Orzechowski and Walker, Tax Burden on Tobacco","POL","450POL","450CGS","453CGS","2"
"WY","Wyoming","1977","OW","The Tax Burden on Tobacco","Cigarette Sales","Average Cost per pack","0,498","$","Dollars","    (43.235541343, -108.109830353)","Table 13- Orzechowski and Walker, Tax Burden on Tobacco","POL","450POL","450CGS","455CGS","1"
"AL","Alabama","1976","OW","The Tax Burden on Tobacco","Cigarette Sales","Average Cost per pack","0,501","$","Dollars","    (32.840571122, -86.631860762)","Table 13- Orzechowski and Walker, Tax Burden on Tobacco","POL","450POL","450CGS","455CGS","1"
"AL","Alabama","1976","OW","The Tax Burden on Tobacco","Cigarette Sales","Cigarette Consumption (Pack Sales Per Capita)","116,2",,"Pack","    (32.840571122, -86.631860762)","Table 11- Orzechowski and Walker, Tax Burden on Tobacco","POL","450POL","450CGS","453CGS","2"
"AK","Alaska","1976","OW","The Tax Burden on Tobacco","Cigarette Sales","Cigarette Consumption (Pack Sales Per Capita)","164,8",,"Pack","    (64.845079957001, -147.722059036)","Table 11- Orzechowski and Walker, Tax Burden on Tobacco","POL","450POL","450CGS","453CGS","2"
"AK","Alaska","1976","OW","The Tax Burden on Tobacco","Cigarette Sales","Average Cost per pack","0,515","$","Dollars","    (64.845079957001, -147.722059036)","Table 13- Orzechowski and Walker, Tax Burden on Tobacco","POL","450POL","450CGS","455CGS","1"
"AZ","Arizona","1976","OW","The Tax Burden on Tobacco","Cigarette Sales","Cigarette Consumption (Pack Sales Per Capita)","122,3",,"Pack","    (34.86597028, -111.763811277)","Table 11- Orzechowski and Walker, Tax Burden on Tobacco","POL","450POL","450CGS","453CGS","2"
"AZ","Arizona","1976","OW","The Tax Burden on Tobacco","Cigarette Sales","Average Cost per pack","0,487","$","Dollars","    (34.86597028, -111.763811277)","Table 13- Orzechowski and Walker, Tax Burden on Tobacco","POL","450POL","450CGS","455CGS","1"
"AR","Arkansas","1976","OW","The Tax Burden on Tobacco","Cigarette Sales","Cigarette Consumption (Pack Sales Per Capita)","119,1",,"Pack","    (34.748650124, -92.274490743)","Table 11- Orzechowski and Walker, Tax Burden on Tobacco","POL","450POL","450CGS","453CGS","2"
"AR","Arkansas","1976","OW","The Tax Burden on Tobacco","Cigarette Sales","Average Cost per pack","0,526","$","Dollars","    (34.748650124, -92.274490743)","Table 13- Orzechowski and Walker, Tax Burden on Tobacco","POL","450POL","450CGS","455CGS","1"
"CA","California","1976","OW","The Tax Burden on Tobacco","Cigarette Sales","Cigarette Consumption (Pack Sales Per Capita)","128",,"Pack","    (37.638640123, -120.999999538)","Table 11- Orzechowski and Walker, Tax Burden on Tobacco","POL","450POL","450CGS","453CGS","2"
"CA","California","1976","OW","The Tax Burden on Tobacco","Cigarette Sales","Average Cost per pack","0,49","$","Dollars","    (37.638640123, -120.999999538)","Table 13- Orzechowski and Walker, Tax Burden on Tobacco","POL","450POL","450CGS","455CGS","1"
"CO","Colorado","1976","OW","The Tax Burden on Tobacco","Cigarette Sales","Average Cost per pack","0,447","$","Dollars","    (38.843840757, -106.133610921)","Table 13- Orzechowski and Walker, Tax Burden on Tobacco","POL","450POL","450CGS","455CGS","1"
"CO","Colorado","1976","OW","The Tax Burden on Tobacco","Cigarette Sales","Cigarette Consumption (Pack Sales Per Capita)","134,2",,"Pack","    (38.843840757, -106.133610921)","Table 11- Orzechowski and Walker, Tax Burden on Tobacco","POL","450POL","450CGS","453CGS","2"
"CT","Connecticut","1976","OW","The Tax Burden on Tobacco","Cigarette Sales","Cigarette Consumption (Pack Sales Per Capita)","113,4",,"Pack","    (41.56266102, -72.649840952)","Table 11- Orzechowski and Walker, Tax Burden on Tobacco","POL","450POL","450CGS","453CGS","2"
"CT","Connecticut","1976","OW","The Tax Burden on Tobacco","Cigarette Sales","Average Cost per pack","0,584","$","Dollars","    (41.56266102, -72.649840952)","Table 13- Orzechowski and Walker, Tax Burden on Tobacco","POL","450POL","450CGS","455CGS","1"
"DE","Delaware","1976","OW","The Tax Burden on Tobacco","Cigarette Sales","Average Cost per pack","0,517","$","Dollars","    (39.008830667, -75.577741168)","Table 13- Orzechowski and Walker, Tax Burden on Tobacco","POL","450POL","450CGS","455CGS","1"
"DE","Delaware","1976","OW","The Tax Burden on Tobacco","Cigarette Sales","Cigarette Consumption (Pack Sales Per Capita)","153",,"Pack","    (39.008830667, -75.577741168)","Table 11- Orzechowski and Walker, Tax Burden on Tobacco","POL","450POL","450CGS","453CGS","2"
"DC","District of Columbia","1976","OW","The Tax Burden on Tobacco","Cigarette Sales","Average Cost per pack","0,519","$","Dollars","    (38.890371385, -77.031961127)","Table 13- Orzechowski and Walker, Tax Burden on Tobacco","POL","450POL","450CGS","455CGS","1"
"DC","District of Columbia","1976","OW","The Tax Burden on Tobacco","Cigarette Sales","Cigarette Consumption (Pack Sales Per Capita)","167,7",,"Pack","    (38.890371385, -77.031961127)","Table 11- Orzechowski and Walker, Tax Burden on Tobacco","POL","450POL","450CGS","453CGS","2"
"FL","Florida","1976","OW","The Tax Burden on Tobacco","Cigarette Sales","Average Cost per pack","0,559","$","Dollars","    (28.932040377, -81.928960539)","Table 13- Orzechowski and Walker, Tax Burden on Tobacco","POL","450POL","450CGS","455CGS","1"
"FL","Florida","1976","OW","The Tax Burden on Tobacco","Cigarette Sales","Cigarette Consumption (Pack Sales Per Capita)","130,3",,"Pack","    (28.932040377, -81.928960539)","Table 11- Orzechowski and Walker, Tax Burden on Tobacco","POL","450POL","450CGS","453CGS","2"
"GA","Georgia","1976","OW","The Tax Burden on Tobacco","Cigarette Sales","Average Cost per pack","0,495","$","Dollars","    (32.839681093, -83.627580346)","Table 13- Orzechowski and Walker, Tax Burden on Tobacco","POL","450POL","450CGS","455CGS","1"
"GA","Georgia","1976","OW","The Tax Burden on Tobacco","Cigarette Sales","Cigarette Consumption (Pack Sales Per Capita)","125,9",,"Pack","    (32.839681093, -83.627580346)","Table 11- Orzechowski and Walker, Tax Burden on Tobacco","POL","450POL","450CGS","453CGS","2"
"HI","Hawaii","1976","OW","The Tax Burden on Tobacco","Cigarette Sales","Average Cost per pack","0,494","$","Dollars","    (21.304850435, -157.857749403)","Table 13- Orzechowski and Walker, Tax Burden on Tobacco","POL","450POL","450CGS","455CGS","1"
"HI","Hawaii","1976","OW","The Tax Burden on Tobacco","Cigarette Sales","Cigarette Consumption (Pack Sales Per Capita)","99,4",,"Pack","    (21.304850435, -157.857749403)","Table 11- Orzechowski and Walker, Tax Burden on Tobacco","POL","450POL","450CGS","453CGS","2"
"ID","Idaho","1976","OW","The Tax Burden on Tobacco","Cigarette Sales","Cigarette Consumption (Pack Sales Per Capita)","125,1",,"Pack","    (43.682630005, -114.363730042)","Table 11- Orzechowski and Walker, Tax Burden on Tobacco","POL","450POL","450CGS","453CGS","2"
"ID","Idaho","1976","OW","The Tax Burden on Tobacco","Cigarette Sales","Average Cost per pack","0,456","$","Dollars","    (43.682630005, -114.363730042)","Table 13- Orzechowski and Walker, Tax Burden on Tobacco","POL","450POL","450CGS","455CGS","1"
"IL","Illinois","1976","OW","The Tax Burden on Tobacco","Cigarette Sales","Average Cost per pack","0,494","$","Dollars","    (40.485010283, -88.997710178)","Table 13- Orzechowski and Walker, Tax Burden on Tobacco","POL","450POL","450CGS","455CGS","1"
"IL","Illinois","1976","OW","The Tax Burden on Tobacco","Cigarette Sales","Cigarette Consumption (Pack Sales Per Capita)","134,4",,"Pack","    (40.485010283, -88.997710178)","Table 11- Orzechowski and Walker, Tax Burden on Tobacco","POL","450POL","450CGS","453CGS","2"
"IN","Indiana","1976","OW","The Tax Burden on Tobacco","Cigarette Sales","Cigarette Consumption (Pack Sales Per Capita)","166,6",,"Pack","    (39.766910452, -86.149960194)","Table 11- Orzechowski and Walker, Tax Burden on Tobacco","POL","450POL","450CGS","453CGS","2"
"IN","Indiana","1976","OW","The Tax Burden on Tobacco","Cigarette Sales","Average Cost per pack","0,406","$","Dollars","    (39.766910452, -86.149960194)","Table 13- Orzechowski and Walker, Tax Burden on Tobacco","POL","450POL","450CGS","455CGS","1"
"IA","Iowa","1976","OW","The Tax Burden on Tobacco","Cigarette Sales","Cigarette Consumption (Pack Sales Per Capita)","124,4",,"Pack","    (42.469400913, -93.816490556)","Table 11- Orzechowski and Walker, Tax Burden on Tobacco","POL","450POL","450CGS","453CGS","2"
"IA","Iowa","1976","OW","The Tax Burden on Tobacco","Cigarette Sales","Average Cost per pack","0,494","$","Dollars","    (42.469400913, -93.816490556)","Table 13- Orzechowski and Walker, Tax Burden on Tobacco","POL","450POL","450CGS","455CGS","1"
"KS","Kansas","1976","OW","The Tax Burden on Tobacco","Cigarette Sales","Cigarette Consumption (Pack Sales Per Capita)","127,7",,"Pack","    (38.3477403, -98.200781227)","Table 11- Orzechowski and Walker, Tax Burden on Tobacco","POL","450POL","450CGS","453CGS","2"
"KS","Kansas","1976","OW","The Tax Burden on Tobacco","Cigarette Sales","Average Cost per pack","0,481","$","Dollars","    (38.3477403, -98.200781227)","Table 13- Orzechowski and Walker, Tax Burden on Tobacco","POL","450POL","450CGS","455CGS","1"
"KY","Kentucky","1976","OW","The Tax Burden on Tobacco","Cigarette Sales","Average Cost per pack","0,369","$","Dollars","    (37.645970271, -84.774971048)","Table 13- Orzechowski and Walker, Tax Burden on Tobacco","POL","450POL","450CGS","455CGS","1"
"KY","Kentucky","1976","OW","The Tax Burden on Tobacco","Cigarette Sales","Cigarette Consumption (Pack Sales Per Capita)","230,9",,"Pack","    (37.645970271, -84.774971048)","Table 11- Orzechowski and Walker, Tax Burden on Tobacco","POL","450POL","450CGS","453CGS","2"
"LA","Louisiana","1976","OW","The Tax Burden on Tobacco","Cigarette Sales","Cigarette Consumption (Pack Sales Per Capita)","139,6",,"Pack","    (31.312660644, -92.445680071)","Table 11- Orzechowski and Walker, Tax Burden on Tobacco","POL","450POL","450CGS","453CGS","2"
"LA","Louisiana","1976","OW","The Tax Burden on Tobacco","Cigarette Sales","Average Cost per pack","0,489","$","Dollars","    (31.312660644, -92.445680071)","Table 13- Orzechowski and Walker, Tax Burden on Tobacco","POL","450POL","450CGS","455CGS","1"
"ME","Maine","1976","OW","The Tax Burden on Tobacco","Cigarette Sales","Average Cost per pack","0,509","$","Dollars","    (45.254228894001, -68.985031336)","Table 13- Orzechowski and Walker, Tax Burden on Tobacco","POL","450POL","450CGS","455CGS","1"
"ME","Maine","1976","OW","The Tax Burden on Tobacco","Cigarette Sales","Cigarette Consumption (Pack Sales Per Capita)","144,9",,"Pack","    (45.254228894001, -68.985031336)","Table 11- Orzechowski and Walker, Tax Burden on Tobacco","POL","450POL","450CGS","453CGS","2"
"MD","Maryland","1976","OW","The Tax Burden on Tobacco","Cigarette Sales","Cigarette Consumption (Pack Sales Per Capita)","137,1",,"Pack","    (39.290580964, -76.609260111)","Table 11- Orzechowski and Walker, Tax Burden on Tobacco","POL","450POL","450CGS","453CGS","2"
"MD","Maryland","1976","OW","The Tax Burden on Tobacco","Cigarette Sales","Average Cost per pack","0,492","$","Dollars","    (39.290580964, -76.609260111)","Table 13- Orzechowski and Walker, Tax Burden on Tobacco","POL","450POL","450CGS","455CGS","1"
"MA","Massachusetts","1976","OW","The Tax Burden on Tobacco","Cigarette Sales","Cigarette Consumption (Pack Sales Per Capita)","116,9",,"Pack","    (42.27687047, -72.082690675)","Table 11- Orzechowski and Walker, Tax Burden on Tobacco","POL","450POL","450CGS","453CGS","2"
"MA","Massachusetts","1976","OW","The Tax Burden on Tobacco","Cigarette Sales","Average Cost per pack","0,573","$","Dollars","    (42.27687047, -72.082690675)","Table 13- Orzechowski and Walker, Tax Burden on Tobacco","POL","450POL","450CGS","455CGS","1"
"MI","Michigan","1976","OW","The Tax Burden on Tobacco","Cigarette Sales","Average Cost per pack","0,483","$","Dollars","    (44.661319543001, -84.71439027)","Table 13- Orzechowski and Walker, Tax Burden on Tobacco","POL","450POL","450CGS","455CGS","1"
"MI","Michigan","1976","OW","The Tax Burden on Tobacco","Cigarette Sales","Cigarette Consumption (Pack Sales Per Capita)","138",,"Pack","    (44.661319543001, -84.71439027)","Table 11- Orzechowski and Walker, Tax Burden on Tobacco","POL","450POL","450CGS","453CGS","2"
"MN","Minnesota","1976","OW","The Tax Burden on Tobacco","Cigarette Sales","Average Cost per pack","0,531","$","Dollars","    (46.355648736, -94.794200503)","Table 13- Orzechowski and Walker, Tax Burden on Tobacco","POL","450POL","450CGS","455CGS","1"
"MN","Minnesota","1976","OW","The Tax Burden on Tobacco","Cigarette Sales","Cigarette Consumption (Pack Sales Per Capita)","116,7",,"Pack","    (46.355648736, -94.794200503)","Table 11- Orzechowski and Walker, Tax Burden on Tobacco","POL","450POL","450CGS","453CGS","2"
"MS","Mississippi","1976","OW","The Tax Burden on Tobacco","Cigarette Sales","Cigarette Consumption (Pack Sales Per Capita)","120,9",,"Pack","    (32.745510099, -89.538030825)","Table 11- Orzechowski and Walker, Tax Burden on Tobacco","POL","450POL","450CGS","453CGS","2"
"MS","Mississippi","1976","OW","The Tax Burden on Tobacco","Cigarette Sales","Average Cost per pack","0,488","$","Dollars","    (32.745510099, -89.538030825)","Table 13- Orzechowski and Walker, Tax Burden on Tobacco","POL","450POL","450CGS","455CGS","1"
"MO","Missouri","1976","OW","The Tax Burden on Tobacco","Cigarette Sales","Average Cost per pack","0,459","$","Dollars","    (38.635790776, -92.566300053)","Table 13- Orzechowski and Walker, Tax Burden on Tobacco","POL","450POL","450CGS","455CGS","1"
"MO","Missouri","1976","OW","The Tax Burden on Tobacco","Cigarette Sales","Cigarette Consumption (Pack Sales Per Capita)","139,5",,"Pack","    (38.635790776, -92.566300053)","Table 11- Orzechowski and Walker, Tax Burden on Tobacco","POL","450POL","450CGS","453CGS","2"
"MT","Montana","1976","OW","The Tax Burden on Tobacco","Cigarette Sales","Average Cost per pack","0,476","$","Dollars","    (47.066528972, -109.424420645)","Table 13- Orzechowski and Walker, Tax Burden on Tobacco","POL","450POL","450CGS","455CGS","1"
"MT","Montana","1976","OW","The Tax Burden on Tobacco","Cigarette Sales","Cigarette Consumption (Pack Sales Per Capita)","124,9",,"Pack","    (47.066528972, -109.424420645)","Table 11- Orzechowski and Walker, Tax Burden on Tobacco","POL","450POL","450CGS","453CGS","2"
"NE","Nebraska","1976","OW","The Tax Burden on Tobacco","Cigarette Sales","Average Cost per pack","0,481","$","Dollars","    (41.641040988001, -99.365720623)","Table 13- Orzechowski and Walker, Tax Burden on Tobacco","POL","450POL","450CGS","455CGS","1"
"NE","Nebraska","1976","OW","The Tax Burden on Tobacco","Cigarette Sales","Cigarette Consumption (Pack Sales Per Capita)","118,1",,"Pack","    (41.641040988001, -99.365720623)","Table 11- Orzechowski and Walker, Tax Burden on Tobacco","POL","450POL","450CGS","453CGS","2"
"NV","Nevada","1976","OW","The Tax Burden on Tobacco","Cigarette Sales","Average Cost per pack","0,493","$","Dollars","    (39.49324039, -117.071840564)","Table 13- Orzechowski and Walker, Tax Burden on Tobacco","POL","450POL","450CGS","455CGS","1"
"NV","Nevada","1976","OW","The Tax Burden on Tobacco","Cigarette Sales","Cigarette Consumption (Pack Sales Per Capita)","201,4",,"Pack","    (39.49324039, -117.071840564)","Table 11- Orzechowski and Walker, Tax Burden on Tobacco","POL","450POL","450CGS","453CGS","2"
"NH","New Hampshire","1976","OW","The Tax Burden on Tobacco","Cigarette Sales","Cigarette Consumption (Pack Sales Per Capita)","290,5",,"Pack","    (43.655950113, -71.50036092)","Table 11- Orzechowski and Walker, Tax Burden on Tobacco","POL","450POL","450CGS","453CGS","2"
"NH","New Hampshire","1976","OW","The Tax Burden on Tobacco","Cigarette Sales","Average Cost per pack","0,45","$","Dollars","    (43.655950113, -71.50036092)","Table 13- Orzechowski and Walker, Tax Burden on Tobacco","POL","450POL","450CGS","455CGS","1"
"NJ","New Jersey","1976","OW","The Tax Burden on Tobacco","Cigarette Sales","Average Cost per pack","0,569","$","Dollars","    (40.130570048, -74.273691288)","Table 13- Orzechowski and Walker, Tax Burden on Tobacco","POL","450POL","450CGS","455CGS","1"
"NJ","New Jersey","1976","OW","The Tax Burden on Tobacco","Cigarette Sales","Cigarette Consumption (Pack Sales Per Capita)","122,4",,"Pack","    (40.130570048, -74.273691288)","Table 11- Orzechowski and Walker, Tax Burden on Tobacco","POL","450POL","450CGS","453CGS","2"
"NM","New Mexico","1976","OW","The Tax Burden on Tobacco","Cigarette Sales","Average Cost per pack","0,516","$","Dollars","    (34.520880952, -106.240580985)","Table 13- Orzechowski and Walker, Tax Burden on Tobacco","POL","450POL","450CGS","455CGS","1"
"NM","New Mexico","1976","OW","The Tax Burden on Tobacco","Cigarette Sales","Cigarette Consumption (Pack Sales Per Capita)","102,4",,"Pack","    (34.520880952, -106.240580985)","Table 11- Orzechowski and Walker, Tax Burden on Tobacco","POL","450POL","450CGS","453CGS","2"
"NY","New York","1976","OW","The Tax Burden on Tobacco","Cigarette Sales","Cigarette Consumption (Pack Sales Per Capita)","124,6",,"Pack","    (42.827001032, -75.543970427)","Table 11- Orzechowski and Walker, Tax Burden on Tobacco","POL","450POL","450CGS","453CGS","2"
"NY","New York","1976","OW","The Tax Burden on Tobacco","Cigarette Sales","Average Cost per pack","0,538","$","Dollars","    (42.827001032, -75.543970427)","Table 13- Orzechowski and Walker, Tax Burden on Tobacco","POL","450POL","450CGS","455CGS","1"
"NC","North Carolina","1976","OW","The Tax Burden on Tobacco","Cigarette Sales","Average Cost per pack","0,366","$","Dollars","    (35.466220975, -79.159250463)","Table 13- Orzechowski and Walker, Tax Burden on Tobacco","POL","450POL","450CGS","455CGS","1"
"NC","North Carolina","1976","OW","The Tax Burden on Tobacco","Cigarette Sales","Cigarette Consumption (Pack Sales Per Capita)","230,2",,"Pack","    (35.466220975, -79.159250463)","Table 11- Orzechowski and Walker, Tax Burden on Tobacco","POL","450POL","450CGS","453CGS","2"
"ND","North Dakota","1976","OW","The Tax Burden on Tobacco","Cigarette Sales","Cigarette Consumption (Pack Sales Per Capita)","125,4",,"Pack","    (47.475319779, -100.118421049)","Table 11- Orzechowski and Walker, Tax Burden on Tobacco","POL","450POL","450CGS","453CGS","2"
"ND","North Dakota","1976","OW","The Tax Burden on Tobacco","Cigarette Sales","Average Cost per pack","0,474","$","Dollars","    (47.475319779, -100.118421049)","Table 13- Orzechowski and Walker, Tax Burden on Tobacco","POL","450POL","450CGS","455CGS","1"
"OH","Ohio","1976","OW","The Tax Burden on Tobacco","Cigarette Sales","Average Cost per pack","0,498","$","Dollars","    (40.060210141, -82.404260056)","Table 13- Orzechowski and Walker, Tax Burden on Tobacco","POL","450POL","450CGS","455CGS","1"
"OH","Ohio","1976","OW","The Tax Burden on Tobacco","Cigarette Sales","Cigarette Consumption (Pack Sales Per Capita)","124,6",,"Pack","    (40.060210141, -82.404260056)","Table 11- Orzechowski and Walker, Tax Burden on Tobacco","POL","450POL","450CGS","453CGS","2"
"OK","Oklahoma","1976","OW","The Tax Burden on Tobacco","Cigarette Sales","Cigarette Consumption (Pack Sales Per Capita)","138,6",,"Pack","    (35.472031356, -97.521070214)","Table 11- Orzechowski and Walker, Tax Burden on Tobacco","POL","450POL","450CGS","453CGS","2"
"OK","Oklahoma","1976","OW","The Tax Burden on Tobacco","Cigarette Sales","Average Cost per pack","0,479","$","Dollars","    (35.472031356, -97.521070214)","Table 13- Orzechowski and Walker, Tax Burden on Tobacco","POL","450POL","450CGS","455CGS","1"
"OR","Oregon","1976","OW","The Tax Burden on Tobacco","Cigarette Sales","Cigarette Consumption (Pack Sales Per Capita)","156,5",,"Pack","    (44.567449424, -120.155031326)","Table 11- Orzechowski and Walker, Tax Burden on Tobacco","POL","450POL","450CGS","453CGS","2"
"OR","Oregon","1976","OW","The Tax Burden on Tobacco","Cigarette Sales","Average Cost per pack","0,444","$","Dollars","    (44.567449424, -120.155031326)","Table 13- Orzechowski and Walker, Tax Burden on Tobacco","POL","450POL","450CGS","455CGS","1"
"PA","Pennsylvania","1976","OW","The Tax Burden on Tobacco","Cigarette Sales","Cigarette Consumption (Pack Sales Per Capita)","118,8",,"Pack","    (40.793730152, -77.860700294)","Table 11- Orzechowski and Walker, Tax Burden on Tobacco","POL","450POL","450CGS","453CGS","2"
"PA","Pennsylvania","1976","OW","The Tax Burden on Tobacco","Cigarette Sales","Average Cost per pack","0,533","$","Dollars","    (40.793730152, -77.860700294)","Table 13- Orzechowski and Walker, Tax Burden on Tobacco","POL","450POL","450CGS","455CGS","1"
"RI","Rhode Island","1976","OW","The Tax Burden on Tobacco","Cigarette Sales","Average Cost per pack","0,523","$","Dollars","    (41.708280193, -71.522470314)","Table 13- Orzechowski and Walker, Tax Burden on Tobacco","POL","450POL","450CGS","455CGS","1"
"RI","Rhode Island","1976","OW","The Tax Burden on Tobacco","Cigarette Sales","Cigarette Consumption (Pack Sales Per Capita)","150,2",,"Pack","    (41.708280193, -71.522470314)","Table 11- Orzechowski and Walker, Tax Burden on Tobacco","POL","450POL","450CGS","453CGS","2"
"SC","South Carolina","1976","OW","The Tax Burden on Tobacco","Cigarette Sales","Average Cost per pack","0,422","$","Dollars","    (33.998821303, -81.045371207)","Table 13- Orzechowski and Walker, Tax Burden on Tobacco","POL","450POL","450CGS","455CGS","1"
"SC","South Carolina","1976","OW","The Tax Burden on Tobacco","Cigarette Sales","Cigarette Consumption (Pack Sales Per Capita)","136,8",,"Pack","    (33.998821303, -81.045371207)","Table 11- Orzechowski and Walker, Tax Burden on Tobacco","POL","450POL","450CGS","453CGS","2"
"SD","South Dakota","1976","OW","The Tax Burden on Tobacco","Cigarette Sales","Average Cost per pack","0,464","$","Dollars","    (44.353130053, -100.373530637)","Table 13- Orzechowski and Walker, Tax Burden on Tobacco","POL","450POL","450CGS","455CGS","1"
"SD","South Dakota","1976","OW","The Tax Burden on Tobacco","Cigarette Sales","Cigarette Consumption (Pack Sales Per Capita)","116,7",,"Pack","    (44.353130053, -100.373530637)","Table 11- Orzechowski and Walker, Tax Burden on Tobacco","POL","450POL","450CGS","453CGS","2"
"TN","Tennessee","1976","OW","The Tax Burden on Tobacco","Cigarette Sales","Average Cost per pack","0,496","$","Dollars","    (35.68094058, -85.774490914)","Table 13- Orzechowski and Walker, Tax Burden on Tobacco","POL","450POL","450CGS","455CGS","1"
"TN","Tennessee","1976","OW","The Tax Burden on Tobacco","Cigarette Sales","Cigarette Consumption (Pack Sales Per Capita)","121,7",,"Pack","    (35.68094058, -85.774490914)","Table 11- Orzechowski and Walker, Tax Burden on Tobacco","POL","450POL","450CGS","453CGS","2"
"TX","Texas","1976","OW","The Tax Burden on Tobacco","Cigarette Sales","Average Cost per pack","0,533","$","Dollars","    (31.827240407, -99.426770206)","Table 13- Orzechowski and Walker, Tax Burden on Tobacco","POL","450POL","450CGS","455CGS","1"
"TX","Texas","1976","OW","The Tax Burden on Tobacco","Cigarette Sales","Cigarette Consumption (Pack Sales Per Capita)","121,4",,"Pack","    (31.827240407, -99.426770206)","Table 11- Orzechowski and Walker, Tax Burden on Tobacco","POL","450POL","450CGS","453CGS","2"
"UT","Utah","1976","OW","The Tax Burden on Tobacco","Cigarette Sales","Average Cost per pack","0,447","$","Dollars","    (39.360700171, -111.587130635)","Table 13- Orzechowski and Walker, Tax Burden on Tobacco","POL","450POL","450CGS","455CGS","1"
"UT","Utah","1976","OW","The Tax Burden on Tobacco","Cigarette Sales","Cigarette Consumption (Pack Sales Per Capita)","77,9",,"Pack","    (39.360700171, -111.587130635)","Table 11- Orzechowski and Walker, Tax Burden on Tobacco","POL","450POL","450CGS","453CGS","2"
"VT","Vermont","1976","OW","The Tax Burden on Tobacco","Cigarette Sales","Average Cost per pack","0,47","$","Dollars","    (43.625381239, -72.517640791)","Table 13- Orzechowski and Walker, Tax Burden on Tobacco","POL","450POL","450CGS","455CGS","1"
"VT","Vermont","1976","OW","The Tax Burden on Tobacco","Cigarette Sales","Cigarette Consumption (Pack Sales Per Capita)","171,1",,"Pack","    (43.625381239, -72.517640791)","Table 11- Orzechowski and Walker, Tax Burden on Tobacco","POL","450POL","450CGS","453CGS","2"
"VA","Virginia","1976","OW","The Tax Burden on Tobacco","Cigarette Sales","Cigarette Consumption (Pack Sales Per Capita)","158,1",,"Pack","    (37.542680674, -78.457890463)","Table 11- Orzechowski and Walker, Tax Burden on Tobacco","POL","450POL","450CGS","453CGS","2"
"VA","Virginia","1976","OW","The Tax Burden on Tobacco","Cigarette Sales","Average Cost per pack","0,384","$","Dollars","    (37.542680674, -78.457890463)","Table 13- Orzechowski and Walker, Tax Burden on Tobacco","POL","450POL","450CGS","455CGS","1"
"WA","Washington","1976","OW","The Tax Burden on Tobacco","Cigarette Sales","Cigarette Consumption (Pack Sales Per Capita)","100,3",,"Pack","    (47.522278629, -120.47001079)","Table 11- Orzechowski and Walker, Tax Burden on Tobacco","POL","450POL","450CGS","453CGS","2"
"WA","Washington","1976","OW","The Tax Burden on Tobacco","Cigarette Sales","Average Cost per pack","0,537","$","Dollars","    (47.522278629, -120.47001079)","Table 13- Orzechowski and Walker, Tax Burden on Tobacco","POL","450POL","450CGS","455CGS","1"
"WV","West Virginia","1976","OW","The Tax Burden on Tobacco","Cigarette Sales","Cigarette Consumption (Pack Sales Per Capita)","129,7",,"Pack","    (38.665510202, -80.712640135)","Table 11- Orzechowski and Walker, Tax Burden on Tobacco","POL","450POL","450CGS","453CGS","2"
"WV","West Virginia","1976","OW","The Tax Burden on Tobacco","Cigarette Sales","Average Cost per pack","0,489","$","Dollars","    (38.665510202, -80.712640135)","Table 13- Orzechowski and Walker, Tax Burden on Tobacco","POL","450POL","450CGS","455CGS","1"
"WI","Wisconsin","1976","OW","The Tax Burden on Tobacco","Cigarette Sales","Cigarette Consumption (Pack Sales Per Capita)","115,4",,"Pack","    (44.393191174, -89.816370742)","Table 11- Orzechowski and Walker, Tax Burden on Tobacco","POL","450POL","450CGS","453CGS","2"
"WI","Wisconsin","1976","OW","The Tax Burden on Tobacco","Cigarette Sales","Average Cost per pack","0,521","$","Dollars","    (44.393191174, -89.816370742)","Table 13- Orzechowski and Walker, Tax Burden on Tobacco","POL","450POL","450CGS","455CGS","1"
"WY","Wyoming","1976","OW","The Tax Burden on Tobacco","Cigarette Sales","Cigarette Consumption (Pack Sales Per Capita)","161,5",,"Pack","    (43.235541343, -108.109830353)","Table 11- Orzechowski and Walker, Tax Burden on Tobacco","POL","450POL","450CGS","453CGS","2"
"WY","Wyoming","1976","OW","The Tax Burden on Tobacco","Cigarette Sales","Average Cost per pack","0,434","$","Dollars","    (43.235541343, -108.109830353)","Table 13- Orzechowski and Walker, Tax Burden on Tobacco","POL","450POL","450CGS","455CGS","1"
"AL","Alabama","1975","OW","The Tax Burden on Tobacco","Cigarette Sales","Cigarette Consumption (Pack Sales Per Capita)","111,7",,"Pack","    (32.840571122, -86.631860762)","Table 11- Orzechowski and Walker, Tax Burden on Tobacco","POL","450POL","450CGS","453CGS","2"
"AL","Alabama","1975","OW","The Tax Burden on Tobacco","Cigarette Sales","Average Cost per pack","0,504","$","Dollars","    (32.840571122, -86.631860762)","Table 13- Orzechowski and Walker, Tax Burden on Tobacco","POL","450POL","450CGS","455CGS","1"
"AK","Alaska","1975","OW","The Tax Burden on Tobacco","Cigarette Sales","Average Cost per pack","0,483","$","Dollars","    (64.845079957001, -147.722059036)","Table 13- Orzechowski and Walker, Tax Burden on Tobacco","POL","450POL","450CGS","455CGS","1"
"AK","Alaska","1975","OW","The Tax Burden on Tobacco","Cigarette Sales","Cigarette Consumption (Pack Sales Per Capita)","150,4",,"Pack","    (64.845079957001, -147.722059036)","Table 11- Orzechowski and Walker, Tax Burden on Tobacco","POL","450POL","450CGS","453CGS","2"
"AZ","Arizona","1975","OW","The Tax Burden on Tobacco","Cigarette Sales","Average Cost per pack","0,491","$","Dollars","    (34.86597028, -111.763811277)","Table 13- Orzechowski and Walker, Tax Burden on Tobacco","POL","450POL","450CGS","455CGS","1"
"AZ","Arizona","1975","OW","The Tax Burden on Tobacco","Cigarette Sales","Cigarette Consumption (Pack Sales Per Capita)","121,8",,"Pack","    (34.86597028, -111.763811277)","Table 11- Orzechowski and Walker, Tax Burden on Tobacco","POL","450POL","450CGS","453CGS","2"
"AR","Arkansas","1975","OW","The Tax Burden on Tobacco","Cigarette Sales","Cigarette Consumption (Pack Sales Per Capita)","114,8",,"Pack","    (34.748650124, -92.274490743)","Table 11- Orzechowski and Walker, Tax Burden on Tobacco","POL","450POL","450CGS","453CGS","2"
"AR","Arkansas","1975","OW","The Tax Burden on Tobacco","Cigarette Sales","Average Cost per pack","0,509","$","Dollars","    (34.748650124, -92.274490743)","Table 13- Orzechowski and Walker, Tax Burden on Tobacco","POL","450POL","450CGS","455CGS","1"
"CA","California","1975","OW","The Tax Burden on Tobacco","Cigarette Sales","Cigarette Consumption (Pack Sales Per Capita)","127,1",,"Pack","    (37.638640123, -120.999999538)","Table 11- Orzechowski and Walker, Tax Burden on Tobacco","POL","450POL","450CGS","453CGS","2"
"CA","California","1975","OW","The Tax Burden on Tobacco","Cigarette Sales","Average Cost per pack","0,483","$","Dollars","    (37.638640123, -120.999999538)","Table 13- Orzechowski and Walker, Tax Burden on Tobacco","POL","450POL","450CGS","455CGS","1"
"CO","Colorado","1975","OW","The Tax Burden on Tobacco","Cigarette Sales","Average Cost per pack","0,448","$","Dollars","    (38.843840757, -106.133610921)","Table 13- Orzechowski and Walker, Tax Burden on Tobacco","POL","450POL","450CGS","455CGS","1"
"CO","Colorado","1975","OW","The Tax Burden on Tobacco","Cigarette Sales","Cigarette Consumption (Pack Sales Per Capita)","131",,"Pack","    (38.843840757, -106.133610921)","Table 11- Orzechowski and Walker, Tax Burden on Tobacco","POL","450POL","450CGS","453CGS","2"
"CT","Connecticut","1975","OW","The Tax Burden on Tobacco","Cigarette Sales","Average Cost per pack","0,576","$","Dollars","    (41.56266102, -72.649840952)","Table 13- Orzechowski and Walker, Tax Burden on Tobacco","POL","450POL","450CGS","455CGS","1"
"CT","Connecticut","1975","OW","The Tax Burden on Tobacco","Cigarette Sales","Cigarette Consumption (Pack Sales Per Capita)","110,2",,"Pack","    (41.56266102, -72.649840952)","Table 11- Orzechowski and Walker, Tax Burden on Tobacco","POL","450POL","450CGS","453CGS","2"
"DE","Delaware","1975","OW","The Tax Burden on Tobacco","Cigarette Sales","Average Cost per pack","0,501","$","Dollars","    (39.008830667, -75.577741168)","Table 13- Orzechowski and Walker, Tax Burden on Tobacco","POL","450POL","450CGS","455CGS","1"
"DE","Delaware","1975","OW","The Tax Burden on Tobacco","Cigarette Sales","Cigarette Consumption (Pack Sales Per Capita)","147,6",,"Pack","    (39.008830667, -75.577741168)","Table 11- Orzechowski and Walker, Tax Burden on Tobacco","POL","450POL","450CGS","453CGS","2"
"DC","District of Columbia","1975","OW","The Tax Burden on Tobacco","Cigarette Sales","Average Cost per pack","0,478","$","Dollars","    (38.890371385, -77.031961127)","Table 13- Orzechowski and Walker, Tax Burden on Tobacco","POL","450POL","450CGS","455CGS","1"
"DC","District of Columbia","1975","OW","The Tax Burden on Tobacco","Cigarette Sales","Cigarette Consumption (Pack Sales Per Capita)","176,5",,"Pack","    (38.890371385, -77.031961127)","Table 11- Orzechowski and Walker, Tax Burden on Tobacco","POL","450POL","450CGS","453CGS","2"
"FL","Florida","1975","OW","The Tax Burden on Tobacco","Cigarette Sales","Average Cost per pack","0,559","$","Dollars","    (28.932040377, -81.928960539)","Table 13- Orzechowski and Walker, Tax Burden on Tobacco","POL","450POL","450CGS","455CGS","1"
"FL","Florida","1975","OW","The Tax Burden on Tobacco","Cigarette Sales","Cigarette Consumption (Pack Sales Per Capita)","131,9",,"Pack","    (28.932040377, -81.928960539)","Table 11- Orzechowski and Walker, Tax Burden on Tobacco","POL","450POL","450CGS","453CGS","2"
"GA","Georgia","1975","OW","The Tax Burden on Tobacco","Cigarette Sales","Cigarette Consumption (Pack Sales Per Capita)","122,9",,"Pack","    (32.839681093, -83.627580346)","Table 11- Orzechowski and Walker, Tax Burden on Tobacco","POL","450POL","450CGS","453CGS","2"
"GA","Georgia","1975","OW","The Tax Burden on Tobacco","Cigarette Sales","Average Cost per pack","0,479","$","Dollars","    (32.839681093, -83.627580346)","Table 13- Orzechowski and Walker, Tax Burden on Tobacco","POL","450POL","450CGS","455CGS","1"
"HI","Hawaii","1975","OW","The Tax Burden on Tobacco","Cigarette Sales","Average Cost per pack","0,466","$","Dollars","    (21.304850435, -157.857749403)","Table 13- Orzechowski and Walker, Tax Burden on Tobacco","POL","450POL","450CGS","455CGS","1"
"HI","Hawaii","1975","OW","The Tax Burden on Tobacco","Cigarette Sales","Cigarette Consumption (Pack Sales Per Capita)","92,4",,"Pack","    (21.304850435, -157.857749403)","Table 11- Orzechowski and Walker, Tax Burden on Tobacco","POL","450POL","450CGS","453CGS","2"
"ID","Idaho","1975","OW","The Tax Burden on Tobacco","Cigarette Sales","Cigarette Consumption (Pack Sales Per Capita)","123,3",,"Pack","    (43.682630005, -114.363730042)","Table 11- Orzechowski and Walker, Tax Burden on Tobacco","POL","450POL","450CGS","453CGS","2"
"ID","Idaho","1975","OW","The Tax Burden on Tobacco","Cigarette Sales","Average Cost per pack","0,425","$","Dollars","    (43.682630005, -114.363730042)","Table 13- Orzechowski and Walker, Tax Burden on Tobacco","POL","450POL","450CGS","455CGS","1"
"IL","Illinois","1975","OW","The Tax Burden on Tobacco","Cigarette Sales","Cigarette Consumption (Pack Sales Per Capita)","131,8",,"Pack","    (40.485010283, -88.997710178)","Table 11- Orzechowski and Walker, Tax Burden on Tobacco","POL","450POL","450CGS","453CGS","2"
"IL","Illinois","1975","OW","The Tax Burden on Tobacco","Cigarette Sales","Average Cost per pack","0,484","$","Dollars","    (40.485010283, -88.997710178)","Table 13- Orzechowski and Walker, Tax Burden on Tobacco","POL","450POL","450CGS","455CGS","1"
"IN","Indiana","1975","OW","The Tax Burden on Tobacco","Cigarette Sales","Cigarette Consumption (Pack Sales Per Capita)","162,4",,"Pack","    (39.766910452, -86.149960194)","Table 11- Orzechowski and Walker, Tax Burden on Tobacco","POL","450POL","450CGS","453CGS","2"
"IN","Indiana","1975","OW","The Tax Burden on Tobacco","Cigarette Sales","Average Cost per pack","0,387","$","Dollars","    (39.766910452, -86.149960194)","Table 13- Orzechowski and Walker, Tax Burden on Tobacco","POL","450POL","450CGS","455CGS","1"
"IA","Iowa","1975","OW","The Tax Burden on Tobacco","Cigarette Sales","Cigarette Consumption (Pack Sales Per Capita)","120,5",,"Pack","    (42.469400913, -93.816490556)","Table 11- Orzechowski and Walker, Tax Burden on Tobacco","POL","450POL","450CGS","453CGS","2"
"IA","Iowa","1975","OW","The Tax Burden on Tobacco","Cigarette Sales","Average Cost per pack","0,478","$","Dollars","    (42.469400913, -93.816490556)","Table 13- Orzechowski and Walker, Tax Burden on Tobacco","POL","450POL","450CGS","455CGS","1"
"KS","Kansas","1975","OW","The Tax Burden on Tobacco","Cigarette Sales","Average Cost per pack","0,466","$","Dollars","    (38.3477403, -98.200781227)","Table 13- Orzechowski and Walker, Tax Burden on Tobacco","POL","450POL","450CGS","455CGS","1"
"KS","Kansas","1975","OW","The Tax Burden on Tobacco","Cigarette Sales","Cigarette Consumption (Pack Sales Per Capita)","123,4",,"Pack","    (38.3477403, -98.200781227)","Table 11- Orzechowski and Walker, Tax Burden on Tobacco","POL","450POL","450CGS","453CGS","2"
"KY","Kentucky","1975","OW","The Tax Burden on Tobacco","Cigarette Sales","Cigarette Consumption (Pack Sales Per Capita)","223",,"Pack","    (37.645970271, -84.774971048)","Table 11- Orzechowski and Walker, Tax Burden on Tobacco","POL","450POL","450CGS","453CGS","2"
"KY","Kentucky","1975","OW","The Tax Burden on Tobacco","Cigarette Sales","Average Cost per pack","0,36","$","Dollars","    (37.645970271, -84.774971048)","Table 13- Orzechowski and Walker, Tax Burden on Tobacco","POL","450POL","450CGS","455CGS","1"
"LA","Louisiana","1975","OW","The Tax Burden on Tobacco","Cigarette Sales","Average Cost per pack","0,481","$","Dollars","    (31.312660644, -92.445680071)","Table 13- Orzechowski and Walker, Tax Burden on Tobacco","POL","450POL","450CGS","455CGS","1"
"LA","Louisiana","1975","OW","The Tax Burden on Tobacco","Cigarette Sales","Cigarette Consumption (Pack Sales Per Capita)","133,6",,"Pack","    (31.312660644, -92.445680071)","Table 11- Orzechowski and Walker, Tax Burden on Tobacco","POL","450POL","450CGS","453CGS","2"
"ME","Maine","1975","OW","The Tax Burden on Tobacco","Cigarette Sales","Average Cost per pack","0,499","$","Dollars","    (45.254228894001, -68.985031336)","Table 13- Orzechowski and Walker, Tax Burden on Tobacco","POL","450POL","450CGS","455CGS","1"
"ME","Maine","1975","OW","The Tax Burden on Tobacco","Cigarette Sales","Cigarette Consumption (Pack Sales Per Capita)","140,7",,"Pack","    (45.254228894001, -68.985031336)","Table 11- Orzechowski and Walker, Tax Burden on Tobacco","POL","450POL","450CGS","453CGS","2"
"MD","Maryland","1975","OW","The Tax Burden on Tobacco","Cigarette Sales","Average Cost per pack","0,461","$","Dollars","    (39.290580964, -76.609260111)","Table 13- Orzechowski and Walker, Tax Burden on Tobacco","POL","450POL","450CGS","455CGS","1"
"MD","Maryland","1975","OW","The Tax Burden on Tobacco","Cigarette Sales","Cigarette Consumption (Pack Sales Per Capita)","146,1",,"Pack","    (39.290580964, -76.609260111)","Table 11- Orzechowski and Walker, Tax Burden on Tobacco","POL","450POL","450CGS","453CGS","2"
"MA","Massachusetts","1975","OW","The Tax Burden on Tobacco","Cigarette Sales","Average Cost per pack","0,574","$","Dollars","    (42.27687047, -72.082690675)","Table 13- Orzechowski and Walker, Tax Burden on Tobacco","POL","450POL","450CGS","455CGS","1"
"MA","Massachusetts","1975","OW","The Tax Burden on Tobacco","Cigarette Sales","Cigarette Consumption (Pack Sales Per Capita)","126,1",,"Pack","    (42.27687047, -72.082690675)","Table 11- Orzechowski and Walker, Tax Burden on Tobacco","POL","450POL","450CGS","453CGS","2"
"MI","Michigan","1975","OW","The Tax Burden on Tobacco","Cigarette Sales","Cigarette Consumption (Pack Sales Per Capita)","136,8",,"Pack","    (44.661319543001, -84.71439027)","Table 11- Orzechowski and Walker, Tax Burden on Tobacco","POL","450POL","450CGS","453CGS","2"
"MI","Michigan","1975","OW","The Tax Burden on Tobacco","Cigarette Sales","Average Cost per pack","0,479","$","Dollars","    (44.661319543001, -84.71439027)","Table 13- Orzechowski and Walker, Tax Burden on Tobacco","POL","450POL","450CGS","455CGS","1"
"MN","Minnesota","1975","OW","The Tax Burden on Tobacco","Cigarette Sales","Cigarette Consumption (Pack Sales Per Capita)","111,5",,"Pack","    (46.355648736, -94.794200503)","Table 11- Orzechowski and Walker, Tax Burden on Tobacco","POL","450POL","450CGS","453CGS","2"
"MN","Minnesota","1975","OW","The Tax Burden on Tobacco","Cigarette Sales","Average Cost per pack","0,521","$","Dollars","    (46.355648736, -94.794200503)","Table 13- Orzechowski and Walker, Tax Burden on Tobacco","POL","450POL","450CGS","455CGS","1"
"MS","Mississippi","1975","OW","The Tax Burden on Tobacco","Cigarette Sales","Cigarette Consumption (Pack Sales Per Capita)","116,8",,"Pack","    (32.745510099, -89.538030825)","Table 11- Orzechowski and Walker, Tax Burden on Tobacco","POL","450POL","450CGS","453CGS","2"
"MS","Mississippi","1975","OW","The Tax Burden on Tobacco","Cigarette Sales","Average Cost per pack","0,464","$","Dollars","    (32.745510099, -89.538030825)","Table 13- Orzechowski and Walker, Tax Burden on Tobacco","POL","450POL","450CGS","455CGS","1"
"MO","Missouri","1975","OW","The Tax Burden on Tobacco","Cigarette Sales","Cigarette Consumption (Pack Sales Per Capita)","135,6",,"Pack","    (38.635790776, -92.566300053)","Table 11- Orzechowski and Walker, Tax Burden on Tobacco","POL","450POL","450CGS","453CGS","2"
"MO","Missouri","1975","OW","The Tax Burden on Tobacco","Cigarette Sales","Average Cost per pack","0,447","$","Dollars","    (38.635790776, -92.566300053)","Table 13- Orzechowski and Walker, Tax Burden on Tobacco","POL","450POL","450CGS","455CGS","1"
"MT","Montana","1975","OW","The Tax Burden on Tobacco","Cigarette Sales","Average Cost per pack","0,453","$","Dollars","    (47.066528972, -109.424420645)","Table 13- Orzechowski and Walker, Tax Burden on Tobacco","POL","450POL","450CGS","455CGS","1"
"MT","Montana","1975","OW","The Tax Burden on Tobacco","Cigarette Sales","Cigarette Consumption (Pack Sales Per Capita)","123,7",,"Pack","    (47.066528972, -109.424420645)","Table 11- Orzechowski and Walker, Tax Burden on Tobacco","POL","450POL","450CGS","453CGS","2"
"NE","Nebraska","1975","OW","The Tax Burden on Tobacco","Cigarette Sales","Average Cost per pack","0,468","$","Dollars","    (41.641040988001, -99.365720623)","Table 13- Orzechowski and Walker, Tax Burden on Tobacco","POL","450POL","450CGS","455CGS","1"
"NE","Nebraska","1975","OW","The Tax Burden on Tobacco","Cigarette Sales","Cigarette Consumption (Pack Sales Per Capita)","114,1",,"Pack","    (41.641040988001, -99.365720623)","Table 11- Orzechowski and Walker, Tax Burden on Tobacco","POL","450POL","450CGS","453CGS","2"
"NV","Nevada","1975","OW","The Tax Burden on Tobacco","Cigarette Sales","Average Cost per pack","0,449","$","Dollars","    (39.49324039, -117.071840564)","Table 13- Orzechowski and Walker, Tax Burden on Tobacco","POL","450POL","450CGS","455CGS","1"
"NV","Nevada","1975","OW","The Tax Burden on Tobacco","Cigarette Sales","Cigarette Consumption (Pack Sales Per Capita)","205,2",,"Pack","    (39.49324039, -117.071840564)","Table 11- Orzechowski and Walker, Tax Burden on Tobacco","POL","450POL","450CGS","453CGS","2"
"NH","New Hampshire","1975","OW","The Tax Burden on Tobacco","Cigarette Sales","Cigarette Consumption (Pack Sales Per Capita)","269,1",,"Pack","    (43.655950113, -71.50036092)","Table 11- Orzechowski and Walker, Tax Burden on Tobacco","POL","450POL","450CGS","453CGS","2"
"NH","New Hampshire","1975","OW","The Tax Burden on Tobacco","Cigarette Sales","Average Cost per pack","0,439","$","Dollars","    (43.655950113, -71.50036092)","Table 13- Orzechowski and Walker, Tax Burden on Tobacco","POL","450POL","450CGS","455CGS","1"
"NJ","New Jersey","1975","OW","The Tax Burden on Tobacco","Cigarette Sales","Cigarette Consumption (Pack Sales Per Capita)","122,3",,"Pack","    (40.130570048, -74.273691288)","Table 11- Orzechowski and Walker, Tax Burden on Tobacco","POL","450POL","450CGS","453CGS","2"
"NJ","New Jersey","1975","OW","The Tax Burden on Tobacco","Cigarette Sales","Average Cost per pack","0,536","$","Dollars","    (40.130570048, -74.273691288)","Table 13- Orzechowski and Walker, Tax Burden on Tobacco","POL","450POL","450CGS","455CGS","1"
"NM","New Mexico","1975","OW","The Tax Burden on Tobacco","Cigarette Sales","Cigarette Consumption (Pack Sales Per Capita)","103,1",,"Pack","    (34.520880952, -106.240580985)","Table 11- Orzechowski and Walker, Tax Burden on Tobacco","POL","450POL","450CGS","453CGS","2"
"NM","New Mexico","1975","OW","The Tax Burden on Tobacco","Cigarette Sales","Average Cost per pack","0,495","$","Dollars","    (34.520880952, -106.240580985)","Table 13- Orzechowski and Walker, Tax Burden on Tobacco","POL","450POL","450CGS","455CGS","1"
"NY","New York","1975","OW","The Tax Burden on Tobacco","Cigarette Sales","Cigarette Consumption (Pack Sales Per Capita)","123,9",,"Pack","    (42.827001032, -75.543970427)","Table 11- Orzechowski and Walker, Tax Burden on Tobacco","POL","450POL","450CGS","453CGS","2"
"NY","New York","1975","OW","The Tax Burden on Tobacco","Cigarette Sales","Average Cost per pack","0,542","$","Dollars","    (42.827001032, -75.543970427)","Table 13- Orzechowski and Walker, Tax Burden on Tobacco","POL","450POL","450CGS","455CGS","1"
"NC","North Carolina","1975","OW","The Tax Burden on Tobacco","Cigarette Sales","Average Cost per pack","0,358","$","Dollars","    (35.466220975, -79.159250463)","Table 13- Orzechowski and Walker, Tax Burden on Tobacco","POL","450POL","450CGS","455CGS","1"
"NC","North Carolina","1975","OW","The Tax Burden on Tobacco","Cigarette Sales","Cigarette Consumption (Pack Sales Per Capita)","226",,"Pack","    (35.466220975, -79.159250463)","Table 11- Orzechowski and Walker, Tax Burden on Tobacco","POL","450POL","450CGS","453CGS","2"
"ND","North Dakota","1975","OW","The Tax Burden on Tobacco","Cigarette Sales","Average Cost per pack","0,459","$","Dollars","    (47.475319779, -100.118421049)","Table 13- Orzechowski and Walker, Tax Burden on Tobacco","POL","450POL","450CGS","455CGS","1"
"ND","North Dakota","1975","OW","The Tax Burden on Tobacco","Cigarette Sales","Cigarette Consumption (Pack Sales Per Capita)","117,9",,"Pack","    (47.475319779, -100.118421049)","Table 11- Orzechowski and Walker, Tax Burden on Tobacco","POL","450POL","450CGS","453CGS","2"
"OH","Ohio","1975","OW","The Tax Burden on Tobacco","Cigarette Sales","Cigarette Consumption (Pack Sales Per Capita)","122,5",,"Pack","    (40.060210141, -82.404260056)","Table 11- Orzechowski and Walker, Tax Burden on Tobacco","POL","450POL","450CGS","453CGS","2"
"OH","Ohio","1975","OW","The Tax Burden on Tobacco","Cigarette Sales","Average Cost per pack","0,485","$","Dollars","    (40.060210141, -82.404260056)","Table 13- Orzechowski and Walker, Tax Burden on Tobacco","POL","450POL","450CGS","455CGS","1"
"OK","Oklahoma","1975","OW","The Tax Burden on Tobacco","Cigarette Sales","Cigarette Consumption (Pack Sales Per Capita)","132,9",,"Pack","    (35.472031356, -97.521070214)","Table 11- Orzechowski and Walker, Tax Burden on Tobacco","POL","450POL","450CGS","453CGS","2"
"OK","Oklahoma","1975","OW","The Tax Burden on Tobacco","Cigarette Sales","Average Cost per pack","0,464","$","Dollars","    (35.472031356, -97.521070214)","Table 13- Orzechowski and Walker, Tax Burden on Tobacco","POL","450POL","450CGS","455CGS","1"
"OR","Oregon","1975","OW","The Tax Burden on Tobacco","Cigarette Sales","Average Cost per pack","0,424","$","Dollars","    (44.567449424, -120.155031326)","Table 13- Orzechowski and Walker, Tax Burden on Tobacco","POL","450POL","450CGS","455CGS","1"
"OR","Oregon","1975","OW","The Tax Burden on Tobacco","Cigarette Sales","Cigarette Consumption (Pack Sales Per Capita)","154,4",,"Pack","    (44.567449424, -120.155031326)","Table 11- Orzechowski and Walker, Tax Burden on Tobacco","POL","450POL","450CGS","453CGS","2"
"PA","Pennsylvania","1975","OW","The Tax Burden on Tobacco","Cigarette Sales","Average Cost per pack","0,523","$","Dollars","    (40.793730152, -77.860700294)","Table 13- Orzechowski and Walker, Tax Burden on Tobacco","POL","450POL","450CGS","455CGS","1"
"PA","Pennsylvania","1975","OW","The Tax Burden on Tobacco","Cigarette Sales","Cigarette Consumption (Pack Sales Per Capita)","114,6",,"Pack","    (40.793730152, -77.860700294)","Table 11- Orzechowski and Walker, Tax Burden on Tobacco","POL","450POL","450CGS","453CGS","2"
"RI","Rhode Island","1975","OW","The Tax Burden on Tobacco","Cigarette Sales","Average Cost per pack","0,522","$","Dollars","    (41.708280193, -71.522470314)","Table 13- Orzechowski and Walker, Tax Burden on Tobacco","POL","450POL","450CGS","455CGS","1"
"RI","Rhode Island","1975","OW","The Tax Burden on Tobacco","Cigarette Sales","Cigarette Consumption (Pack Sales Per Capita)","154,7",,"Pack","    (41.708280193, -71.522470314)","Table 11- Orzechowski and Walker, Tax Burden on Tobacco","POL","450POL","450CGS","453CGS","2"
"SC","South Carolina","1975","OW","The Tax Burden on Tobacco","Cigarette Sales","Average Cost per pack","0,41","$","Dollars","    (33.998821303, -81.045371207)","Table 13- Orzechowski and Walker, Tax Burden on Tobacco","POL","450POL","450CGS","455CGS","1"
"SC","South Carolina","1975","OW","The Tax Burden on Tobacco","Cigarette Sales","Cigarette Consumption (Pack Sales Per Capita)","130,5",,"Pack","    (33.998821303, -81.045371207)","Table 11- Orzechowski and Walker, Tax Burden on Tobacco","POL","450POL","450CGS","453CGS","2"
"SD","South Dakota","1975","OW","The Tax Burden on Tobacco","Cigarette Sales","Average Cost per pack","0,45","$","Dollars","    (44.353130053, -100.373530637)","Table 13- Orzechowski and Walker, Tax Burden on Tobacco","POL","450POL","450CGS","455CGS","1"
"SD","South Dakota","1975","OW","The Tax Burden on Tobacco","Cigarette Sales","Cigarette Consumption (Pack Sales Per Capita)","113,5",,"Pack","    (44.353130053, -100.373530637)","Table 11- Orzechowski and Walker, Tax Burden on Tobacco","POL","450POL","450CGS","453CGS","2"
"TN","Tennessee","1975","OW","The Tax Burden on Tobacco","Cigarette Sales","Cigarette Consumption (Pack Sales Per Capita)","117,4",,"Pack","    (35.68094058, -85.774490914)","Table 11- Orzechowski and Walker, Tax Burden on Tobacco","POL","450POL","450CGS","453CGS","2"
"TN","Tennessee","1975","OW","The Tax Burden on Tobacco","Cigarette Sales","Average Cost per pack","0,483","$","Dollars","    (35.68094058, -85.774490914)","Table 13- Orzechowski and Walker, Tax Burden on Tobacco","POL","450POL","450CGS","455CGS","1"
"TX","Texas","1975","OW","The Tax Burden on Tobacco","Cigarette Sales","Average Cost per pack","0,533","$","Dollars","    (31.827240407, -99.426770206)","Table 13- Orzechowski and Walker, Tax Burden on Tobacco","POL","450POL","450CGS","455CGS","1"
"TX","Texas","1975","OW","The Tax Burden on Tobacco","Cigarette Sales","Cigarette Consumption (Pack Sales Per Capita)","116",,"Pack","    (31.827240407, -99.426770206)","Table 11- Orzechowski and Walker, Tax Burden on Tobacco","POL","450POL","450CGS","453CGS","2"
"UT","Utah","1975","OW","The Tax Burden on Tobacco","Cigarette Sales","Average Cost per pack","0,434","$","Dollars","    (39.360700171, -111.587130635)","Table 13- Orzechowski and Walker, Tax Burden on Tobacco","POL","450POL","450CGS","455CGS","1"
"UT","Utah","1975","OW","The Tax Burden on Tobacco","Cigarette Sales","Cigarette Consumption (Pack Sales Per Capita)","75,8",,"Pack","    (39.360700171, -111.587130635)","Table 11- Orzechowski and Walker, Tax Burden on Tobacco","POL","450POL","450CGS","453CGS","2"
"VT","Vermont","1975","OW","The Tax Burden on Tobacco","Cigarette Sales","Average Cost per pack","0,471","$","Dollars","    (43.625381239, -72.517640791)","Table 13- Orzechowski and Walker, Tax Burden on Tobacco","POL","450POL","450CGS","455CGS","1"
"VT","Vermont","1975","OW","The Tax Burden on Tobacco","Cigarette Sales","Cigarette Consumption (Pack Sales Per Capita)","155,5",,"Pack","    (43.625381239, -72.517640791)","Table 11- Orzechowski and Walker, Tax Burden on Tobacco","POL","450POL","450CGS","453CGS","2"
"VA","Virginia","1975","OW","The Tax Burden on Tobacco","Cigarette Sales","Average Cost per pack","0,379","$","Dollars","    (37.542680674, -78.457890463)","Table 13- Orzechowski and Walker, Tax Burden on Tobacco","POL","450POL","450CGS","455CGS","1"
"VA","Virginia","1975","OW","The Tax Burden on Tobacco","Cigarette Sales","Cigarette Consumption (Pack Sales Per Capita)","152,7",,"Pack","    (37.542680674, -78.457890463)","Table 11- Orzechowski and Walker, Tax Burden on Tobacco","POL","450POL","450CGS","453CGS","2"
"WA","Washington","1975","OW","The Tax Burden on Tobacco","Cigarette Sales","Average Cost per pack","0,53","$","Dollars","    (47.522278629, -120.47001079)","Table 13- Orzechowski and Walker, Tax Burden on Tobacco","POL","450POL","450CGS","455CGS","1"
"WA","Washington","1975","OW","The Tax Burden on Tobacco","Cigarette Sales","Cigarette Consumption (Pack Sales Per Capita)","99,5",,"Pack","    (47.522278629, -120.47001079)","Table 11- Orzechowski and Walker, Tax Burden on Tobacco","POL","450POL","450CGS","453CGS","2"
"WV","West Virginia","1975","OW","The Tax Burden on Tobacco","Cigarette Sales","Cigarette Consumption (Pack Sales Per Capita)","123,2",,"Pack","    (38.665510202, -80.712640135)","Table 11- Orzechowski and Walker, Tax Burden on Tobacco","POL","450POL","450CGS","453CGS","2"
"WV","West Virginia","1975","OW","The Tax Burden on Tobacco","Cigarette Sales","Average Cost per pack","0,484","$","Dollars","    (38.665510202, -80.712640135)","Table 13- Orzechowski and Walker, Tax Burden on Tobacco","POL","450POL","450CGS","455CGS","1"
"WI","Wisconsin","1975","OW","The Tax Burden on Tobacco","Cigarette Sales","Cigarette Consumption (Pack Sales Per Capita)","113,5",,"Pack","    (44.393191174, -89.816370742)","Table 11- Orzechowski and Walker, Tax Burden on Tobacco","POL","450POL","450CGS","453CGS","2"
"WI","Wisconsin","1975","OW","The Tax Burden on Tobacco","Cigarette Sales","Average Cost per pack","0,513","$","Dollars","    (44.393191174, -89.816370742)","Table 13- Orzechowski and Walker, Tax Burden on Tobacco","POL","450POL","450CGS","455CGS","1"
"WY","Wyoming","1975","OW","The Tax Burden on Tobacco","Cigarette Sales","Average Cost per pack","0,426","$","Dollars","    (43.235541343, -108.109830353)","Table 13- Orzechowski and Walker, Tax Burden on Tobacco","POL","450POL","450CGS","455CGS","1"
"WY","Wyoming","1975","OW","The Tax Burden on Tobacco","Cigarette Sales","Cigarette Consumption (Pack Sales Per Capita)","160,7",,"Pack","    (43.235541343, -108.109830353)","Table 11- Orzechowski and Walker, Tax Burden on Tobacco","POL","450POL","450CGS","453CGS","2"
"AL","Alabama","1974","OW","The Tax Burden on Tobacco","Cigarette Sales","Cigarette Consumption (Pack Sales Per Capita)","108,2",,"Pack","    (32.840571122, -86.631860762)","Table 11- Orzechowski and Walker, Tax Burden on Tobacco","POL","450POL","450CGS","453CGS","2"
"AL","Alabama","1974","OW","The Tax Burden on Tobacco","Cigarette Sales","Average Cost per pack","0,466","$","Dollars","    (32.840571122, -86.631860762)","Table 13- Orzechowski and Walker, Tax Burden on Tobacco","POL","450POL","450CGS","455CGS","1"
"AK","Alaska","1974","OW","The Tax Burden on Tobacco","Cigarette Sales","Average Cost per pack","0,449","$","Dollars","    (64.845079957001, -147.722059036)","Table 13- Orzechowski and Walker, Tax Burden on Tobacco","POL","450POL","450CGS","455CGS","1"
"AK","Alaska","1974","OW","The Tax Burden on Tobacco","Cigarette Sales","Cigarette Consumption (Pack Sales Per Capita)","130,4",,"Pack","    (64.845079957001, -147.722059036)","Table 11- Orzechowski and Walker, Tax Burden on Tobacco","POL","450POL","450CGS","453CGS","2"
"AZ","Arizona","1974","OW","The Tax Burden on Tobacco","Cigarette Sales","Cigarette Consumption (Pack Sales Per Capita)","133,1",,"Pack","    (34.86597028, -111.763811277)","Table 11- Orzechowski and Walker, Tax Burden on Tobacco","POL","450POL","450CGS","453CGS","2"
"AZ","Arizona","1974","OW","The Tax Burden on Tobacco","Cigarette Sales","Average Cost per pack","0,477","$","Dollars","    (34.86597028, -111.763811277)","Table 13- Orzechowski and Walker, Tax Burden on Tobacco","POL","450POL","450CGS","455CGS","1"
"AR","Arkansas","1974","OW","The Tax Burden on Tobacco","Cigarette Sales","Cigarette Consumption (Pack Sales Per Capita)","109,7",,"Pack","    (34.748650124, -92.274490743)","Table 11- Orzechowski and Walker, Tax Burden on Tobacco","POL","450POL","450CGS","453CGS","2"
"AR","Arkansas","1974","OW","The Tax Burden on Tobacco","Cigarette Sales","Average Cost per pack","0,486","$","Dollars","    (34.748650124, -92.274490743)","Table 13- Orzechowski and Walker, Tax Burden on Tobacco","POL","450POL","450CGS","455CGS","1"
"CA","California","1974","OW","The Tax Burden on Tobacco","Cigarette Sales","Average Cost per pack","0,45","$","Dollars","    (37.638640123, -120.999999538)","Table 13- Orzechowski and Walker, Tax Burden on Tobacco","POL","450POL","450CGS","455CGS","1"
"CA","California","1974","OW","The Tax Burden on Tobacco","Cigarette Sales","Cigarette Consumption (Pack Sales Per Capita)","126,7",,"Pack","    (37.638640123, -120.999999538)","Table 11- Orzechowski and Walker, Tax Burden on Tobacco","POL","450POL","450CGS","453CGS","2"
"CO","Colorado","1974","OW","The Tax Burden on Tobacco","Cigarette Sales","Cigarette Consumption (Pack Sales Per Capita)","132,8",,"Pack","    (38.843840757, -106.133610921)","Table 11- Orzechowski and Walker, Tax Burden on Tobacco","POL","450POL","450CGS","453CGS","2"
"CO","Colorado","1974","OW","The Tax Burden on Tobacco","Cigarette Sales","Average Cost per pack","0,417","$","Dollars","    (38.843840757, -106.133610921)","Table 13- Orzechowski and Walker, Tax Burden on Tobacco","POL","450POL","450CGS","455CGS","1"
"CT","Connecticut","1974","OW","The Tax Burden on Tobacco","Cigarette Sales","Average Cost per pack","0,545","$","Dollars","    (41.56266102, -72.649840952)","Table 13- Orzechowski and Walker, Tax Burden on Tobacco","POL","450POL","450CGS","455CGS","1"
"CT","Connecticut","1974","OW","The Tax Burden on Tobacco","Cigarette Sales","Cigarette Consumption (Pack Sales Per Capita)","112,4",,"Pack","    (41.56266102, -72.649840952)","Table 11- Orzechowski and Walker, Tax Burden on Tobacco","POL","450POL","450CGS","453CGS","2"
"DE","Delaware","1974","OW","The Tax Burden on Tobacco","Cigarette Sales","Cigarette Consumption (Pack Sales Per Capita)","151,3",,"Pack","    (39.008830667, -75.577741168)","Table 11- Orzechowski and Walker, Tax Burden on Tobacco","POL","450POL","450CGS","453CGS","2"
"DE","Delaware","1974","OW","The Tax Burden on Tobacco","Cigarette Sales","Average Cost per pack","0,459","$","Dollars","    (39.008830667, -75.577741168)","Table 13- Orzechowski and Walker, Tax Burden on Tobacco","POL","450POL","450CGS","455CGS","1"
"DC","District of Columbia","1974","OW","The Tax Burden on Tobacco","Cigarette Sales","Average Cost per pack","0,394","$","Dollars","    (38.890371385, -77.031961127)","Table 13- Orzechowski and Walker, Tax Burden on Tobacco","POL","450POL","450CGS","455CGS","1"
"DC","District of Columbia","1974","OW","The Tax Burden on Tobacco","Cigarette Sales","Cigarette Consumption (Pack Sales Per Capita)","182,7",,"Pack","    (38.890371385, -77.031961127)","Table 11- Orzechowski and Walker, Tax Burden on Tobacco","POL","450POL","450CGS","453CGS","2"
"FL","Florida","1974","OW","The Tax Burden on Tobacco","Cigarette Sales","Average Cost per pack","0,517","$","Dollars","    (28.932040377, -81.928960539)","Table 13- Orzechowski and Walker, Tax Burden on Tobacco","POL","450POL","450CGS","455CGS","1"
"FL","Florida","1974","OW","The Tax Burden on Tobacco","Cigarette Sales","Cigarette Consumption (Pack Sales Per Capita)","136",,"Pack","    (28.932040377, -81.928960539)","Table 11- Orzechowski and Walker, Tax Burden on Tobacco","POL","450POL","450CGS","453CGS","2"
"GA","Georgia","1974","OW","The Tax Burden on Tobacco","Cigarette Sales","Average Cost per pack","0,445","$","Dollars","    (32.839681093, -83.627580346)","Table 13- Orzechowski and Walker, Tax Burden on Tobacco","POL","450POL","450CGS","455CGS","1"
"GA","Georgia","1974","OW","The Tax Burden on Tobacco","Cigarette Sales","Cigarette Consumption (Pack Sales Per Capita)","123,7",,"Pack","    (32.839681093, -83.627580346)","Table 11- Orzechowski and Walker, Tax Burden on Tobacco","POL","450POL","450CGS","453CGS","2"
"HI","Hawaii","1974","OW","The Tax Burden on Tobacco","Cigarette Sales","Average Cost per pack","0,413","$","Dollars","    (21.304850435, -157.857749403)","Table 13- Orzechowski and Walker, Tax Burden on Tobacco","POL","450POL","450CGS","455CGS","1"
"HI","Hawaii","1974","OW","The Tax Burden on Tobacco","Cigarette Sales","Cigarette Consumption (Pack Sales Per Capita)","89,3",,"Pack","    (21.304850435, -157.857749403)","Table 11- Orzechowski and Walker, Tax Burden on Tobacco","POL","450POL","450CGS","453CGS","2"
"ID","Idaho","1974","OW","The Tax Burden on Tobacco","Cigarette Sales","Cigarette Consumption (Pack Sales Per Capita)","125,6",,"Pack","    (43.682630005, -114.363730042)","Table 11- Orzechowski and Walker, Tax Burden on Tobacco","POL","450POL","450CGS","453CGS","2"
"ID","Idaho","1974","OW","The Tax Burden on Tobacco","Cigarette Sales","Average Cost per pack","0,403","$","Dollars","    (43.682630005, -114.363730042)","Table 13- Orzechowski and Walker, Tax Burden on Tobacco","POL","450POL","450CGS","455CGS","1"
"IL","Illinois","1974","OW","The Tax Burden on Tobacco","Cigarette Sales","Average Cost per pack","0,452","$","Dollars","    (40.485010283, -88.997710178)","Table 13- Orzechowski and Walker, Tax Burden on Tobacco","POL","450POL","450CGS","455CGS","1"
"IL","Illinois","1974","OW","The Tax Burden on Tobacco","Cigarette Sales","Cigarette Consumption (Pack Sales Per Capita)","131,9",,"Pack","    (40.485010283, -88.997710178)","Table 11- Orzechowski and Walker, Tax Burden on Tobacco","POL","450POL","450CGS","453CGS","2"
"IN","Indiana","1974","OW","The Tax Burden on Tobacco","Cigarette Sales","Cigarette Consumption (Pack Sales Per Capita)","159,6",,"Pack","    (39.766910452, -86.149960194)","Table 11- Orzechowski and Walker, Tax Burden on Tobacco","POL","450POL","450CGS","453CGS","2"
"IN","Indiana","1974","OW","The Tax Burden on Tobacco","Cigarette Sales","Average Cost per pack","0,367","$","Dollars","    (39.766910452, -86.149960194)","Table 13- Orzechowski and Walker, Tax Burden on Tobacco","POL","450POL","450CGS","455CGS","1"
"IA","Iowa","1974","OW","The Tax Burden on Tobacco","Cigarette Sales","Average Cost per pack","0,454","$","Dollars","    (42.469400913, -93.816490556)","Table 13- Orzechowski and Walker, Tax Burden on Tobacco","POL","450POL","450CGS","455CGS","1"
"IA","Iowa","1974","OW","The Tax Burden on Tobacco","Cigarette Sales","Cigarette Consumption (Pack Sales Per Capita)","116,1",,"Pack","    (42.469400913, -93.816490556)","Table 11- Orzechowski and Walker, Tax Burden on Tobacco","POL","450POL","450CGS","453CGS","2"
"KS","Kansas","1974","OW","The Tax Burden on Tobacco","Cigarette Sales","Average Cost per pack","0,427","$","Dollars","    (38.3477403, -98.200781227)","Table 13- Orzechowski and Walker, Tax Burden on Tobacco","POL","450POL","450CGS","455CGS","1"
"KS","Kansas","1974","OW","The Tax Burden on Tobacco","Cigarette Sales","Cigarette Consumption (Pack Sales Per Capita)","118,6",,"Pack","    (38.3477403, -98.200781227)","Table 11- Orzechowski and Walker, Tax Burden on Tobacco","POL","450POL","450CGS","453CGS","2"
"KY","Kentucky","1974","OW","The Tax Burden on Tobacco","Cigarette Sales","Cigarette Consumption (Pack Sales Per Capita)","212,4",,"Pack","    (37.645970271, -84.774971048)","Table 11- Orzechowski and Walker, Tax Burden on Tobacco","POL","450POL","450CGS","453CGS","2"
"KY","Kentucky","1974","OW","The Tax Burden on Tobacco","Cigarette Sales","Average Cost per pack","0,333","$","Dollars","    (37.645970271, -84.774971048)","Table 13- Orzechowski and Walker, Tax Burden on Tobacco","POL","450POL","450CGS","455CGS","1"
"LA","Louisiana","1974","OW","The Tax Burden on Tobacco","Cigarette Sales","Cigarette Consumption (Pack Sales Per Capita)","129,9",,"Pack","    (31.312660644, -92.445680071)","Table 11- Orzechowski and Walker, Tax Burden on Tobacco","POL","450POL","450CGS","453CGS","2"
"LA","Louisiana","1974","OW","The Tax Burden on Tobacco","Cigarette Sales","Average Cost per pack","0,443","$","Dollars","    (31.312660644, -92.445680071)","Table 13- Orzechowski and Walker, Tax Burden on Tobacco","POL","450POL","450CGS","455CGS","1"
"ME","Maine","1974","OW","The Tax Burden on Tobacco","Cigarette Sales","Cigarette Consumption (Pack Sales Per Capita)","142,1",,"Pack","    (45.254228894001, -68.985031336)","Table 11- Orzechowski and Walker, Tax Burden on Tobacco","POL","450POL","450CGS","453CGS","2"
"ME","Maine","1974","OW","The Tax Burden on Tobacco","Cigarette Sales","Average Cost per pack","0,467","$","Dollars","    (45.254228894001, -68.985031336)","Table 13- Orzechowski and Walker, Tax Burden on Tobacco","POL","450POL","450CGS","455CGS","1"
"MD","Maryland","1974","OW","The Tax Burden on Tobacco","Cigarette Sales","Average Cost per pack","0,395","$","Dollars","    (39.290580964, -76.609260111)","Table 13- Orzechowski and Walker, Tax Burden on Tobacco","POL","450POL","450CGS","455CGS","1"
"MD","Maryland","1974","OW","The Tax Burden on Tobacco","Cigarette Sales","Cigarette Consumption (Pack Sales Per Capita)","144,8",,"Pack","    (39.290580964, -76.609260111)","Table 11- Orzechowski and Walker, Tax Burden on Tobacco","POL","450POL","450CGS","453CGS","2"
"MA","Massachusetts","1974","OW","The Tax Burden on Tobacco","Cigarette Sales","Average Cost per pack","0,494","$","Dollars","    (42.27687047, -72.082690675)","Table 13- Orzechowski and Walker, Tax Burden on Tobacco","POL","450POL","450CGS","455CGS","1"
"MA","Massachusetts","1974","OW","The Tax Burden on Tobacco","Cigarette Sales","Cigarette Consumption (Pack Sales Per Capita)","124,3",,"Pack","    (42.27687047, -72.082690675)","Table 11- Orzechowski and Walker, Tax Burden on Tobacco","POL","450POL","450CGS","453CGS","2"
"MI","Michigan","1974","OW","The Tax Burden on Tobacco","Cigarette Sales","Average Cost per pack","0,444","$","Dollars","    (44.661319543001, -84.71439027)","Table 13- Orzechowski and Walker, Tax Burden on Tobacco","POL","450POL","450CGS","455CGS","1"
"MI","Michigan","1974","OW","The Tax Burden on Tobacco","Cigarette Sales","Cigarette Consumption (Pack Sales Per Capita)","138,8",,"Pack","    (44.661319543001, -84.71439027)","Table 11- Orzechowski and Walker, Tax Burden on Tobacco","POL","450POL","450CGS","453CGS","2"
"MN","Minnesota","1974","OW","The Tax Burden on Tobacco","Cigarette Sales","Cigarette Consumption (Pack Sales Per Capita)","110,6",,"Pack","    (46.355648736, -94.794200503)","Table 11- Orzechowski and Walker, Tax Burden on Tobacco","POL","450POL","450CGS","453CGS","2"
"MN","Minnesota","1974","OW","The Tax Burden on Tobacco","Cigarette Sales","Average Cost per pack","0,494","$","Dollars","    (46.355648736, -94.794200503)","Table 13- Orzechowski and Walker, Tax Burden on Tobacco","POL","450POL","450CGS","455CGS","1"
"MS","Mississippi","1974","OW","The Tax Burden on Tobacco","Cigarette Sales","Average Cost per pack","0,43","$","Dollars","    (32.745510099, -89.538030825)","Table 13- Orzechowski and Walker, Tax Burden on Tobacco","POL","450POL","450CGS","455CGS","1"
"MS","Mississippi","1974","OW","The Tax Burden on Tobacco","Cigarette Sales","Cigarette Consumption (Pack Sales Per Capita)","117,1",,"Pack","    (32.745510099, -89.538030825)","Table 11- Orzechowski and Walker, Tax Burden on Tobacco","POL","450POL","450CGS","453CGS","2"
"MO","Missouri","1974","OW","The Tax Burden on Tobacco","Cigarette Sales","Cigarette Consumption (Pack Sales Per Capita)","135,4",,"Pack","    (38.635790776, -92.566300053)","Table 11- Orzechowski and Walker, Tax Burden on Tobacco","POL","450POL","450CGS","453CGS","2"
"MO","Missouri","1974","OW","The Tax Burden on Tobacco","Cigarette Sales","Average Cost per pack","0,435","$","Dollars","    (38.635790776, -92.566300053)","Table 13- Orzechowski and Walker, Tax Burden on Tobacco","POL","450POL","450CGS","455CGS","1"
"MT","Montana","1974","OW","The Tax Burden on Tobacco","Cigarette Sales","Average Cost per pack","0,437","$","Dollars","    (47.066528972, -109.424420645)","Table 13- Orzechowski and Walker, Tax Burden on Tobacco","POL","450POL","450CGS","455CGS","1"
"MT","Montana","1974","OW","The Tax Burden on Tobacco","Cigarette Sales","Cigarette Consumption (Pack Sales Per Capita)","121,9",,"Pack","    (47.066528972, -109.424420645)","Table 11- Orzechowski and Walker, Tax Burden on Tobacco","POL","450POL","450CGS","453CGS","2"
"NE","Nebraska","1974","OW","The Tax Burden on Tobacco","Cigarette Sales","Average Cost per pack","0,446","$","Dollars","    (41.641040988001, -99.365720623)","Table 13- Orzechowski and Walker, Tax Burden on Tobacco","POL","450POL","450CGS","455CGS","1"
"NE","Nebraska","1974","OW","The Tax Burden on Tobacco","Cigarette Sales","Cigarette Consumption (Pack Sales Per Capita)","110,5",,"Pack","    (41.641040988001, -99.365720623)","Table 11- Orzechowski and Walker, Tax Burden on Tobacco","POL","450POL","450CGS","453CGS","2"
"NV","Nevada","1974","OW","The Tax Burden on Tobacco","Cigarette Sales","Cigarette Consumption (Pack Sales Per Capita)","204,7",,"Pack","    (39.49324039, -117.071840564)","Table 11- Orzechowski and Walker, Tax Burden on Tobacco","POL","450POL","450CGS","453CGS","2"
"NV","Nevada","1974","OW","The Tax Burden on Tobacco","Cigarette Sales","Average Cost per pack","0,445","$","Dollars","    (39.49324039, -117.071840564)","Table 13- Orzechowski and Walker, Tax Burden on Tobacco","POL","450POL","450CGS","455CGS","1"
"NH","New Hampshire","1974","OW","The Tax Burden on Tobacco","Cigarette Sales","Average Cost per pack","0,408","$","Dollars","    (43.655950113, -71.50036092)","Table 13- Orzechowski and Walker, Tax Burden on Tobacco","POL","450POL","450CGS","455CGS","1"
"NH","New Hampshire","1974","OW","The Tax Burden on Tobacco","Cigarette Sales","Cigarette Consumption (Pack Sales Per Capita)","269,8",,"Pack","    (43.655950113, -71.50036092)","Table 11- Orzechowski and Walker, Tax Burden on Tobacco","POL","450POL","450CGS","453CGS","2"
"NJ","New Jersey","1974","OW","The Tax Burden on Tobacco","Cigarette Sales","Average Cost per pack","0,528","$","Dollars","    (40.130570048, -74.273691288)","Table 13- Orzechowski and Walker, Tax Burden on Tobacco","POL","450POL","450CGS","455CGS","1"
"NJ","New Jersey","1974","OW","The Tax Burden on Tobacco","Cigarette Sales","Cigarette Consumption (Pack Sales Per Capita)","121,4",,"Pack","    (40.130570048, -74.273691288)","Table 11- Orzechowski and Walker, Tax Burden on Tobacco","POL","450POL","450CGS","453CGS","2"
"NM","New Mexico","1974","OW","The Tax Burden on Tobacco","Cigarette Sales","Cigarette Consumption (Pack Sales Per Capita)","100,3",,"Pack","    (34.520880952, -106.240580985)","Table 11- Orzechowski and Walker, Tax Burden on Tobacco","POL","450POL","450CGS","453CGS","2"
"NM","New Mexico","1974","OW","The Tax Burden on Tobacco","Cigarette Sales","Average Cost per pack","0,463","$","Dollars","    (34.520880952, -106.240580985)","Table 13- Orzechowski and Walker, Tax Burden on Tobacco","POL","450POL","450CGS","455CGS","1"
"NY","New York","1974","OW","The Tax Burden on Tobacco","Cigarette Sales","Cigarette Consumption (Pack Sales Per Capita)","121,6",,"Pack","    (42.827001032, -75.543970427)","Table 11- Orzechowski and Walker, Tax Burden on Tobacco","POL","450POL","450CGS","453CGS","2"
"NY","New York","1974","OW","The Tax Burden on Tobacco","Cigarette Sales","Average Cost per pack","0,515","$","Dollars","    (42.827001032, -75.543970427)","Table 13- Orzechowski and Walker, Tax Burden on Tobacco","POL","450POL","450CGS","455CGS","1"
"NC","North Carolina","1974","OW","The Tax Burden on Tobacco","Cigarette Sales","Average Cost per pack","0,329","$","Dollars","    (35.466220975, -79.159250463)","Table 13- Orzechowski and Walker, Tax Burden on Tobacco","POL","450POL","450CGS","455CGS","1"
"NC","North Carolina","1974","OW","The Tax Burden on Tobacco","Cigarette Sales","Cigarette Consumption (Pack Sales Per Capita)","227,3",,"Pack","    (35.466220975, -79.159250463)","Table 11- Orzechowski and Walker, Tax Burden on Tobacco","POL","450POL","450CGS","453CGS","2"
"ND","North Dakota","1974","OW","The Tax Burden on Tobacco","Cigarette Sales","Average Cost per pack","0,426","$","Dollars","    (47.475319779, -100.118421049)","Table 13- Orzechowski and Walker, Tax Burden on Tobacco","POL","450POL","450CGS","455CGS","1"
"ND","North Dakota","1974","OW","The Tax Burden on Tobacco","Cigarette Sales","Cigarette Consumption (Pack Sales Per Capita)","110,5",,"Pack","    (47.475319779, -100.118421049)","Table 11- Orzechowski and Walker, Tax Burden on Tobacco","POL","450POL","450CGS","453CGS","2"
"OH","Ohio","1974","OW","The Tax Burden on Tobacco","Cigarette Sales","Cigarette Consumption (Pack Sales Per Capita)","122,1",,"Pack","    (40.060210141, -82.404260056)","Table 11- Orzechowski and Walker, Tax Burden on Tobacco","POL","450POL","450CGS","453CGS","2"
"OH","Ohio","1974","OW","The Tax Burden on Tobacco","Cigarette Sales","Average Cost per pack","0,46","$","Dollars","    (40.060210141, -82.404260056)","Table 13- Orzechowski and Walker, Tax Burden on Tobacco","POL","450POL","450CGS","455CGS","1"
"OK","Oklahoma","1974","OW","The Tax Burden on Tobacco","Cigarette Sales","Average Cost per pack","0,436","$","Dollars","    (35.472031356, -97.521070214)","Table 13- Orzechowski and Walker, Tax Burden on Tobacco","POL","450POL","450CGS","455CGS","1"
"OK","Oklahoma","1974","OW","The Tax Burden on Tobacco","Cigarette Sales","Cigarette Consumption (Pack Sales Per Capita)","130,5",,"Pack","    (35.472031356, -97.521070214)","Table 11- Orzechowski and Walker, Tax Burden on Tobacco","POL","450POL","450CGS","453CGS","2"
"OR","Oregon","1974","OW","The Tax Burden on Tobacco","Cigarette Sales","Cigarette Consumption (Pack Sales Per Capita)","155,8",,"Pack","    (44.567449424, -120.155031326)","Table 11- Orzechowski and Walker, Tax Burden on Tobacco","POL","450POL","450CGS","453CGS","2"
"OR","Oregon","1974","OW","The Tax Burden on Tobacco","Cigarette Sales","Average Cost per pack","0,394","$","Dollars","    (44.567449424, -120.155031326)","Table 13- Orzechowski and Walker, Tax Burden on Tobacco","POL","450POL","450CGS","455CGS","1"
"PA","Pennsylvania","1974","OW","The Tax Burden on Tobacco","Cigarette Sales","Average Cost per pack","0,498","$","Dollars","    (40.793730152, -77.860700294)","Table 13- Orzechowski and Walker, Tax Burden on Tobacco","POL","450POL","450CGS","455CGS","1"
"PA","Pennsylvania","1974","OW","The Tax Burden on Tobacco","Cigarette Sales","Cigarette Consumption (Pack Sales Per Capita)","114,2",,"Pack","    (40.793730152, -77.860700294)","Table 11- Orzechowski and Walker, Tax Burden on Tobacco","POL","450POL","450CGS","453CGS","2"
"RI","Rhode Island","1974","OW","The Tax Burden on Tobacco","Cigarette Sales","Average Cost per pack","0,443","$","Dollars","    (41.708280193, -71.522470314)","Table 13- Orzechowski and Walker, Tax Burden on Tobacco","POL","450POL","450CGS","455CGS","1"
"RI","Rhode Island","1974","OW","The Tax Burden on Tobacco","Cigarette Sales","Cigarette Consumption (Pack Sales Per Capita)","146,1",,"Pack","    (41.708280193, -71.522470314)","Table 11- Orzechowski and Walker, Tax Burden on Tobacco","POL","450POL","450CGS","453CGS","2"
"SC","South Carolina","1974","OW","The Tax Burden on Tobacco","Cigarette Sales","Cigarette Consumption (Pack Sales Per Capita)","129,7",,"Pack","    (33.998821303, -81.045371207)","Table 11- Orzechowski and Walker, Tax Burden on Tobacco","POL","450POL","450CGS","453CGS","2"
"SC","South Carolina","1974","OW","The Tax Burden on Tobacco","Cigarette Sales","Average Cost per pack","0,381","$","Dollars","    (33.998821303, -81.045371207)","Table 13- Orzechowski and Walker, Tax Burden on Tobacco","POL","450POL","450CGS","455CGS","1"
"SD","South Dakota","1974","OW","The Tax Burden on Tobacco","Cigarette Sales","Cigarette Consumption (Pack Sales Per Capita)","108,4",,"Pack","    (44.353130053, -100.373530637)","Table 11- Orzechowski and Walker, Tax Burden on Tobacco","POL","450POL","450CGS","453CGS","2"
"SD","South Dakota","1974","OW","The Tax Burden on Tobacco","Cigarette Sales","Average Cost per pack","0,428","$","Dollars","    (44.353130053, -100.373530637)","Table 13- Orzechowski and Walker, Tax Burden on Tobacco","POL","450POL","450CGS","455CGS","1"
"TN","Tennessee","1974","OW","The Tax Burden on Tobacco","Cigarette Sales","Cigarette Consumption (Pack Sales Per Capita)","114,8",,"Pack","    (35.68094058, -85.774490914)","Table 11- Orzechowski and Walker, Tax Burden on Tobacco","POL","450POL","450CGS","453CGS","2"
"TN","Tennessee","1974","OW","The Tax Burden on Tobacco","Cigarette Sales","Average Cost per pack","0,453","$","Dollars","    (35.68094058, -85.774490914)","Table 13- Orzechowski and Walker, Tax Burden on Tobacco","POL","450POL","450CGS","455CGS","1"
"TX","Texas","1974","OW","The Tax Burden on Tobacco","Cigarette Sales","Average Cost per pack","0,506","$","Dollars","    (31.827240407, -99.426770206)","Table 13- Orzechowski and Walker, Tax Burden on Tobacco","POL","450POL","450CGS","455CGS","1"
"TX","Texas","1974","OW","The Tax Burden on Tobacco","Cigarette Sales","Cigarette Consumption (Pack Sales Per Capita)","114,7",,"Pack","    (31.827240407, -99.426770206)","Table 11- Orzechowski and Walker, Tax Burden on Tobacco","POL","450POL","450CGS","453CGS","2"
"UT","Utah","1974","OW","The Tax Burden on Tobacco","Cigarette Sales","Cigarette Consumption (Pack Sales Per Capita)","75,6",,"Pack","    (39.360700171, -111.587130635)","Table 11- Orzechowski and Walker, Tax Burden on Tobacco","POL","450POL","450CGS","453CGS","2"
"UT","Utah","1974","OW","The Tax Burden on Tobacco","Cigarette Sales","Average Cost per pack","0,405","$","Dollars","    (39.360700171, -111.587130635)","Table 13- Orzechowski and Walker, Tax Burden on Tobacco","POL","450POL","450CGS","455CGS","1"
"VT","Vermont","1974","OW","The Tax Burden on Tobacco","Cigarette Sales","Cigarette Consumption (Pack Sales Per Capita)","151,8",,"Pack","    (43.625381239, -72.517640791)","Table 11- Orzechowski and Walker, Tax Burden on Tobacco","POL","450POL","450CGS","453CGS","2"
"VT","Vermont","1974","OW","The Tax Burden on Tobacco","Cigarette Sales","Average Cost per pack","0,418","$","Dollars","    (43.625381239, -72.517640791)","Table 13- Orzechowski and Walker, Tax Burden on Tobacco","POL","450POL","450CGS","455CGS","1"
"VA","Virginia","1974","OW","The Tax Burden on Tobacco","Cigarette Sales","Cigarette Consumption (Pack Sales Per Capita)","149,6",,"Pack","    (37.542680674, -78.457890463)","Table 11- Orzechowski and Walker, Tax Burden on Tobacco","POL","450POL","450CGS","453CGS","2"
"VA","Virginia","1974","OW","The Tax Burden on Tobacco","Cigarette Sales","Average Cost per pack","0,336","$","Dollars","    (37.542680674, -78.457890463)","Table 13- Orzechowski and Walker, Tax Burden on Tobacco","POL","450POL","450CGS","455CGS","1"
"WA","Washington","1974","OW","The Tax Burden on Tobacco","Cigarette Sales","Average Cost per pack","0,49","$","Dollars","    (47.522278629, -120.47001079)","Table 13- Orzechowski and Walker, Tax Burden on Tobacco","POL","450POL","450CGS","455CGS","1"
"WA","Washington","1974","OW","The Tax Burden on Tobacco","Cigarette Sales","Cigarette Consumption (Pack Sales Per Capita)","98,6",,"Pack","    (47.522278629, -120.47001079)","Table 11- Orzechowski and Walker, Tax Burden on Tobacco","POL","450POL","450CGS","453CGS","2"
"WV","West Virginia","1974","OW","The Tax Burden on Tobacco","Cigarette Sales","Cigarette Consumption (Pack Sales Per Capita)","119,9",,"Pack","    (38.665510202, -80.712640135)","Table 11- Orzechowski and Walker, Tax Burden on Tobacco","POL","450POL","450CGS","453CGS","2"
"WV","West Virginia","1974","OW","The Tax Burden on Tobacco","Cigarette Sales","Average Cost per pack","0,452","$","Dollars","    (38.665510202, -80.712640135)","Table 13- Orzechowski and Walker, Tax Burden on Tobacco","POL","450POL","450CGS","455CGS","1"
"WI","Wisconsin","1974","OW","The Tax Burden on Tobacco","Cigarette Sales","Average Cost per pack","0,466","$","Dollars","    (44.393191174, -89.816370742)","Table 13- Orzechowski and Walker, Tax Burden on Tobacco","POL","450POL","450CGS","455CGS","1"
"WI","Wisconsin","1974","OW","The Tax Burden on Tobacco","Cigarette Sales","Cigarette Consumption (Pack Sales Per Capita)","111,8",,"Pack","    (44.393191174, -89.816370742)","Table 11- Orzechowski and Walker, Tax Burden on Tobacco","POL","450POL","450CGS","453CGS","2"
"WY","Wyoming","1974","OW","The Tax Burden on Tobacco","Cigarette Sales","Average Cost per pack","0,386","$","Dollars","    (43.235541343, -108.109830353)","Table 13- Orzechowski and Walker, Tax Burden on Tobacco","POL","450POL","450CGS","455CGS","1"
"WY","Wyoming","1974","OW","The Tax Burden on Tobacco","Cigarette Sales","Cigarette Consumption (Pack Sales Per Capita)","145,8",,"Pack","    (43.235541343, -108.109830353)","Table 11- Orzechowski and Walker, Tax Burden on Tobacco","POL","450POL","450CGS","453CGS","2"
"AL","Alabama","1973","OW","The Tax Burden on Tobacco","Cigarette Sales","Cigarette Consumption (Pack Sales Per Capita)","102,9",,"Pack","    (32.840571122, -86.631860762)","Table 11- Orzechowski and Walker, Tax Burden on Tobacco","POL","450POL","450CGS","453CGS","2"
"AL","Alabama","1973","OW","The Tax Burden on Tobacco","Cigarette Sales","Average Cost per pack","0,431","$","Dollars","    (32.840571122, -86.631860762)","Table 13- Orzechowski and Walker, Tax Burden on Tobacco","POL","450POL","450CGS","455CGS","1"
"AK","Alaska","1973","OW","The Tax Burden on Tobacco","Cigarette Sales","Cigarette Consumption (Pack Sales Per Capita)","125,8",,"Pack","    (64.845079957001, -147.722059036)","Table 11- Orzechowski and Walker, Tax Burden on Tobacco","POL","450POL","450CGS","453CGS","2"
"AK","Alaska","1973","OW","The Tax Burden on Tobacco","Cigarette Sales","Average Cost per pack","0,438","$","Dollars","    (64.845079957001, -147.722059036)","Table 13- Orzechowski and Walker, Tax Burden on Tobacco","POL","450POL","450CGS","455CGS","1"
"AZ","Arizona","1973","OW","The Tax Burden on Tobacco","Cigarette Sales","Cigarette Consumption (Pack Sales Per Capita)","128,3",,"Pack","    (34.86597028, -111.763811277)","Table 11- Orzechowski and Walker, Tax Burden on Tobacco","POL","450POL","450CGS","453CGS","2"
"AZ","Arizona","1973","OW","The Tax Burden on Tobacco","Cigarette Sales","Average Cost per pack","0,392","$","Dollars","    (34.86597028, -111.763811277)","Table 13- Orzechowski and Walker, Tax Burden on Tobacco","POL","450POL","450CGS","455CGS","1"
"AR","Arkansas","1973","OW","The Tax Burden on Tobacco","Cigarette Sales","Average Cost per pack","0,455","$","Dollars","    (34.748650124, -92.274490743)","Table 13- Orzechowski and Walker, Tax Burden on Tobacco","POL","450POL","450CGS","455CGS","1"
"AR","Arkansas","1973","OW","The Tax Burden on Tobacco","Cigarette Sales","Cigarette Consumption (Pack Sales Per Capita)","108",,"Pack","    (34.748650124, -92.274490743)","Table 11- Orzechowski and Walker, Tax Burden on Tobacco","POL","450POL","450CGS","453CGS","2"
"CA","California","1973","OW","The Tax Burden on Tobacco","Cigarette Sales","Average Cost per pack","0,419","$","Dollars","    (37.638640123, -120.999999538)","Table 13- Orzechowski and Walker, Tax Burden on Tobacco","POL","450POL","450CGS","455CGS","1"
"CA","California","1973","OW","The Tax Burden on Tobacco","Cigarette Sales","Cigarette Consumption (Pack Sales Per Capita)","124,4",,"Pack","    (37.638640123, -120.999999538)","Table 11- Orzechowski and Walker, Tax Burden on Tobacco","POL","450POL","450CGS","453CGS","2"
"CO","Colorado","1973","OW","The Tax Burden on Tobacco","Cigarette Sales","Average Cost per pack","0,381","$","Dollars","    (38.843840757, -106.133610921)","Table 13- Orzechowski and Walker, Tax Burden on Tobacco","POL","450POL","450CGS","455CGS","1"
"CO","Colorado","1973","OW","The Tax Burden on Tobacco","Cigarette Sales","Cigarette Consumption (Pack Sales Per Capita)","137,9",,"Pack","    (38.843840757, -106.133610921)","Table 11- Orzechowski and Walker, Tax Burden on Tobacco","POL","450POL","450CGS","453CGS","2"
"CT","Connecticut","1973","OW","The Tax Burden on Tobacco","Cigarette Sales","Cigarette Consumption (Pack Sales Per Capita)","109,3",,"Pack","    (41.56266102, -72.649840952)","Table 11- Orzechowski and Walker, Tax Burden on Tobacco","POL","450POL","450CGS","453CGS","2"
"CT","Connecticut","1973","OW","The Tax Burden on Tobacco","Cigarette Sales","Average Cost per pack","0,525","$","Dollars","    (41.56266102, -72.649840952)","Table 13- Orzechowski and Walker, Tax Burden on Tobacco","POL","450POL","450CGS","455CGS","1"
"DE","Delaware","1973","OW","The Tax Burden on Tobacco","Cigarette Sales","Average Cost per pack","0,442","$","Dollars","    (39.008830667, -75.577741168)","Table 13- Orzechowski and Walker, Tax Burden on Tobacco","POL","450POL","450CGS","455CGS","1"
"DE","Delaware","1973","OW","The Tax Burden on Tobacco","Cigarette Sales","Cigarette Consumption (Pack Sales Per Capita)","154,7",,"Pack","    (39.008830667, -75.577741168)","Table 11- Orzechowski and Walker, Tax Burden on Tobacco","POL","450POL","450CGS","453CGS","2"
"DC","District of Columbia","1973","OW","The Tax Burden on Tobacco","Cigarette Sales","Cigarette Consumption (Pack Sales Per Capita)","209,4",,"Pack","    (38.890371385, -77.031961127)","Table 11- Orzechowski and Walker, Tax Burden on Tobacco","POL","450POL","450CGS","453CGS","2"
"DC","District of Columbia","1973","OW","The Tax Burden on Tobacco","Cigarette Sales","Average Cost per pack","0,36","$","Dollars","    (38.890371385, -77.031961127)","Table 13- Orzechowski and Walker, Tax Burden on Tobacco","POL","450POL","450CGS","455CGS","1"
"FL","Florida","1973","OW","The Tax Burden on Tobacco","Cigarette Sales","Cigarette Consumption (Pack Sales Per Capita)","132,6",,"Pack","    (28.932040377, -81.928960539)","Table 11- Orzechowski and Walker, Tax Burden on Tobacco","POL","450POL","450CGS","453CGS","2"
"FL","Florida","1973","OW","The Tax Burden on Tobacco","Cigarette Sales","Average Cost per pack","0,481","$","Dollars","    (28.932040377, -81.928960539)","Table 13- Orzechowski and Walker, Tax Burden on Tobacco","POL","450POL","450CGS","455CGS","1"
"GA","Georgia","1973","OW","The Tax Burden on Tobacco","Cigarette Sales","Average Cost per pack","0,424","$","Dollars","    (32.839681093, -83.627580346)","Table 13- Orzechowski and Walker, Tax Burden on Tobacco","POL","450POL","450CGS","455CGS","1"
"GA","Georgia","1973","OW","The Tax Burden on Tobacco","Cigarette Sales","Cigarette Consumption (Pack Sales Per Capita)","119,8",,"Pack","    (32.839681093, -83.627580346)","Table 11- Orzechowski and Walker, Tax Burden on Tobacco","POL","450POL","450CGS","453CGS","2"
"HI","Hawaii","1973","OW","The Tax Burden on Tobacco","Cigarette Sales","Average Cost per pack","0,407","$","Dollars","    (21.304850435, -157.857749403)","Table 13- Orzechowski and Walker, Tax Burden on Tobacco","POL","450POL","450CGS","455CGS","1"
"HI","Hawaii","1973","OW","The Tax Burden on Tobacco","Cigarette Sales","Cigarette Consumption (Pack Sales Per Capita)","79,2",,"Pack","    (21.304850435, -157.857749403)","Table 11- Orzechowski and Walker, Tax Burden on Tobacco","POL","450POL","450CGS","453CGS","2"
"ID","Idaho","1973","OW","The Tax Burden on Tobacco","Cigarette Sales","Average Cost per pack","0,38","$","Dollars","    (43.682630005, -114.363730042)","Table 13- Orzechowski and Walker, Tax Burden on Tobacco","POL","450POL","450CGS","455CGS","1"
"ID","Idaho","1973","OW","The Tax Burden on Tobacco","Cigarette Sales","Cigarette Consumption (Pack Sales Per Capita)","121,8",,"Pack","    (43.682630005, -114.363730042)","Table 11- Orzechowski and Walker, Tax Burden on Tobacco","POL","450POL","450CGS","453CGS","2"
"IL","Illinois","1973","OW","The Tax Burden on Tobacco","Cigarette Sales","Average Cost per pack","0,419","$","Dollars","    (40.485010283, -88.997710178)","Table 13- Orzechowski and Walker, Tax Burden on Tobacco","POL","450POL","450CGS","455CGS","1"
"IL","Illinois","1973","OW","The Tax Burden on Tobacco","Cigarette Sales","Cigarette Consumption (Pack Sales Per Capita)","124,4",,"Pack","    (40.485010283, -88.997710178)","Table 11- Orzechowski and Walker, Tax Burden on Tobacco","POL","450POL","450CGS","453CGS","2"
"IN","Indiana","1973","OW","The Tax Burden on Tobacco","Cigarette Sales","Cigarette Consumption (Pack Sales Per Capita)","156",,"Pack","    (39.766910452, -86.149960194)","Table 11- Orzechowski and Walker, Tax Burden on Tobacco","POL","450POL","450CGS","453CGS","2"
"IN","Indiana","1973","OW","The Tax Burden on Tobacco","Cigarette Sales","Average Cost per pack","0,345","$","Dollars","    (39.766910452, -86.149960194)","Table 13- Orzechowski and Walker, Tax Burden on Tobacco","POL","450POL","450CGS","455CGS","1"
"IA","Iowa","1973","OW","The Tax Burden on Tobacco","Cigarette Sales","Average Cost per pack","0,432","$","Dollars","    (42.469400913, -93.816490556)","Table 13- Orzechowski and Walker, Tax Burden on Tobacco","POL","450POL","450CGS","455CGS","1"
"IA","Iowa","1973","OW","The Tax Burden on Tobacco","Cigarette Sales","Cigarette Consumption (Pack Sales Per Capita)","110,6",,"Pack","    (42.469400913, -93.816490556)","Table 11- Orzechowski and Walker, Tax Burden on Tobacco","POL","450POL","450CGS","453CGS","2"
"KS","Kansas","1973","OW","The Tax Burden on Tobacco","Cigarette Sales","Average Cost per pack","0,402","$","Dollars","    (38.3477403, -98.200781227)","Table 13- Orzechowski and Walker, Tax Burden on Tobacco","POL","450POL","450CGS","455CGS","1"
"KS","Kansas","1973","OW","The Tax Burden on Tobacco","Cigarette Sales","Cigarette Consumption (Pack Sales Per Capita)","115,2",,"Pack","    (38.3477403, -98.200781227)","Table 11- Orzechowski and Walker, Tax Burden on Tobacco","POL","450POL","450CGS","453CGS","2"
"KY","Kentucky","1973","OW","The Tax Burden on Tobacco","Cigarette Sales","Average Cost per pack","0,315","$","Dollars","    (37.645970271, -84.774971048)","Table 13- Orzechowski and Walker, Tax Burden on Tobacco","POL","450POL","450CGS","455CGS","1"
"KY","Kentucky","1973","OW","The Tax Burden on Tobacco","Cigarette Sales","Cigarette Consumption (Pack Sales Per Capita)","201,9",,"Pack","    (37.645970271, -84.774971048)","Table 11- Orzechowski and Walker, Tax Burden on Tobacco","POL","450POL","450CGS","453CGS","2"
"LA","Louisiana","1973","OW","The Tax Burden on Tobacco","Cigarette Sales","Cigarette Consumption (Pack Sales Per Capita)","126,7",,"Pack","    (31.312660644, -92.445680071)","Table 11- Orzechowski and Walker, Tax Burden on Tobacco","POL","450POL","450CGS","453CGS","2"
"LA","Louisiana","1973","OW","The Tax Burden on Tobacco","Cigarette Sales","Average Cost per pack","0,416","$","Dollars","    (31.312660644, -92.445680071)","Table 13- Orzechowski and Walker, Tax Burden on Tobacco","POL","450POL","450CGS","455CGS","1"
"ME","Maine","1973","OW","The Tax Burden on Tobacco","Cigarette Sales","Cigarette Consumption (Pack Sales Per Capita)","138",,"Pack","    (45.254228894001, -68.985031336)","Table 11- Orzechowski and Walker, Tax Burden on Tobacco","POL","450POL","450CGS","453CGS","2"
"ME","Maine","1973","OW","The Tax Burden on Tobacco","Cigarette Sales","Average Cost per pack","0,418","$","Dollars","    (45.254228894001, -68.985031336)","Table 13- Orzechowski and Walker, Tax Burden on Tobacco","POL","450POL","450CGS","455CGS","1"
"MD","Maryland","1973","OW","The Tax Burden on Tobacco","Cigarette Sales","Cigarette Consumption (Pack Sales Per Capita)","137,3",,"Pack","    (39.290580964, -76.609260111)","Table 11- Orzechowski and Walker, Tax Burden on Tobacco","POL","450POL","450CGS","453CGS","2"
"MD","Maryland","1973","OW","The Tax Burden on Tobacco","Cigarette Sales","Average Cost per pack","0,358","$","Dollars","    (39.290580964, -76.609260111)","Table 13- Orzechowski and Walker, Tax Burden on Tobacco","POL","450POL","450CGS","455CGS","1"
"MA","Massachusetts","1973","OW","The Tax Burden on Tobacco","Cigarette Sales","Average Cost per pack","0,463","$","Dollars","    (42.27687047, -72.082690675)","Table 13- Orzechowski and Walker, Tax Burden on Tobacco","POL","450POL","450CGS","455CGS","1"
"MA","Massachusetts","1973","OW","The Tax Burden on Tobacco","Cigarette Sales","Cigarette Consumption (Pack Sales Per Capita)","121,2",,"Pack","    (42.27687047, -72.082690675)","Table 11- Orzechowski and Walker, Tax Burden on Tobacco","POL","450POL","450CGS","453CGS","2"
"MI","Michigan","1973","OW","The Tax Burden on Tobacco","Cigarette Sales","Average Cost per pack","0,411","$","Dollars","    (44.661319543001, -84.71439027)","Table 13- Orzechowski and Walker, Tax Burden on Tobacco","POL","450POL","450CGS","455CGS","1"
"MI","Michigan","1973","OW","The Tax Burden on Tobacco","Cigarette Sales","Cigarette Consumption (Pack Sales Per Capita)","133,7",,"Pack","    (44.661319543001, -84.71439027)","Table 11- Orzechowski and Walker, Tax Burden on Tobacco","POL","450POL","450CGS","453CGS","2"
"MN","Minnesota","1973","OW","The Tax Burden on Tobacco","Cigarette Sales","Cigarette Consumption (Pack Sales Per Capita)","106,8",,"Pack","    (46.355648736, -94.794200503)","Table 11- Orzechowski and Walker, Tax Burden on Tobacco","POL","450POL","450CGS","453CGS","2"
"MN","Minnesota","1973","OW","The Tax Burden on Tobacco","Cigarette Sales","Average Cost per pack","0,47","$","Dollars","    (46.355648736, -94.794200503)","Table 13- Orzechowski and Walker, Tax Burden on Tobacco","POL","450POL","450CGS","455CGS","1"
"MS","Mississippi","1973","OW","The Tax Burden on Tobacco","Cigarette Sales","Average Cost per pack","0,414","$","Dollars","    (32.745510099, -89.538030825)","Table 13- Orzechowski and Walker, Tax Burden on Tobacco","POL","450POL","450CGS","455CGS","1"
"MS","Mississippi","1973","OW","The Tax Burden on Tobacco","Cigarette Sales","Cigarette Consumption (Pack Sales Per Capita)","115",,"Pack","    (32.745510099, -89.538030825)","Table 11- Orzechowski and Walker, Tax Burden on Tobacco","POL","450POL","450CGS","453CGS","2"
"MO","Missouri","1973","OW","The Tax Burden on Tobacco","Cigarette Sales","Average Cost per pack","0,38","$","Dollars","    (38.635790776, -92.566300053)","Table 13- Orzechowski and Walker, Tax Burden on Tobacco","POL","450POL","450CGS","455CGS","1"
"MO","Missouri","1973","OW","The Tax Burden on Tobacco","Cigarette Sales","Cigarette Consumption (Pack Sales Per Capita)","132,1",,"Pack","    (38.635790776, -92.566300053)","Table 11- Orzechowski and Walker, Tax Burden on Tobacco","POL","450POL","450CGS","453CGS","2"
"MT","Montana","1973","OW","The Tax Burden on Tobacco","Cigarette Sales","Average Cost per pack","0,418","$","Dollars","    (47.066528972, -109.424420645)","Table 13- Orzechowski and Walker, Tax Burden on Tobacco","POL","450POL","450CGS","455CGS","1"
"MT","Montana","1973","OW","The Tax Burden on Tobacco","Cigarette Sales","Cigarette Consumption (Pack Sales Per Capita)","119,9",,"Pack","    (47.066528972, -109.424420645)","Table 11- Orzechowski and Walker, Tax Burden on Tobacco","POL","450POL","450CGS","453CGS","2"
"NE","Nebraska","1973","OW","The Tax Burden on Tobacco","Cigarette Sales","Cigarette Consumption (Pack Sales Per Capita)","106,6",,"Pack","    (41.641040988001, -99.365720623)","Table 11- Orzechowski and Walker, Tax Burden on Tobacco","POL","450POL","450CGS","453CGS","2"
"NE","Nebraska","1973","OW","The Tax Burden on Tobacco","Cigarette Sales","Average Cost per pack","0,42","$","Dollars","    (41.641040988001, -99.365720623)","Table 13- Orzechowski and Walker, Tax Burden on Tobacco","POL","450POL","450CGS","455CGS","1"
"NV","Nevada","1973","OW","The Tax Burden on Tobacco","Cigarette Sales","Cigarette Consumption (Pack Sales Per Capita)","201,5",,"Pack","    (39.49324039, -117.071840564)","Table 11- Orzechowski and Walker, Tax Burden on Tobacco","POL","450POL","450CGS","453CGS","2"
"NV","Nevada","1973","OW","The Tax Burden on Tobacco","Cigarette Sales","Average Cost per pack","0,419","$","Dollars","    (39.49324039, -117.071840564)","Table 13- Orzechowski and Walker, Tax Burden on Tobacco","POL","450POL","450CGS","455CGS","1"
"NH","New Hampshire","1973","OW","The Tax Burden on Tobacco","Cigarette Sales","Average Cost per pack","0,379","$","Dollars","    (43.655950113, -71.50036092)","Table 13- Orzechowski and Walker, Tax Burden on Tobacco","POL","450POL","450CGS","455CGS","1"
"NH","New Hampshire","1973","OW","The Tax Burden on Tobacco","Cigarette Sales","Cigarette Consumption (Pack Sales Per Capita)","279",,"Pack","    (43.655950113, -71.50036092)","Table 11- Orzechowski and Walker, Tax Burden on Tobacco","POL","450POL","450CGS","453CGS","2"
"NJ","New Jersey","1973","OW","The Tax Burden on Tobacco","Cigarette Sales","Cigarette Consumption (Pack Sales Per Capita)","120,2",,"Pack","    (40.130570048, -74.273691288)","Table 11- Orzechowski and Walker, Tax Burden on Tobacco","POL","450POL","450CGS","453CGS","2"
"NJ","New Jersey","1973","OW","The Tax Burden on Tobacco","Cigarette Sales","Average Cost per pack","0,502","$","Dollars","    (40.130570048, -74.273691288)","Table 13- Orzechowski and Walker, Tax Burden on Tobacco","POL","450POL","450CGS","455CGS","1"
"NM","New Mexico","1973","OW","The Tax Burden on Tobacco","Cigarette Sales","Cigarette Consumption (Pack Sales Per Capita)","98,9",,"Pack","    (34.520880952, -106.240580985)","Table 11- Orzechowski and Walker, Tax Burden on Tobacco","POL","450POL","450CGS","453CGS","2"
"NM","New Mexico","1973","OW","The Tax Burden on Tobacco","Cigarette Sales","Average Cost per pack","0,437","$","Dollars","    (34.520880952, -106.240580985)","Table 13- Orzechowski and Walker, Tax Burden on Tobacco","POL","450POL","450CGS","455CGS","1"
"NY","New York","1973","OW","The Tax Burden on Tobacco","Cigarette Sales","Average Cost per pack","0,474","$","Dollars","    (42.827001032, -75.543970427)","Table 13- Orzechowski and Walker, Tax Burden on Tobacco","POL","450POL","450CGS","455CGS","1"
"NY","New York","1973","OW","The Tax Burden on Tobacco","Cigarette Sales","Cigarette Consumption (Pack Sales Per Capita)","118,7",,"Pack","    (42.827001032, -75.543970427)","Table 11- Orzechowski and Walker, Tax Burden on Tobacco","POL","450POL","450CGS","453CGS","2"
"NC","North Carolina","1973","OW","The Tax Burden on Tobacco","Cigarette Sales","Average Cost per pack","0,301","$","Dollars","    (35.466220975, -79.159250463)","Table 13- Orzechowski and Walker, Tax Burden on Tobacco","POL","450POL","450CGS","455CGS","1"
"NC","North Carolina","1973","OW","The Tax Burden on Tobacco","Cigarette Sales","Cigarette Consumption (Pack Sales Per Capita)","226,5",,"Pack","    (35.466220975, -79.159250463)","Table 11- Orzechowski and Walker, Tax Burden on Tobacco","POL","450POL","450CGS","453CGS","2"
"ND","North Dakota","1973","OW","The Tax Burden on Tobacco","Cigarette Sales","Cigarette Consumption (Pack Sales Per Capita)","108,7",,"Pack","    (47.475319779, -100.118421049)","Table 11- Orzechowski and Walker, Tax Burden on Tobacco","POL","450POL","450CGS","453CGS","2"
"ND","North Dakota","1973","OW","The Tax Burden on Tobacco","Cigarette Sales","Average Cost per pack","0,399","$","Dollars","    (47.475319779, -100.118421049)","Table 13- Orzechowski and Walker, Tax Burden on Tobacco","POL","450POL","450CGS","455CGS","1"
"OH","Ohio","1973","OW","The Tax Burden on Tobacco","Cigarette Sales","Average Cost per pack","0,429","$","Dollars","    (40.060210141, -82.404260056)","Table 13- Orzechowski and Walker, Tax Burden on Tobacco","POL","450POL","450CGS","455CGS","1"
"OH","Ohio","1973","OW","The Tax Burden on Tobacco","Cigarette Sales","Cigarette Consumption (Pack Sales Per Capita)","120,5",,"Pack","    (40.060210141, -82.404260056)","Table 11- Orzechowski and Walker, Tax Burden on Tobacco","POL","450POL","450CGS","453CGS","2"
"OK","Oklahoma","1973","OW","The Tax Burden on Tobacco","Cigarette Sales","Cigarette Consumption (Pack Sales Per Capita)","124,1",,"Pack","    (35.472031356, -97.521070214)","Table 11- Orzechowski and Walker, Tax Burden on Tobacco","POL","450POL","450CGS","453CGS","2"
"OK","Oklahoma","1973","OW","The Tax Burden on Tobacco","Cigarette Sales","Average Cost per pack","0,41","$","Dollars","    (35.472031356, -97.521070214)","Table 13- Orzechowski and Walker, Tax Burden on Tobacco","POL","450POL","450CGS","455CGS","1"
"OR","Oregon","1973","OW","The Tax Burden on Tobacco","Cigarette Sales","Cigarette Consumption (Pack Sales Per Capita)","155,3",,"Pack","    (44.567449424, -120.155031326)","Table 11- Orzechowski and Walker, Tax Burden on Tobacco","POL","450POL","450CGS","453CGS","2"
"OR","Oregon","1973","OW","The Tax Burden on Tobacco","Cigarette Sales","Average Cost per pack","0,366","$","Dollars","    (44.567449424, -120.155031326)","Table 13- Orzechowski and Walker, Tax Burden on Tobacco","POL","450POL","450CGS","455CGS","1"
"PA","Pennsylvania","1973","OW","The Tax Burden on Tobacco","Cigarette Sales","Cigarette Consumption (Pack Sales Per Capita)","110,7",,"Pack","    (40.793730152, -77.860700294)","Table 11- Orzechowski and Walker, Tax Burden on Tobacco","POL","450POL","450CGS","453CGS","2"
"PA","Pennsylvania","1973","OW","The Tax Burden on Tobacco","Cigarette Sales","Average Cost per pack","0,466","$","Dollars","    (40.793730152, -77.860700294)","Table 13- Orzechowski and Walker, Tax Burden on Tobacco","POL","450POL","450CGS","455CGS","1"
"RI","Rhode Island","1973","OW","The Tax Burden on Tobacco","Cigarette Sales","Cigarette Consumption (Pack Sales Per Capita)","142",,"Pack","    (41.708280193, -71.522470314)","Table 11- Orzechowski and Walker, Tax Burden on Tobacco","POL","450POL","450CGS","453CGS","2"
"RI","Rhode Island","1973","OW","The Tax Burden on Tobacco","Cigarette Sales","Average Cost per pack","0,413","$","Dollars","    (41.708280193, -71.522470314)","Table 13- Orzechowski and Walker, Tax Burden on Tobacco","POL","450POL","450CGS","455CGS","1"
"SC","South Carolina","1973","OW","The Tax Burden on Tobacco","Cigarette Sales","Average Cost per pack","0,352","$","Dollars","    (33.998821303, -81.045371207)","Table 13- Orzechowski and Walker, Tax Burden on Tobacco","POL","450POL","450CGS","455CGS","1"
"SC","South Carolina","1973","OW","The Tax Burden on Tobacco","Cigarette Sales","Cigarette Consumption (Pack Sales Per Capita)","125,5",,"Pack","    (33.998821303, -81.045371207)","Table 11- Orzechowski and Walker, Tax Burden on Tobacco","POL","450POL","450CGS","453CGS","2"
"SD","South Dakota","1973","OW","The Tax Burden on Tobacco","Cigarette Sales","Cigarette Consumption (Pack Sales Per Capita)","103,5",,"Pack","    (44.353130053, -100.373530637)","Table 11- Orzechowski and Walker, Tax Burden on Tobacco","POL","450POL","450CGS","453CGS","2"
"SD","South Dakota","1973","OW","The Tax Burden on Tobacco","Cigarette Sales","Average Cost per pack","0,404","$","Dollars","    (44.353130053, -100.373530637)","Table 13- Orzechowski and Walker, Tax Burden on Tobacco","POL","450POL","450CGS","455CGS","1"
"TN","Tennessee","1973","OW","The Tax Burden on Tobacco","Cigarette Sales","Cigarette Consumption (Pack Sales Per Capita)","109,7",,"Pack","    (35.68094058, -85.774490914)","Table 11- Orzechowski and Walker, Tax Burden on Tobacco","POL","450POL","450CGS","453CGS","2"
"TN","Tennessee","1973","OW","The Tax Burden on Tobacco","Cigarette Sales","Average Cost per pack","0,425","$","Dollars","    (35.68094058, -85.774490914)","Table 13- Orzechowski and Walker, Tax Burden on Tobacco","POL","450POL","450CGS","455CGS","1"
"TX","Texas","1973","OW","The Tax Burden on Tobacco","Cigarette Sales","Cigarette Consumption (Pack Sales Per Capita)","110,4",,"Pack","    (31.827240407, -99.426770206)","Table 11- Orzechowski and Walker, Tax Burden on Tobacco","POL","450POL","450CGS","453CGS","2"
"TX","Texas","1973","OW","The Tax Burden on Tobacco","Cigarette Sales","Average Cost per pack","0,475","$","Dollars","    (31.827240407, -99.426770206)","Table 13- Orzechowski and Walker, Tax Burden on Tobacco","POL","450POL","450CGS","455CGS","1"
"UT","Utah","1973","OW","The Tax Burden on Tobacco","Cigarette Sales","Average Cost per pack","0,378","$","Dollars","    (39.360700171, -111.587130635)","Table 13- Orzechowski and Walker, Tax Burden on Tobacco","POL","450POL","450CGS","455CGS","1"
"UT","Utah","1973","OW","The Tax Burden on Tobacco","Cigarette Sales","Cigarette Consumption (Pack Sales Per Capita)","72,7",,"Pack","    (39.360700171, -111.587130635)","Table 11- Orzechowski and Walker, Tax Burden on Tobacco","POL","450POL","450CGS","453CGS","2"
"VT","Vermont","1973","OW","The Tax Burden on Tobacco","Cigarette Sales","Cigarette Consumption (Pack Sales Per Capita)","146,8",,"Pack","    (43.625381239, -72.517640791)","Table 11- Orzechowski and Walker, Tax Burden on Tobacco","POL","450POL","450CGS","453CGS","2"
"VT","Vermont","1973","OW","The Tax Burden on Tobacco","Cigarette Sales","Average Cost per pack","0,413","$","Dollars","    (43.625381239, -72.517640791)","Table 13- Orzechowski and Walker, Tax Burden on Tobacco","POL","450POL","450CGS","455CGS","1"
"VA","Virginia","1973","OW","The Tax Burden on Tobacco","Cigarette Sales","Average Cost per pack","0,313","$","Dollars","    (37.542680674, -78.457890463)","Table 13- Orzechowski and Walker, Tax Burden on Tobacco","POL","450POL","450CGS","455CGS","1"
"VA","Virginia","1973","OW","The Tax Burden on Tobacco","Cigarette Sales","Cigarette Consumption (Pack Sales Per Capita)","143,1",,"Pack","    (37.542680674, -78.457890463)","Table 11- Orzechowski and Walker, Tax Burden on Tobacco","POL","450POL","450CGS","453CGS","2"
"WA","Washington","1973","OW","The Tax Burden on Tobacco","Cigarette Sales","Cigarette Consumption (Pack Sales Per Capita)","91",,"Pack","    (47.522278629, -120.47001079)","Table 11- Orzechowski and Walker, Tax Burden on Tobacco","POL","450POL","450CGS","453CGS","2"
"WA","Washington","1973","OW","The Tax Burden on Tobacco","Cigarette Sales","Average Cost per pack","0,469","$","Dollars","    (47.522278629, -120.47001079)","Table 13- Orzechowski and Walker, Tax Burden on Tobacco","POL","450POL","450CGS","455CGS","1"
"WV","West Virginia","1973","OW","The Tax Burden on Tobacco","Cigarette Sales","Cigarette Consumption (Pack Sales Per Capita)","116,6",,"Pack","    (38.665510202, -80.712640135)","Table 11- Orzechowski and Walker, Tax Burden on Tobacco","POL","450POL","450CGS","453CGS","2"
"WV","West Virginia","1973","OW","The Tax Burden on Tobacco","Cigarette Sales","Average Cost per pack","0,42","$","Dollars","    (38.665510202, -80.712640135)","Table 13- Orzechowski and Walker, Tax Burden on Tobacco","POL","450POL","450CGS","455CGS","1"
"WI","Wisconsin","1973","OW","The Tax Burden on Tobacco","Cigarette Sales","Average Cost per pack","0,439","$","Dollars","    (44.393191174, -89.816370742)","Table 13- Orzechowski and Walker, Tax Burden on Tobacco","POL","450POL","450CGS","455CGS","1"
"WI","Wisconsin","1973","OW","The Tax Burden on Tobacco","Cigarette Sales","Cigarette Consumption (Pack Sales Per Capita)","109,5",,"Pack","    (44.393191174, -89.816370742)","Table 11- Orzechowski and Walker, Tax Burden on Tobacco","POL","450POL","450CGS","453CGS","2"
"WY","Wyoming","1973","OW","The Tax Burden on Tobacco","Cigarette Sales","Cigarette Consumption (Pack Sales Per Capita)","141,2",,"Pack","    (43.235541343, -108.109830353)","Table 11- Orzechowski and Walker, Tax Burden on Tobacco","POL","450POL","450CGS","453CGS","2"
"WY","Wyoming","1973","OW","The Tax Burden on Tobacco","Cigarette Sales","Average Cost per pack","0,358","$","Dollars","    (43.235541343, -108.109830353)","Table 13- Orzechowski and Walker, Tax Burden on Tobacco","POL","450POL","450CGS","455CGS","1"
"AL","Alabama","1972","OW","The Tax Burden on Tobacco","Cigarette Sales","Average Cost per pack","0,421","$","Dollars","    (32.840571122, -86.631860762)","Table 13- Orzechowski and Walker, Tax Burden on Tobacco","POL","450POL","450CGS","455CGS","1"
"AL","Alabama","1972","OW","The Tax Burden on Tobacco","Cigarette Sales","Cigarette Consumption (Pack Sales Per Capita)","101,1",,"Pack","    (32.840571122, -86.631860762)","Table 11- Orzechowski and Walker, Tax Burden on Tobacco","POL","450POL","450CGS","453CGS","2"
"AK","Alaska","1972","OW","The Tax Burden on Tobacco","Cigarette Sales","Cigarette Consumption (Pack Sales Per Capita)","130",,"Pack","    (64.845079957001, -147.722059036)","Table 11- Orzechowski and Walker, Tax Burden on Tobacco","POL","450POL","450CGS","453CGS","2"
"AK","Alaska","1972","OW","The Tax Burden on Tobacco","Cigarette Sales","Average Cost per pack","0,42","$","Dollars","    (64.845079957001, -147.722059036)","Table 13- Orzechowski and Walker, Tax Burden on Tobacco","POL","450POL","450CGS","455CGS","1"
"AZ","Arizona","1972","OW","The Tax Burden on Tobacco","Cigarette Sales","Cigarette Consumption (Pack Sales Per Capita)","125",,"Pack","    (34.86597028, -111.763811277)","Table 11- Orzechowski and Walker, Tax Burden on Tobacco","POL","450POL","450CGS","453CGS","2"
"AZ","Arizona","1972","OW","The Tax Burden on Tobacco","Cigarette Sales","Average Cost per pack","0,387","$","Dollars","    (34.86597028, -111.763811277)","Table 13- Orzechowski and Walker, Tax Burden on Tobacco","POL","450POL","450CGS","455CGS","1"
"AR","Arkansas","1972","OW","The Tax Burden on Tobacco","Cigarette Sales","Cigarette Consumption (Pack Sales Per Capita)","103,9",,"Pack","    (34.748650124, -92.274490743)","Table 11- Orzechowski and Walker, Tax Burden on Tobacco","POL","450POL","450CGS","453CGS","2"
"AR","Arkansas","1972","OW","The Tax Burden on Tobacco","Cigarette Sales","Average Cost per pack","0,451","$","Dollars","    (34.748650124, -92.274490743)","Table 13- Orzechowski and Walker, Tax Burden on Tobacco","POL","450POL","450CGS","455CGS","1"
"CA","California","1972","OW","The Tax Burden on Tobacco","Cigarette Sales","Average Cost per pack","0,399","$","Dollars","    (37.638640123, -120.999999538)","Table 13- Orzechowski and Walker, Tax Burden on Tobacco","POL","450POL","450CGS","455CGS","1"
"CA","California","1972","OW","The Tax Burden on Tobacco","Cigarette Sales","Cigarette Consumption (Pack Sales Per Capita)","123,5",,"Pack","    (37.638640123, -120.999999538)","Table 11- Orzechowski and Walker, Tax Burden on Tobacco","POL","450POL","450CGS","453CGS","2"
"CO","Colorado","1972","OW","The Tax Burden on Tobacco","Cigarette Sales","Average Cost per pack","0,327","$","Dollars","    (38.843840757, -106.133610921)","Table 13- Orzechowski and Walker, Tax Burden on Tobacco","POL","450POL","450CGS","455CGS","1"
"CO","Colorado","1972","OW","The Tax Burden on Tobacco","Cigarette Sales","Cigarette Consumption (Pack Sales Per Capita)","134,3",,"Pack","    (38.843840757, -106.133610921)","Table 11- Orzechowski and Walker, Tax Burden on Tobacco","POL","450POL","450CGS","453CGS","2"
"CT","Connecticut","1972","OW","The Tax Burden on Tobacco","Cigarette Sales","Average Cost per pack","0,506","$","Dollars","    (41.56266102, -72.649840952)","Table 13- Orzechowski and Walker, Tax Burden on Tobacco","POL","450POL","450CGS","455CGS","1"
"CT","Connecticut","1972","OW","The Tax Burden on Tobacco","Cigarette Sales","Cigarette Consumption (Pack Sales Per Capita)","110,8",,"Pack","    (41.56266102, -72.649840952)","Table 11- Orzechowski and Walker, Tax Burden on Tobacco","POL","450POL","450CGS","453CGS","2"
"DE","Delaware","1972","OW","The Tax Burden on Tobacco","Cigarette Sales","Average Cost per pack","0,44","$","Dollars","    (39.008830667, -75.577741168)","Table 13- Orzechowski and Walker, Tax Burden on Tobacco","POL","450POL","450CGS","455CGS","1"
"DE","Delaware","1972","OW","The Tax Burden on Tobacco","Cigarette Sales","Cigarette Consumption (Pack Sales Per Capita)","156,3",,"Pack","    (39.008830667, -75.577741168)","Table 11- Orzechowski and Walker, Tax Burden on Tobacco","POL","450POL","450CGS","453CGS","2"
"DC","District of Columbia","1972","OW","The Tax Burden on Tobacco","Cigarette Sales","Cigarette Consumption (Pack Sales Per Capita)","220,6",,"Pack","    (38.890371385, -77.031961127)","Table 11- Orzechowski and Walker, Tax Burden on Tobacco","POL","450POL","450CGS","453CGS","2"
"DC","District of Columbia","1972","OW","The Tax Burden on Tobacco","Cigarette Sales","Average Cost per pack","0,345","$","Dollars","    (38.890371385, -77.031961127)","Table 13- Orzechowski and Walker, Tax Burden on Tobacco","POL","450POL","450CGS","455CGS","1"
"FL","Florida","1972","OW","The Tax Burden on Tobacco","Cigarette Sales","Cigarette Consumption (Pack Sales Per Capita)","126",,"Pack","    (28.932040377, -81.928960539)","Table 11- Orzechowski and Walker, Tax Burden on Tobacco","POL","450POL","450CGS","453CGS","2"
"FL","Florida","1972","OW","The Tax Burden on Tobacco","Cigarette Sales","Average Cost per pack","0,474","$","Dollars","    (28.932040377, -81.928960539)","Table 13- Orzechowski and Walker, Tax Burden on Tobacco","POL","450POL","450CGS","455CGS","1"
"GA","Georgia","1972","OW","The Tax Burden on Tobacco","Cigarette Sales","Average Cost per pack","0,424","$","Dollars","    (32.839681093, -83.627580346)","Table 13- Orzechowski and Walker, Tax Burden on Tobacco","POL","450POL","450CGS","455CGS","1"
"GA","Georgia","1972","OW","The Tax Burden on Tobacco","Cigarette Sales","Cigarette Consumption (Pack Sales Per Capita)","117",,"Pack","    (32.839681093, -83.627580346)","Table 11- Orzechowski and Walker, Tax Burden on Tobacco","POL","450POL","450CGS","453CGS","2"
"HI","Hawaii","1972","OW","The Tax Burden on Tobacco","Cigarette Sales","Cigarette Consumption (Pack Sales Per Capita)","81,6",,"Pack","    (21.304850435, -157.857749403)","Table 11- Orzechowski and Walker, Tax Burden on Tobacco","POL","450POL","450CGS","453CGS","2"
"HI","Hawaii","1972","OW","The Tax Burden on Tobacco","Cigarette Sales","Average Cost per pack","0,377","$","Dollars","    (21.304850435, -157.857749403)","Table 13- Orzechowski and Walker, Tax Burden on Tobacco","POL","450POL","450CGS","455CGS","1"
"ID","Idaho","1972","OW","The Tax Burden on Tobacco","Cigarette Sales","Cigarette Consumption (Pack Sales Per Capita)","126,1",,"Pack","    (43.682630005, -114.363730042)","Table 11- Orzechowski and Walker, Tax Burden on Tobacco","POL","450POL","450CGS","453CGS","2"
"ID","Idaho","1972","OW","The Tax Burden on Tobacco","Cigarette Sales","Average Cost per pack","0,363","$","Dollars","    (43.682630005, -114.363730042)","Table 13- Orzechowski and Walker, Tax Burden on Tobacco","POL","450POL","450CGS","455CGS","1"
"IL","Illinois","1972","OW","The Tax Burden on Tobacco","Cigarette Sales","Cigarette Consumption (Pack Sales Per Capita)","126,6",,"Pack","    (40.485010283, -88.997710178)","Table 11- Orzechowski and Walker, Tax Burden on Tobacco","POL","450POL","450CGS","453CGS","2"
"IL","Illinois","1972","OW","The Tax Burden on Tobacco","Cigarette Sales","Average Cost per pack","0,41","$","Dollars","    (40.485010283, -88.997710178)","Table 13- Orzechowski and Walker, Tax Burden on Tobacco","POL","450POL","450CGS","455CGS","1"
"IN","Indiana","1972","OW","The Tax Burden on Tobacco","Cigarette Sales","Cigarette Consumption (Pack Sales Per Capita)","149,2",,"Pack","    (39.766910452, -86.149960194)","Table 11- Orzechowski and Walker, Tax Burden on Tobacco","POL","450POL","450CGS","453CGS","2"
"IN","Indiana","1972","OW","The Tax Burden on Tobacco","Cigarette Sales","Average Cost per pack","0,329","$","Dollars","    (39.766910452, -86.149960194)","Table 13- Orzechowski and Walker, Tax Burden on Tobacco","POL","450POL","450CGS","455CGS","1"
"IA","Iowa","1972","OW","The Tax Burden on Tobacco","Cigarette Sales","Cigarette Consumption (Pack Sales Per Capita)","109,4",,"Pack","    (42.469400913, -93.816490556)","Table 11- Orzechowski and Walker, Tax Burden on Tobacco","POL","450POL","450CGS","453CGS","2"
"IA","Iowa","1972","OW","The Tax Burden on Tobacco","Cigarette Sales","Average Cost per pack","0,419","$","Dollars","    (42.469400913, -93.816490556)","Table 13- Orzechowski and Walker, Tax Burden on Tobacco","POL","450POL","450CGS","455CGS","1"
"KS","Kansas","1972","OW","The Tax Burden on Tobacco","Cigarette Sales","Cigarette Consumption (Pack Sales Per Capita)","111",,"Pack","    (38.3477403, -98.200781227)","Table 11- Orzechowski and Walker, Tax Burden on Tobacco","POL","450POL","450CGS","453CGS","2"
"KS","Kansas","1972","OW","The Tax Burden on Tobacco","Cigarette Sales","Average Cost per pack","0,393","$","Dollars","    (38.3477403, -98.200781227)","Table 13- Orzechowski and Walker, Tax Burden on Tobacco","POL","450POL","450CGS","455CGS","1"
"KY","Kentucky","1972","OW","The Tax Burden on Tobacco","Cigarette Sales","Cigarette Consumption (Pack Sales Per Capita)","179,4",,"Pack","    (37.645970271, -84.774971048)","Table 11- Orzechowski and Walker, Tax Burden on Tobacco","POL","450POL","450CGS","453CGS","2"
"KY","Kentucky","1972","OW","The Tax Burden on Tobacco","Cigarette Sales","Average Cost per pack","0,306","$","Dollars","    (37.645970271, -84.774971048)","Table 13- Orzechowski and Walker, Tax Burden on Tobacco","POL","450POL","450CGS","455CGS","1"
"LA","Louisiana","1972","OW","The Tax Burden on Tobacco","Cigarette Sales","Average Cost per pack","0,399","$","Dollars","    (31.312660644, -92.445680071)","Table 13- Orzechowski and Walker, Tax Burden on Tobacco","POL","450POL","450CGS","455CGS","1"
"LA","Louisiana","1972","OW","The Tax Burden on Tobacco","Cigarette Sales","Cigarette Consumption (Pack Sales Per Capita)","125,3",,"Pack","    (31.312660644, -92.445680071)","Table 11- Orzechowski and Walker, Tax Burden on Tobacco","POL","450POL","450CGS","453CGS","2"
"ME","Maine","1972","OW","The Tax Burden on Tobacco","Cigarette Sales","Average Cost per pack","0,41","$","Dollars","    (45.254228894001, -68.985031336)","Table 13- Orzechowski and Walker, Tax Burden on Tobacco","POL","450POL","450CGS","455CGS","1"
"ME","Maine","1972","OW","The Tax Burden on Tobacco","Cigarette Sales","Cigarette Consumption (Pack Sales Per Capita)","136,5",,"Pack","    (45.254228894001, -68.985031336)","Table 11- Orzechowski and Walker, Tax Burden on Tobacco","POL","450POL","450CGS","453CGS","2"
"MD","Maryland","1972","OW","The Tax Burden on Tobacco","Cigarette Sales","Cigarette Consumption (Pack Sales Per Capita)","133,2",,"Pack","    (39.290580964, -76.609260111)","Table 11- Orzechowski and Walker, Tax Burden on Tobacco","POL","450POL","450CGS","453CGS","2"
"MD","Maryland","1972","OW","The Tax Burden on Tobacco","Cigarette Sales","Average Cost per pack","0,353","$","Dollars","    (39.290580964, -76.609260111)","Table 13- Orzechowski and Walker, Tax Burden on Tobacco","POL","450POL","450CGS","455CGS","1"
"MA","Massachusetts","1972","OW","The Tax Burden on Tobacco","Cigarette Sales","Cigarette Consumption (Pack Sales Per Capita)","117,9",,"Pack","    (42.27687047, -72.082690675)","Table 11- Orzechowski and Walker, Tax Burden on Tobacco","POL","450POL","450CGS","453CGS","2"
"MA","Massachusetts","1972","OW","The Tax Burden on Tobacco","Cigarette Sales","Average Cost per pack","0,46","$","Dollars","    (42.27687047, -72.082690675)","Table 13- Orzechowski and Walker, Tax Burden on Tobacco","POL","450POL","450CGS","455CGS","1"
"MI","Michigan","1972","OW","The Tax Burden on Tobacco","Cigarette Sales","Average Cost per pack","0,402","$","Dollars","    (44.661319543001, -84.71439027)","Table 13- Orzechowski and Walker, Tax Burden on Tobacco","POL","450POL","450CGS","455CGS","1"
"MI","Michigan","1972","OW","The Tax Burden on Tobacco","Cigarette Sales","Cigarette Consumption (Pack Sales Per Capita)","131,4",,"Pack","    (44.661319543001, -84.71439027)","Table 11- Orzechowski and Walker, Tax Burden on Tobacco","POL","450POL","450CGS","453CGS","2"
"MN","Minnesota","1972","OW","The Tax Burden on Tobacco","Cigarette Sales","Average Cost per pack","0,456","$","Dollars","    (46.355648736, -94.794200503)","Table 13- Orzechowski and Walker, Tax Burden on Tobacco","POL","450POL","450CGS","455CGS","1"
"MN","Minnesota","1972","OW","The Tax Burden on Tobacco","Cigarette Sales","Cigarette Consumption (Pack Sales Per Capita)","96,8",,"Pack","    (46.355648736, -94.794200503)","Table 11- Orzechowski and Walker, Tax Burden on Tobacco","POL","450POL","450CGS","453CGS","2"
"MS","Mississippi","1972","OW","The Tax Burden on Tobacco","Cigarette Sales","Average Cost per pack","0,373","$","Dollars","    (32.745510099, -89.538030825)","Table 13- Orzechowski and Walker, Tax Burden on Tobacco","POL","450POL","450CGS","455CGS","1"
"MS","Mississippi","1972","OW","The Tax Burden on Tobacco","Cigarette Sales","Cigarette Consumption (Pack Sales Per Capita)","112,1",,"Pack","    (32.745510099, -89.538030825)","Table 11- Orzechowski and Walker, Tax Burden on Tobacco","POL","450POL","450CGS","453CGS","2"
"MO","Missouri","1972","OW","The Tax Burden on Tobacco","Cigarette Sales","Average Cost per pack","0,377","$","Dollars","    (38.635790776, -92.566300053)","Table 13- Orzechowski and Walker, Tax Burden on Tobacco","POL","450POL","450CGS","455CGS","1"
"MO","Missouri","1972","OW","The Tax Burden on Tobacco","Cigarette Sales","Cigarette Consumption (Pack Sales Per Capita)","130",,"Pack","    (38.635790776, -92.566300053)","Table 11- Orzechowski and Walker, Tax Burden on Tobacco","POL","450POL","450CGS","453CGS","2"
"MT","Montana","1972","OW","The Tax Burden on Tobacco","Cigarette Sales","Cigarette Consumption (Pack Sales Per Capita)","122,2",,"Pack","    (47.066528972, -109.424420645)","Table 11- Orzechowski and Walker, Tax Burden on Tobacco","POL","450POL","450CGS","453CGS","2"
"MT","Montana","1972","OW","The Tax Burden on Tobacco","Cigarette Sales","Average Cost per pack","0,409","$","Dollars","    (47.066528972, -109.424420645)","Table 13- Orzechowski and Walker, Tax Burden on Tobacco","POL","450POL","450CGS","455CGS","1"
"NE","Nebraska","1972","OW","The Tax Burden on Tobacco","Cigarette Sales","Average Cost per pack","0,412","$","Dollars","    (41.641040988001, -99.365720623)","Table 13- Orzechowski and Walker, Tax Burden on Tobacco","POL","450POL","450CGS","455CGS","1"
"NE","Nebraska","1972","OW","The Tax Burden on Tobacco","Cigarette Sales","Cigarette Consumption (Pack Sales Per Capita)","104,9",,"Pack","    (41.641040988001, -99.365720623)","Table 11- Orzechowski and Walker, Tax Burden on Tobacco","POL","450POL","450CGS","453CGS","2"
"NV","Nevada","1972","OW","The Tax Burden on Tobacco","Cigarette Sales","Average Cost per pack","0,403","$","Dollars","    (39.49324039, -117.071840564)","Table 13- Orzechowski and Walker, Tax Burden on Tobacco","POL","450POL","450CGS","455CGS","1"
"NV","Nevada","1972","OW","The Tax Burden on Tobacco","Cigarette Sales","Cigarette Consumption (Pack Sales Per Capita)","198,6",,"Pack","    (39.49324039, -117.071840564)","Table 11- Orzechowski and Walker, Tax Burden on Tobacco","POL","450POL","450CGS","453CGS","2"
"NH","New Hampshire","1972","OW","The Tax Burden on Tobacco","Cigarette Sales","Average Cost per pack","0,369","$","Dollars","    (43.655950113, -71.50036092)","Table 13- Orzechowski and Walker, Tax Burden on Tobacco","POL","450POL","450CGS","455CGS","1"
"NH","New Hampshire","1972","OW","The Tax Burden on Tobacco","Cigarette Sales","Cigarette Consumption (Pack Sales Per Capita)","296,2",,"Pack","    (43.655950113, -71.50036092)","Table 11- Orzechowski and Walker, Tax Burden on Tobacco","POL","450POL","450CGS","453CGS","2"
"NJ","New Jersey","1972","OW","The Tax Burden on Tobacco","Cigarette Sales","Average Cost per pack","0,489","$","Dollars","    (40.130570048, -74.273691288)","Table 13- Orzechowski and Walker, Tax Burden on Tobacco","POL","450POL","450CGS","455CGS","1"
"NJ","New Jersey","1972","OW","The Tax Burden on Tobacco","Cigarette Sales","Cigarette Consumption (Pack Sales Per Capita)","128,4",,"Pack","    (40.130570048, -74.273691288)","Table 11- Orzechowski and Walker, Tax Burden on Tobacco","POL","450POL","450CGS","453CGS","2"
"NM","New Mexico","1972","OW","The Tax Burden on Tobacco","Cigarette Sales","Average Cost per pack","0,418","$","Dollars","    (34.520880952, -106.240580985)","Table 13- Orzechowski and Walker, Tax Burden on Tobacco","POL","450POL","450CGS","455CGS","1"
"NM","New Mexico","1972","OW","The Tax Burden on Tobacco","Cigarette Sales","Cigarette Consumption (Pack Sales Per Capita)","99,3",,"Pack","    (34.520880952, -106.240580985)","Table 11- Orzechowski and Walker, Tax Burden on Tobacco","POL","450POL","450CGS","453CGS","2"
"NY","New York","1972","OW","The Tax Burden on Tobacco","Cigarette Sales","Cigarette Consumption (Pack Sales Per Capita)","119,9",,"Pack","    (42.827001032, -75.543970427)","Table 11- Orzechowski and Walker, Tax Burden on Tobacco","POL","450POL","450CGS","453CGS","2"
"NY","New York","1972","OW","The Tax Burden on Tobacco","Cigarette Sales","Average Cost per pack","0,458","$","Dollars","    (42.827001032, -75.543970427)","Table 13- Orzechowski and Walker, Tax Burden on Tobacco","POL","450POL","450CGS","455CGS","1"
"NC","North Carolina","1972","OW","The Tax Burden on Tobacco","Cigarette Sales","Cigarette Consumption (Pack Sales Per Capita)","214,1",,"Pack","    (35.466220975, -79.159250463)","Table 11- Orzechowski and Walker, Tax Burden on Tobacco","POL","450POL","450CGS","453CGS","2"
"NC","North Carolina","1972","OW","The Tax Burden on Tobacco","Cigarette Sales","Average Cost per pack","0,289","$","Dollars","    (35.466220975, -79.159250463)","Table 13- Orzechowski and Walker, Tax Burden on Tobacco","POL","450POL","450CGS","455CGS","1"
"ND","North Dakota","1972","OW","The Tax Burden on Tobacco","Cigarette Sales","Average Cost per pack","0,394","$","Dollars","    (47.475319779, -100.118421049)","Table 13- Orzechowski and Walker, Tax Burden on Tobacco","POL","450POL","450CGS","455CGS","1"
"ND","North Dakota","1972","OW","The Tax Burden on Tobacco","Cigarette Sales","Cigarette Consumption (Pack Sales Per Capita)","103,8",,"Pack","    (47.475319779, -100.118421049)","Table 11- Orzechowski and Walker, Tax Burden on Tobacco","POL","450POL","450CGS","453CGS","2"
"OH","Ohio","1972","OW","The Tax Burden on Tobacco","Cigarette Sales","Average Cost per pack","0,42","$","Dollars","    (40.060210141, -82.404260056)","Table 13- Orzechowski and Walker, Tax Burden on Tobacco","POL","450POL","450CGS","455CGS","1"
"OH","Ohio","1972","OW","The Tax Burden on Tobacco","Cigarette Sales","Cigarette Consumption (Pack Sales Per Capita)","124,4",,"Pack","    (40.060210141, -82.404260056)","Table 11- Orzechowski and Walker, Tax Burden on Tobacco","POL","450POL","450CGS","453CGS","2"
"OK","Oklahoma","1972","OW","The Tax Burden on Tobacco","Cigarette Sales","Average Cost per pack","0,404","$","Dollars","    (35.472031356, -97.521070214)","Table 13- Orzechowski and Walker, Tax Burden on Tobacco","POL","450POL","450CGS","455CGS","1"
"OK","Oklahoma","1972","OW","The Tax Burden on Tobacco","Cigarette Sales","Cigarette Consumption (Pack Sales Per Capita)","121,7",,"Pack","    (35.472031356, -97.521070214)","Table 11- Orzechowski and Walker, Tax Burden on Tobacco","POL","450POL","450CGS","453CGS","2"
"OR","Oregon","1972","OW","The Tax Burden on Tobacco","Cigarette Sales","Cigarette Consumption (Pack Sales Per Capita)","160,4",,"Pack","    (44.567449424, -120.155031326)","Table 11- Orzechowski and Walker, Tax Burden on Tobacco","POL","450POL","450CGS","453CGS","2"
"OR","Oregon","1972","OW","The Tax Burden on Tobacco","Cigarette Sales","Average Cost per pack","0,351","$","Dollars","    (44.567449424, -120.155031326)","Table 13- Orzechowski and Walker, Tax Burden on Tobacco","POL","450POL","450CGS","455CGS","1"
"PA","Pennsylvania","1972","OW","The Tax Burden on Tobacco","Cigarette Sales","Average Cost per pack","0,449","$","Dollars","    (40.793730152, -77.860700294)","Table 13- Orzechowski and Walker, Tax Burden on Tobacco","POL","450POL","450CGS","455CGS","1"
"PA","Pennsylvania","1972","OW","The Tax Burden on Tobacco","Cigarette Sales","Cigarette Consumption (Pack Sales Per Capita)","109",,"Pack","    (40.793730152, -77.860700294)","Table 11- Orzechowski and Walker, Tax Burden on Tobacco","POL","450POL","450CGS","453CGS","2"
"RI","Rhode Island","1972","OW","The Tax Burden on Tobacco","Cigarette Sales","Average Cost per pack","0,406","$","Dollars","    (41.708280193, -71.522470314)","Table 13- Orzechowski and Walker, Tax Burden on Tobacco","POL","450POL","450CGS","455CGS","1"
"RI","Rhode Island","1972","OW","The Tax Burden on Tobacco","Cigarette Sales","Cigarette Consumption (Pack Sales Per Capita)","134,4",,"Pack","    (41.708280193, -71.522470314)","Table 11- Orzechowski and Walker, Tax Burden on Tobacco","POL","450POL","450CGS","453CGS","2"
"SC","South Carolina","1972","OW","The Tax Burden on Tobacco","Cigarette Sales","Cigarette Consumption (Pack Sales Per Capita)","118,7",,"Pack","    (33.998821303, -81.045371207)","Table 11- Orzechowski and Walker, Tax Burden on Tobacco","POL","450POL","450CGS","453CGS","2"
"SC","South Carolina","1972","OW","The Tax Burden on Tobacco","Cigarette Sales","Average Cost per pack","0,335","$","Dollars","    (33.998821303, -81.045371207)","Table 13- Orzechowski and Walker, Tax Burden on Tobacco","POL","450POL","450CGS","455CGS","1"
"SD","South Dakota","1972","OW","The Tax Burden on Tobacco","Cigarette Sales","Average Cost per pack","0,396","$","Dollars","    (44.353130053, -100.373530637)","Table 13- Orzechowski and Walker, Tax Burden on Tobacco","POL","450POL","450CGS","455CGS","1"
"SD","South Dakota","1972","OW","The Tax Burden on Tobacco","Cigarette Sales","Cigarette Consumption (Pack Sales Per Capita)","103",,"Pack","    (44.353130053, -100.373530637)","Table 11- Orzechowski and Walker, Tax Burden on Tobacco","POL","450POL","450CGS","453CGS","2"
"TN","Tennessee","1972","OW","The Tax Burden on Tobacco","Cigarette Sales","Cigarette Consumption (Pack Sales Per Capita)","111,5",,"Pack","    (35.68094058, -85.774490914)","Table 11- Orzechowski and Walker, Tax Burden on Tobacco","POL","450POL","450CGS","453CGS","2"
"TN","Tennessee","1972","OW","The Tax Burden on Tobacco","Cigarette Sales","Average Cost per pack","0,408","$","Dollars","    (35.68094058, -85.774490914)","Table 13- Orzechowski and Walker, Tax Burden on Tobacco","POL","450POL","450CGS","455CGS","1"
"TX","Texas","1972","OW","The Tax Burden on Tobacco","Cigarette Sales","Average Cost per pack","0,464","$","Dollars","    (31.827240407, -99.426770206)","Table 13- Orzechowski and Walker, Tax Burden on Tobacco","POL","450POL","450CGS","455CGS","1"
"TX","Texas","1972","OW","The Tax Burden on Tobacco","Cigarette Sales","Cigarette Consumption (Pack Sales Per Capita)","108,6",,"Pack","    (31.827240407, -99.426770206)","Table 11- Orzechowski and Walker, Tax Burden on Tobacco","POL","450POL","450CGS","453CGS","2"
"UT","Utah","1972","OW","The Tax Burden on Tobacco","Cigarette Sales","Cigarette Consumption (Pack Sales Per Capita)","71,3",,"Pack","    (39.360700171, -111.587130635)","Table 11- Orzechowski and Walker, Tax Burden on Tobacco","POL","450POL","450CGS","453CGS","2"
"UT","Utah","1972","OW","The Tax Burden on Tobacco","Cigarette Sales","Average Cost per pack","0,365","$","Dollars","    (39.360700171, -111.587130635)","Table 13- Orzechowski and Walker, Tax Burden on Tobacco","POL","450POL","450CGS","455CGS","1"
"VT","Vermont","1972","OW","The Tax Burden on Tobacco","Cigarette Sales","Cigarette Consumption (Pack Sales Per Capita)","138",,"Pack","    (43.625381239, -72.517640791)","Table 11- Orzechowski and Walker, Tax Burden on Tobacco","POL","450POL","450CGS","453CGS","2"
"VT","Vermont","1972","OW","The Tax Burden on Tobacco","Cigarette Sales","Average Cost per pack","0,398","$","Dollars","    (43.625381239, -72.517640791)","Table 13- Orzechowski and Walker, Tax Burden on Tobacco","POL","450POL","450CGS","455CGS","1"
"VA","Virginia","1972","OW","The Tax Burden on Tobacco","Cigarette Sales","Cigarette Consumption (Pack Sales Per Capita)","137",,"Pack","    (37.542680674, -78.457890463)","Table 11- Orzechowski and Walker, Tax Burden on Tobacco","POL","450POL","450CGS","453CGS","2"
"VA","Virginia","1972","OW","The Tax Burden on Tobacco","Cigarette Sales","Average Cost per pack","0,301","$","Dollars","    (37.542680674, -78.457890463)","Table 13- Orzechowski and Walker, Tax Burden on Tobacco","POL","450POL","450CGS","455CGS","1"
"WA","Washington","1972","OW","The Tax Burden on Tobacco","Cigarette Sales","Average Cost per pack","0,459","$","Dollars","    (47.522278629, -120.47001079)","Table 13- Orzechowski and Walker, Tax Burden on Tobacco","POL","450POL","450CGS","455CGS","1"
"WA","Washington","1972","OW","The Tax Burden on Tobacco","Cigarette Sales","Cigarette Consumption (Pack Sales Per Capita)","88,5",,"Pack","    (47.522278629, -120.47001079)","Table 11- Orzechowski and Walker, Tax Burden on Tobacco","POL","450POL","450CGS","453CGS","2"
"WV","West Virginia","1972","OW","The Tax Burden on Tobacco","Cigarette Sales","Cigarette Consumption (Pack Sales Per Capita)","117,5",,"Pack","    (38.665510202, -80.712640135)","Table 11- Orzechowski and Walker, Tax Burden on Tobacco","POL","450POL","450CGS","453CGS","2"
"WV","West Virginia","1972","OW","The Tax Burden on Tobacco","Cigarette Sales","Average Cost per pack","0,399","$","Dollars","    (38.665510202, -80.712640135)","Table 13- Orzechowski and Walker, Tax Burden on Tobacco","POL","450POL","450CGS","455CGS","1"
"WI","Wisconsin","1972","OW","The Tax Burden on Tobacco","Cigarette Sales","Cigarette Consumption (Pack Sales Per Capita)","108,8",,"Pack","    (44.393191174, -89.816370742)","Table 11- Orzechowski and Walker, Tax Burden on Tobacco","POL","450POL","450CGS","453CGS","2"
"WI","Wisconsin","1972","OW","The Tax Burden on Tobacco","Cigarette Sales","Average Cost per pack","0,426","$","Dollars","    (44.393191174, -89.816370742)","Table 13- Orzechowski and Walker, Tax Burden on Tobacco","POL","450POL","450CGS","455CGS","1"
"WY","Wyoming","1972","OW","The Tax Burden on Tobacco","Cigarette Sales","Average Cost per pack","0,344","$","Dollars","    (43.235541343, -108.109830353)","Table 13- Orzechowski and Walker, Tax Burden on Tobacco","POL","450POL","450CGS","455CGS","1"
"WY","Wyoming","1972","OW","The Tax Burden on Tobacco","Cigarette Sales","Cigarette Consumption (Pack Sales Per Capita)","140",,"Pack","    (43.235541343, -108.109830353)","Table 11- Orzechowski and Walker, Tax Burden on Tobacco","POL","450POL","450CGS","453CGS","2"
"AL","Alabama","1971","OW","The Tax Burden on Tobacco","Cigarette Sales","Average Cost per pack","0,423","$","Dollars","    (32.840571122, -86.631860762)","Table 13- Orzechowski and Walker, Tax Burden on Tobacco","POL","450POL","450CGS","455CGS","1"
"AL","Alabama","1971","OW","The Tax Burden on Tobacco","Cigarette Sales","Cigarette Consumption (Pack Sales Per Capita)","95,4",,"Pack","    (32.840571122, -86.631860762)","Table 11- Orzechowski and Walker, Tax Burden on Tobacco","POL","450POL","450CGS","453CGS","2"
"AK","Alaska","1971","OW","The Tax Burden on Tobacco","Cigarette Sales","Average Cost per pack","0,421","$","Dollars","    (64.845079957001, -147.722059036)","Table 13- Orzechowski and Walker, Tax Burden on Tobacco","POL","450POL","450CGS","455CGS","1"
"AK","Alaska","1971","OW","The Tax Burden on Tobacco","Cigarette Sales","Cigarette Consumption (Pack Sales Per Capita)","123",,"Pack","    (64.845079957001, -147.722059036)","Table 11- Orzechowski and Walker, Tax Burden on Tobacco","POL","450POL","450CGS","453CGS","2"
"AZ","Arizona","1971","OW","The Tax Burden on Tobacco","Cigarette Sales","Cigarette Consumption (Pack Sales Per Capita)","109,6",,"Pack","    (34.86597028, -111.763811277)","Table 11- Orzechowski and Walker, Tax Burden on Tobacco","POL","450POL","450CGS","453CGS","2"
"AZ","Arizona","1971","OW","The Tax Burden on Tobacco","Cigarette Sales","Average Cost per pack","0,38","$","Dollars","    (34.86597028, -111.763811277)","Table 13- Orzechowski and Walker, Tax Burden on Tobacco","POL","450POL","450CGS","455CGS","1"
"AR","Arkansas","1971","OW","The Tax Burden on Tobacco","Cigarette Sales","Average Cost per pack","0,441","$","Dollars","    (34.748650124, -92.274490743)","Table 13- Orzechowski and Walker, Tax Burden on Tobacco","POL","450POL","450CGS","455CGS","1"
"AR","Arkansas","1971","OW","The Tax Burden on Tobacco","Cigarette Sales","Cigarette Consumption (Pack Sales Per Capita)","104,1",,"Pack","    (34.748650124, -92.274490743)","Table 11- Orzechowski and Walker, Tax Burden on Tobacco","POL","450POL","450CGS","453CGS","2"
"CA","California","1971","OW","The Tax Burden on Tobacco","Cigarette Sales","Cigarette Consumption (Pack Sales Per Capita)","121",,"Pack","    (37.638640123, -120.999999538)","Table 11- Orzechowski and Walker, Tax Burden on Tobacco","POL","450POL","450CGS","453CGS","2"
"CA","California","1971","OW","The Tax Burden on Tobacco","Cigarette Sales","Average Cost per pack","0,399","$","Dollars","    (37.638640123, -120.999999538)","Table 13- Orzechowski and Walker, Tax Burden on Tobacco","POL","450POL","450CGS","455CGS","1"
"CO","Colorado","1971","OW","The Tax Burden on Tobacco","Cigarette Sales","Average Cost per pack","0,312","$","Dollars","    (38.843840757, -106.133610921)","Table 13- Orzechowski and Walker, Tax Burden on Tobacco","POL","450POL","450CGS","455CGS","1"
"CO","Colorado","1971","OW","The Tax Burden on Tobacco","Cigarette Sales","Cigarette Consumption (Pack Sales Per Capita)","125,5",,"Pack","    (38.843840757, -106.133610921)","Table 11- Orzechowski and Walker, Tax Burden on Tobacco","POL","450POL","450CGS","453CGS","2"
"CT","Connecticut","1971","OW","The Tax Burden on Tobacco","Cigarette Sales","Average Cost per pack","0,513","$","Dollars","    (41.56266102, -72.649840952)","Table 13- Orzechowski and Walker, Tax Burden on Tobacco","POL","450POL","450CGS","455CGS","1"
"CT","Connecticut","1971","OW","The Tax Burden on Tobacco","Cigarette Sales","Cigarette Consumption (Pack Sales Per Capita)","117,6",,"Pack","    (41.56266102, -72.649840952)","Table 11- Orzechowski and Walker, Tax Burden on Tobacco","POL","450POL","450CGS","453CGS","2"
"DE","Delaware","1971","OW","The Tax Burden on Tobacco","Cigarette Sales","Average Cost per pack","0,447","$","Dollars","    (39.008830667, -75.577741168)","Table 13- Orzechowski and Walker, Tax Burden on Tobacco","POL","450POL","450CGS","455CGS","1"
"DE","Delaware","1971","OW","The Tax Burden on Tobacco","Cigarette Sales","Cigarette Consumption (Pack Sales Per Capita)","161,1",,"Pack","    (39.008830667, -75.577741168)","Table 11- Orzechowski and Walker, Tax Burden on Tobacco","POL","450POL","450CGS","453CGS","2"
"DC","District of Columbia","1971","OW","The Tax Burden on Tobacco","Cigarette Sales","Cigarette Consumption (Pack Sales Per Capita)","213",,"Pack","    (38.890371385, -77.031961127)","Table 11- Orzechowski and Walker, Tax Burden on Tobacco","POL","450POL","450CGS","453CGS","2"
"DC","District of Columbia","1971","OW","The Tax Burden on Tobacco","Cigarette Sales","Average Cost per pack","0,337","$","Dollars","    (38.890371385, -77.031961127)","Table 13- Orzechowski and Walker, Tax Burden on Tobacco","POL","450POL","450CGS","455CGS","1"
"FL","Florida","1971","OW","The Tax Burden on Tobacco","Cigarette Sales","Average Cost per pack","0,468","$","Dollars","    (28.932040377, -81.928960539)","Table 13- Orzechowski and Walker, Tax Burden on Tobacco","POL","450POL","450CGS","455CGS","1"
"FL","Florida","1971","OW","The Tax Burden on Tobacco","Cigarette Sales","Cigarette Consumption (Pack Sales Per Capita)","123",,"Pack","    (28.932040377, -81.928960539)","Table 11- Orzechowski and Walker, Tax Burden on Tobacco","POL","450POL","450CGS","453CGS","2"
"GA","Georgia","1971","OW","The Tax Burden on Tobacco","Cigarette Sales","Average Cost per pack","0,409","$","Dollars","    (32.839681093, -83.627580346)","Table 13- Orzechowski and Walker, Tax Burden on Tobacco","POL","450POL","450CGS","455CGS","1"
"GA","Georgia","1971","OW","The Tax Burden on Tobacco","Cigarette Sales","Cigarette Consumption (Pack Sales Per Capita)","115,7",,"Pack","    (32.839681093, -83.627580346)","Table 11- Orzechowski and Walker, Tax Burden on Tobacco","POL","450POL","450CGS","453CGS","2"
"HI","Hawaii","1971","OW","The Tax Burden on Tobacco","Cigarette Sales","Cigarette Consumption (Pack Sales Per Capita)","85",,"Pack","    (21.304850435, -157.857749403)","Table 11- Orzechowski and Walker, Tax Burden on Tobacco","POL","450POL","450CGS","453CGS","2"
"HI","Hawaii","1971","OW","The Tax Burden on Tobacco","Cigarette Sales","Average Cost per pack","0,367","$","Dollars","    (21.304850435, -157.857749403)","Table 13- Orzechowski and Walker, Tax Burden on Tobacco","POL","450POL","450CGS","455CGS","1"
"ID","Idaho","1971","OW","The Tax Burden on Tobacco","Cigarette Sales","Average Cost per pack","0,337","$","Dollars","    (43.682630005, -114.363730042)","Table 13- Orzechowski and Walker, Tax Burden on Tobacco","POL","450POL","450CGS","455CGS","1"
"ID","Idaho","1971","OW","The Tax Burden on Tobacco","Cigarette Sales","Cigarette Consumption (Pack Sales Per Capita)","108,5",,"Pack","    (43.682630005, -114.363730042)","Table 11- Orzechowski and Walker, Tax Burden on Tobacco","POL","450POL","450CGS","453CGS","2"
"IL","Illinois","1971","OW","The Tax Burden on Tobacco","Cigarette Sales","Average Cost per pack","0,419","$","Dollars","    (40.485010283, -88.997710178)","Table 13- Orzechowski and Walker, Tax Burden on Tobacco","POL","450POL","450CGS","455CGS","1"
"IL","Illinois","1971","OW","The Tax Burden on Tobacco","Cigarette Sales","Cigarette Consumption (Pack Sales Per Capita)","125,6",,"Pack","    (40.485010283, -88.997710178)","Table 11- Orzechowski and Walker, Tax Burden on Tobacco","POL","450POL","450CGS","453CGS","2"
"IN","Indiana","1971","OW","The Tax Burden on Tobacco","Cigarette Sales","Cigarette Consumption (Pack Sales Per Capita)","139,3",,"Pack","    (39.766910452, -86.149960194)","Table 11- Orzechowski and Walker, Tax Burden on Tobacco","POL","450POL","450CGS","453CGS","2"
"IN","Indiana","1971","OW","The Tax Burden on Tobacco","Cigarette Sales","Average Cost per pack","0,325","$","Dollars","    (39.766910452, -86.149960194)","Table 13- Orzechowski and Walker, Tax Burden on Tobacco","POL","450POL","450CGS","455CGS","1"
"IA","Iowa","1971","OW","The Tax Burden on Tobacco","Cigarette Sales","Average Cost per pack","0,419","$","Dollars","    (42.469400913, -93.816490556)","Table 13- Orzechowski and Walker, Tax Burden on Tobacco","POL","450POL","450CGS","455CGS","1"
"IA","Iowa","1971","OW","The Tax Burden on Tobacco","Cigarette Sales","Cigarette Consumption (Pack Sales Per Capita)","108,4",,"Pack","    (42.469400913, -93.816490556)","Table 11- Orzechowski and Walker, Tax Burden on Tobacco","POL","450POL","450CGS","453CGS","2"
"KS","Kansas","1971","OW","The Tax Burden on Tobacco","Cigarette Sales","Cigarette Consumption (Pack Sales Per Capita)","102,8",,"Pack","    (38.3477403, -98.200781227)","Table 11- Orzechowski and Walker, Tax Burden on Tobacco","POL","450POL","450CGS","453CGS","2"
"KS","Kansas","1971","OW","The Tax Burden on Tobacco","Cigarette Sales","Average Cost per pack","0,388","$","Dollars","    (38.3477403, -98.200781227)","Table 13- Orzechowski and Walker, Tax Burden on Tobacco","POL","450POL","450CGS","455CGS","1"
"KY","Kentucky","1971","OW","The Tax Burden on Tobacco","Cigarette Sales","Cigarette Consumption (Pack Sales Per Capita)","163,5",,"Pack","    (37.645970271, -84.774971048)","Table 11- Orzechowski and Walker, Tax Burden on Tobacco","POL","450POL","450CGS","453CGS","2"
"KY","Kentucky","1971","OW","The Tax Burden on Tobacco","Cigarette Sales","Average Cost per pack","0,306","$","Dollars","    (37.645970271, -84.774971048)","Table 13- Orzechowski and Walker, Tax Burden on Tobacco","POL","450POL","450CGS","455CGS","1"
"LA","Louisiana","1971","OW","The Tax Burden on Tobacco","Cigarette Sales","Cigarette Consumption (Pack Sales Per Capita)","119,8",,"Pack","    (31.312660644, -92.445680071)","Table 11- Orzechowski and Walker, Tax Burden on Tobacco","POL","450POL","450CGS","453CGS","2"
"LA","Louisiana","1971","OW","The Tax Burden on Tobacco","Cigarette Sales","Average Cost per pack","0,4","$","Dollars","    (31.312660644, -92.445680071)","Table 13- Orzechowski and Walker, Tax Burden on Tobacco","POL","450POL","450CGS","455CGS","1"
"ME","Maine","1971","OW","The Tax Burden on Tobacco","Cigarette Sales","Average Cost per pack","0,415","$","Dollars","    (45.254228894001, -68.985031336)","Table 13- Orzechowski and Walker, Tax Burden on Tobacco","POL","450POL","450CGS","455CGS","1"
"ME","Maine","1971","OW","The Tax Burden on Tobacco","Cigarette Sales","Cigarette Consumption (Pack Sales Per Capita)","133,2",,"Pack","    (45.254228894001, -68.985031336)","Table 11- Orzechowski and Walker, Tax Burden on Tobacco","POL","450POL","450CGS","453CGS","2"
"MD","Maryland","1971","OW","The Tax Burden on Tobacco","Cigarette Sales","Cigarette Consumption (Pack Sales Per Capita)","126,7",,"Pack","    (39.290580964, -76.609260111)","Table 11- Orzechowski and Walker, Tax Burden on Tobacco","POL","450POL","450CGS","453CGS","2"
"MD","Maryland","1971","OW","The Tax Burden on Tobacco","Cigarette Sales","Average Cost per pack","0,343","$","Dollars","    (39.290580964, -76.609260111)","Table 13- Orzechowski and Walker, Tax Burden on Tobacco","POL","450POL","450CGS","455CGS","1"
"MA","Massachusetts","1971","OW","The Tax Burden on Tobacco","Cigarette Sales","Cigarette Consumption (Pack Sales Per Capita)","121,4",,"Pack","    (42.27687047, -72.082690675)","Table 11- Orzechowski and Walker, Tax Burden on Tobacco","POL","450POL","450CGS","453CGS","2"
"MA","Massachusetts","1971","OW","The Tax Burden on Tobacco","Cigarette Sales","Average Cost per pack","0,46","$","Dollars","    (42.27687047, -72.082690675)","Table 13- Orzechowski and Walker, Tax Burden on Tobacco","POL","450POL","450CGS","455CGS","1"
"MI","Michigan","1971","OW","The Tax Burden on Tobacco","Cigarette Sales","Average Cost per pack","0,4","$","Dollars","    (44.661319543001, -84.71439027)","Table 13- Orzechowski and Walker, Tax Burden on Tobacco","POL","450POL","450CGS","455CGS","1"
"MI","Michigan","1971","OW","The Tax Burden on Tobacco","Cigarette Sales","Cigarette Consumption (Pack Sales Per Capita)","126,1",,"Pack","    (44.661319543001, -84.71439027)","Table 11- Orzechowski and Walker, Tax Burden on Tobacco","POL","450POL","450CGS","453CGS","2"
"MN","Minnesota","1971","OW","The Tax Burden on Tobacco","Cigarette Sales","Cigarette Consumption (Pack Sales Per Capita)","116,4",,"Pack","    (46.355648736, -94.794200503)","Table 11- Orzechowski and Walker, Tax Burden on Tobacco","POL","450POL","450CGS","453CGS","2"
"MN","Minnesota","1971","OW","The Tax Burden on Tobacco","Cigarette Sales","Average Cost per pack","0,452","$","Dollars","    (46.355648736, -94.794200503)","Table 13- Orzechowski and Walker, Tax Burden on Tobacco","POL","450POL","450CGS","455CGS","1"
"MS","Mississippi","1971","OW","The Tax Burden on Tobacco","Cigarette Sales","Average Cost per pack","0,374","$","Dollars","    (32.745510099, -89.538030825)","Table 13- Orzechowski and Walker, Tax Burden on Tobacco","POL","450POL","450CGS","455CGS","1"
"MS","Mississippi","1971","OW","The Tax Burden on Tobacco","Cigarette Sales","Cigarette Consumption (Pack Sales Per Capita)","105,4",,"Pack","    (32.745510099, -89.538030825)","Table 11- Orzechowski and Walker, Tax Burden on Tobacco","POL","450POL","450CGS","453CGS","2"
"MO","Missouri","1971","OW","The Tax Burden on Tobacco","Cigarette Sales","Average Cost per pack","0,377","$","Dollars","    (38.635790776, -92.566300053)","Table 13- Orzechowski and Walker, Tax Burden on Tobacco","POL","450POL","450CGS","455CGS","1"
"MO","Missouri","1971","OW","The Tax Burden on Tobacco","Cigarette Sales","Cigarette Consumption (Pack Sales Per Capita)","127,6",,"Pack","    (38.635790776, -92.566300053)","Table 11- Orzechowski and Walker, Tax Burden on Tobacco","POL","450POL","450CGS","453CGS","2"
"MT","Montana","1971","OW","The Tax Burden on Tobacco","Cigarette Sales","Cigarette Consumption (Pack Sales Per Capita)","115,6",,"Pack","    (47.066528972, -109.424420645)","Table 11- Orzechowski and Walker, Tax Burden on Tobacco","POL","450POL","450CGS","453CGS","2"
"MT","Montana","1971","OW","The Tax Burden on Tobacco","Cigarette Sales","Average Cost per pack","0,401","$","Dollars","    (47.066528972, -109.424420645)","Table 13- Orzechowski and Walker, Tax Burden on Tobacco","POL","450POL","450CGS","455CGS","1"
"NE","Nebraska","1971","OW","The Tax Burden on Tobacco","Cigarette Sales","Average Cost per pack","0,411","$","Dollars","    (41.641040988001, -99.365720623)","Table 13- Orzechowski and Walker, Tax Burden on Tobacco","POL","450POL","450CGS","455CGS","1"
"NE","Nebraska","1971","OW","The Tax Burden on Tobacco","Cigarette Sales","Cigarette Consumption (Pack Sales Per Capita)","108,6",,"Pack","    (41.641040988001, -99.365720623)","Table 11- Orzechowski and Walker, Tax Burden on Tobacco","POL","450POL","450CGS","453CGS","2"
"NV","Nevada","1971","OW","The Tax Burden on Tobacco","Cigarette Sales","Average Cost per pack","0,406","$","Dollars","    (39.49324039, -117.071840564)","Table 13- Orzechowski and Walker, Tax Burden on Tobacco","POL","450POL","450CGS","455CGS","1"
"NV","Nevada","1971","OW","The Tax Burden on Tobacco","Cigarette Sales","Cigarette Consumption (Pack Sales Per Capita)","190,5",,"Pack","    (39.49324039, -117.071840564)","Table 11- Orzechowski and Walker, Tax Burden on Tobacco","POL","450POL","450CGS","453CGS","2"
"NH","New Hampshire","1971","OW","The Tax Burden on Tobacco","Cigarette Sales","Average Cost per pack","0,361","$","Dollars","    (43.655950113, -71.50036092)","Table 13- Orzechowski and Walker, Tax Burden on Tobacco","POL","450POL","450CGS","455CGS","1"
"NH","New Hampshire","1971","OW","The Tax Burden on Tobacco","Cigarette Sales","Cigarette Consumption (Pack Sales Per Capita)","278",,"Pack","    (43.655950113, -71.50036092)","Table 11- Orzechowski and Walker, Tax Burden on Tobacco","POL","450POL","450CGS","453CGS","2"
"NJ","New Jersey","1971","OW","The Tax Burden on Tobacco","Cigarette Sales","Average Cost per pack","0,421","$","Dollars","    (40.130570048, -74.273691288)","Table 13- Orzechowski and Walker, Tax Burden on Tobacco","POL","450POL","450CGS","455CGS","1"
"NJ","New Jersey","1971","OW","The Tax Burden on Tobacco","Cigarette Sales","Cigarette Consumption (Pack Sales Per Capita)","125,1",,"Pack","    (40.130570048, -74.273691288)","Table 11- Orzechowski and Walker, Tax Burden on Tobacco","POL","450POL","450CGS","453CGS","2"
"NM","New Mexico","1971","OW","The Tax Burden on Tobacco","Cigarette Sales","Average Cost per pack","0,421","$","Dollars","    (34.520880952, -106.240580985)","Table 13- Orzechowski and Walker, Tax Burden on Tobacco","POL","450POL","450CGS","455CGS","1"
"NM","New Mexico","1971","OW","The Tax Burden on Tobacco","Cigarette Sales","Cigarette Consumption (Pack Sales Per Capita)","92,6",,"Pack","    (34.520880952, -106.240580985)","Table 11- Orzechowski and Walker, Tax Burden on Tobacco","POL","450POL","450CGS","453CGS","2"
"NY","New York","1971","OW","The Tax Burden on Tobacco","Cigarette Sales","Average Cost per pack","0,427","$","Dollars","    (42.827001032, -75.543970427)","Table 13- Orzechowski and Walker, Tax Burden on Tobacco","POL","450POL","450CGS","455CGS","1"
"NY","New York","1971","OW","The Tax Burden on Tobacco","Cigarette Sales","Cigarette Consumption (Pack Sales Per Capita)","123,3",,"Pack","    (42.827001032, -75.543970427)","Table 11- Orzechowski and Walker, Tax Burden on Tobacco","POL","450POL","450CGS","453CGS","2"
"NC","North Carolina","1971","OW","The Tax Burden on Tobacco","Cigarette Sales","Average Cost per pack","0,287","$","Dollars","    (35.466220975, -79.159250463)","Table 13- Orzechowski and Walker, Tax Burden on Tobacco","POL","450POL","450CGS","455CGS","1"
"NC","North Carolina","1971","OW","The Tax Burden on Tobacco","Cigarette Sales","Cigarette Consumption (Pack Sales Per Capita)","187,6",,"Pack","    (35.466220975, -79.159250463)","Table 11- Orzechowski and Walker, Tax Burden on Tobacco","POL","450POL","450CGS","453CGS","2"
"ND","North Dakota","1971","OW","The Tax Burden on Tobacco","Cigarette Sales","Average Cost per pack","0,389","$","Dollars","    (47.475319779, -100.118421049)","Table 13- Orzechowski and Walker, Tax Burden on Tobacco","POL","450POL","450CGS","455CGS","1"
"ND","North Dakota","1971","OW","The Tax Burden on Tobacco","Cigarette Sales","Cigarette Consumption (Pack Sales Per Capita)","98,5",,"Pack","    (47.475319779, -100.118421049)","Table 11- Orzechowski and Walker, Tax Burden on Tobacco","POL","450POL","450CGS","453CGS","2"
"OH","Ohio","1971","OW","The Tax Burden on Tobacco","Cigarette Sales","Cigarette Consumption (Pack Sales Per Capita)","124,6",,"Pack","    (40.060210141, -82.404260056)","Table 11- Orzechowski and Walker, Tax Burden on Tobacco","POL","450POL","450CGS","453CGS","2"
"OH","Ohio","1971","OW","The Tax Burden on Tobacco","Cigarette Sales","Average Cost per pack","0,384","$","Dollars","    (40.060210141, -82.404260056)","Table 13- Orzechowski and Walker, Tax Burden on Tobacco","POL","450POL","450CGS","455CGS","1"
"OK","Oklahoma","1971","OW","The Tax Burden on Tobacco","Cigarette Sales","Cigarette Consumption (Pack Sales Per Capita)","115,4",,"Pack","    (35.472031356, -97.521070214)","Table 11- Orzechowski and Walker, Tax Burden on Tobacco","POL","450POL","450CGS","453CGS","2"
"OK","Oklahoma","1971","OW","The Tax Burden on Tobacco","Cigarette Sales","Average Cost per pack","0,398","$","Dollars","    (35.472031356, -97.521070214)","Table 13- Orzechowski and Walker, Tax Burden on Tobacco","POL","450POL","450CGS","455CGS","1"
"OR","Oregon","1971","OW","The Tax Burden on Tobacco","Cigarette Sales","Cigarette Consumption (Pack Sales Per Capita)","157,9",,"Pack","    (44.567449424, -120.155031326)","Table 11- Orzechowski and Walker, Tax Burden on Tobacco","POL","450POL","450CGS","453CGS","2"
"OR","Oregon","1971","OW","The Tax Burden on Tobacco","Cigarette Sales","Average Cost per pack","0,305","$","Dollars","    (44.567449424, -120.155031326)","Table 13- Orzechowski and Walker, Tax Burden on Tobacco","POL","450POL","450CGS","455CGS","1"
"PA","Pennsylvania","1971","OW","The Tax Burden on Tobacco","Cigarette Sales","Average Cost per pack","0,447","$","Dollars","    (40.793730152, -77.860700294)","Table 13- Orzechowski and Walker, Tax Burden on Tobacco","POL","450POL","450CGS","455CGS","1"
"PA","Pennsylvania","1971","OW","The Tax Burden on Tobacco","Cigarette Sales","Cigarette Consumption (Pack Sales Per Capita)","106,3",,"Pack","    (40.793730152, -77.860700294)","Table 11- Orzechowski and Walker, Tax Burden on Tobacco","POL","450POL","450CGS","453CGS","2"
"RI","Rhode Island","1971","OW","The Tax Burden on Tobacco","Cigarette Sales","Cigarette Consumption (Pack Sales Per Capita)","123,2",,"Pack","    (41.708280193, -71.522470314)","Table 11- Orzechowski and Walker, Tax Burden on Tobacco","POL","450POL","450CGS","453CGS","2"
"RI","Rhode Island","1971","OW","The Tax Burden on Tobacco","Cigarette Sales","Average Cost per pack","0,416","$","Dollars","    (41.708280193, -71.522470314)","Table 13- Orzechowski and Walker, Tax Burden on Tobacco","POL","450POL","450CGS","455CGS","1"
"SC","South Carolina","1971","OW","The Tax Burden on Tobacco","Cigarette Sales","Average Cost per pack","0,341","$","Dollars","    (33.998821303, -81.045371207)","Table 13- Orzechowski and Walker, Tax Burden on Tobacco","POL","450POL","450CGS","455CGS","1"
"SC","South Carolina","1971","OW","The Tax Burden on Tobacco","Cigarette Sales","Cigarette Consumption (Pack Sales Per Capita)","115",,"Pack","    (33.998821303, -81.045371207)","Table 11- Orzechowski and Walker, Tax Burden on Tobacco","POL","450POL","450CGS","453CGS","2"
"SD","South Dakota","1971","OW","The Tax Burden on Tobacco","Cigarette Sales","Average Cost per pack","0,391","$","Dollars","    (44.353130053, -100.373530637)","Table 13- Orzechowski and Walker, Tax Burden on Tobacco","POL","450POL","450CGS","455CGS","1"
"SD","South Dakota","1971","OW","The Tax Burden on Tobacco","Cigarette Sales","Cigarette Consumption (Pack Sales Per Capita)","96,7",,"Pack","    (44.353130053, -100.373530637)","Table 11- Orzechowski and Walker, Tax Burden on Tobacco","POL","450POL","450CGS","453CGS","2"
"TN","Tennessee","1971","OW","The Tax Burden on Tobacco","Cigarette Sales","Cigarette Consumption (Pack Sales Per Capita)","106,3",,"Pack","    (35.68094058, -85.774490914)","Table 11- Orzechowski and Walker, Tax Burden on Tobacco","POL","450POL","450CGS","453CGS","2"
"TN","Tennessee","1971","OW","The Tax Burden on Tobacco","Cigarette Sales","Average Cost per pack","0,416","$","Dollars","    (35.68094058, -85.774490914)","Table 13- Orzechowski and Walker, Tax Burden on Tobacco","POL","450POL","450CGS","455CGS","1"
"TX","Texas","1971","OW","The Tax Burden on Tobacco","Cigarette Sales","Average Cost per pack","0,469","$","Dollars","    (31.827240407, -99.426770206)","Table 13- Orzechowski and Walker, Tax Burden on Tobacco","POL","450POL","450CGS","455CGS","1"
"TX","Texas","1971","OW","The Tax Burden on Tobacco","Cigarette Sales","Cigarette Consumption (Pack Sales Per Capita)","108,9",,"Pack","    (31.827240407, -99.426770206)","Table 11- Orzechowski and Walker, Tax Burden on Tobacco","POL","450POL","450CGS","453CGS","2"
"UT","Utah","1971","OW","The Tax Burden on Tobacco","Cigarette Sales","Average Cost per pack","0,372","$","Dollars","    (39.360700171, -111.587130635)","Table 13- Orzechowski and Walker, Tax Burden on Tobacco","POL","450POL","450CGS","455CGS","1"
"UT","Utah","1971","OW","The Tax Burden on Tobacco","Cigarette Sales","Cigarette Consumption (Pack Sales Per Capita)","67,7",,"Pack","    (39.360700171, -111.587130635)","Table 11- Orzechowski and Walker, Tax Burden on Tobacco","POL","450POL","450CGS","453CGS","2"
"VT","Vermont","1971","OW","The Tax Burden on Tobacco","Cigarette Sales","Average Cost per pack","0,4","$","Dollars","    (43.625381239, -72.517640791)","Table 13- Orzechowski and Walker, Tax Burden on Tobacco","POL","450POL","450CGS","455CGS","1"
"VT","Vermont","1971","OW","The Tax Burden on Tobacco","Cigarette Sales","Cigarette Consumption (Pack Sales Per Capita)","124,4",,"Pack","    (43.625381239, -72.517640791)","Table 11- Orzechowski and Walker, Tax Burden on Tobacco","POL","450POL","450CGS","453CGS","2"
"VA","Virginia","1971","OW","The Tax Burden on Tobacco","Cigarette Sales","Average Cost per pack","0,299","$","Dollars","    (37.542680674, -78.457890463)","Table 13- Orzechowski and Walker, Tax Burden on Tobacco","POL","450POL","450CGS","455CGS","1"
"VA","Virginia","1971","OW","The Tax Burden on Tobacco","Cigarette Sales","Cigarette Consumption (Pack Sales Per Capita)","128,4",,"Pack","    (37.542680674, -78.457890463)","Table 11- Orzechowski and Walker, Tax Burden on Tobacco","POL","450POL","450CGS","453CGS","2"
"WA","Washington","1971","OW","The Tax Burden on Tobacco","Cigarette Sales","Cigarette Consumption (Pack Sales Per Capita)","97",,"Pack","    (47.522278629, -120.47001079)","Table 11- Orzechowski and Walker, Tax Burden on Tobacco","POL","450POL","450CGS","453CGS","2"
"WA","Washington","1971","OW","The Tax Burden on Tobacco","Cigarette Sales","Average Cost per pack","0,461","$","Dollars","    (47.522278629, -120.47001079)","Table 13- Orzechowski and Walker, Tax Burden on Tobacco","POL","450POL","450CGS","455CGS","1"
"WV","West Virginia","1971","OW","The Tax Burden on Tobacco","Cigarette Sales","Cigarette Consumption (Pack Sales Per Capita)","111,5",,"Pack","    (38.665510202, -80.712640135)","Table 11- Orzechowski and Walker, Tax Burden on Tobacco","POL","450POL","450CGS","453CGS","2"
"WV","West Virginia","1971","OW","The Tax Burden on Tobacco","Cigarette Sales","Average Cost per pack","0,413","$","Dollars","    (38.665510202, -80.712640135)","Table 13- Orzechowski and Walker, Tax Burden on Tobacco","POL","450POL","450CGS","455CGS","1"
"WI","Wisconsin","1971","OW","The Tax Burden on Tobacco","Cigarette Sales","Average Cost per pack","0,403","$","Dollars","    (44.393191174, -89.816370742)","Table 13- Orzechowski and Walker, Tax Burden on Tobacco","POL","450POL","450CGS","455CGS","1"
"WI","Wisconsin","1971","OW","The Tax Burden on Tobacco","Cigarette Sales","Cigarette Consumption (Pack Sales Per Capita)","105,4",,"Pack","    (44.393191174, -89.816370742)","Table 11- Orzechowski and Walker, Tax Burden on Tobacco","POL","450POL","450CGS","453CGS","2"
"WY","Wyoming","1971","OW","The Tax Burden on Tobacco","Cigarette Sales","Cigarette Consumption (Pack Sales Per Capita)","131,7",,"Pack","    (43.235541343, -108.109830353)","Table 11- Orzechowski and Walker, Tax Burden on Tobacco","POL","450POL","450CGS","453CGS","2"
"WY","Wyoming","1971","OW","The Tax Burden on Tobacco","Cigarette Sales","Average Cost per pack","0,344","$","Dollars","    (43.235541343, -108.109830353)","Table 13- Orzechowski and Walker, Tax Burden on Tobacco","POL","450POL","450CGS","455CGS","1"
"AL","Alabama","1970","OW","The Tax Burden on Tobacco","Cigarette Sales","Cigarette Consumption (Pack Sales Per Capita)","89,8",,"Pack","    (32.840571122, -86.631860762)","Table 11- Orzechowski and Walker, Tax Burden on Tobacco","POL","450POL","450CGS","453CGS","2"
"AL","Alabama","1970","OW","The Tax Burden on Tobacco","Cigarette Sales","Average Cost per pack","0,427","$","Dollars","    (32.840571122, -86.631860762)","Table 13- Orzechowski and Walker, Tax Burden on Tobacco","POL","450POL","450CGS","455CGS","1"
"AK","Alaska","1970","OW","The Tax Burden on Tobacco","Cigarette Sales","Cigarette Consumption (Pack Sales Per Capita)","121,3",,"Pack","    (64.845079957001, -147.722059036)","Table 11- Orzechowski and Walker, Tax Burden on Tobacco","POL","450POL","450CGS","453CGS","2"
"AK","Alaska","1970","OW","The Tax Burden on Tobacco","Cigarette Sales","Average Cost per pack","0,418","$","Dollars","    (64.845079957001, -147.722059036)","Table 13- Orzechowski and Walker, Tax Burden on Tobacco","POL","450POL","450CGS","455CGS","1"
"AZ","Arizona","1970","OW","The Tax Burden on Tobacco","Cigarette Sales","Average Cost per pack","0,385","$","Dollars","    (34.86597028, -111.763811277)","Table 13- Orzechowski and Walker, Tax Burden on Tobacco","POL","450POL","450CGS","455CGS","1"
"AZ","Arizona","1970","OW","The Tax Burden on Tobacco","Cigarette Sales","Cigarette Consumption (Pack Sales Per Capita)","115,2",,"Pack","    (34.86597028, -111.763811277)","Table 11- Orzechowski and Walker, Tax Burden on Tobacco","POL","450POL","450CGS","453CGS","2"
"AR","Arkansas","1970","OW","The Tax Burden on Tobacco","Cigarette Sales","Cigarette Consumption (Pack Sales Per Capita)","100,3",,"Pack","    (34.748650124, -92.274490743)","Table 11- Orzechowski and Walker, Tax Burden on Tobacco","POL","450POL","450CGS","453CGS","2"
"AR","Arkansas","1970","OW","The Tax Burden on Tobacco","Cigarette Sales","Average Cost per pack","0,388","$","Dollars","    (34.748650124, -92.274490743)","Table 13- Orzechowski and Walker, Tax Burden on Tobacco","POL","450POL","450CGS","455CGS","1"
"CA","California","1970","OW","The Tax Burden on Tobacco","Cigarette Sales","Average Cost per pack","0,397","$","Dollars","    (37.638640123, -120.999999538)","Table 13- Orzechowski and Walker, Tax Burden on Tobacco","POL","450POL","450CGS","455CGS","1"
"CA","California","1970","OW","The Tax Burden on Tobacco","Cigarette Sales","Cigarette Consumption (Pack Sales Per Capita)","123",,"Pack","    (37.638640123, -120.999999538)","Table 11- Orzechowski and Walker, Tax Burden on Tobacco","POL","450POL","450CGS","453CGS","2"
"CO","Colorado","1970","OW","The Tax Burden on Tobacco","Cigarette Sales","Cigarette Consumption (Pack Sales Per Capita)","124,8",,"Pack","    (38.843840757, -106.133610921)","Table 11- Orzechowski and Walker, Tax Burden on Tobacco","POL","450POL","450CGS","453CGS","2"
"CO","Colorado","1970","OW","The Tax Burden on Tobacco","Cigarette Sales","Average Cost per pack","0,311","$","Dollars","    (38.843840757, -106.133610921)","Table 13- Orzechowski and Walker, Tax Burden on Tobacco","POL","450POL","450CGS","455CGS","1"
"CT","Connecticut","1970","OW","The Tax Burden on Tobacco","Cigarette Sales","Cigarette Consumption (Pack Sales Per Capita)","120",,"Pack","    (41.56266102, -72.649840952)","Table 11- Orzechowski and Walker, Tax Burden on Tobacco","POL","450POL","450CGS","453CGS","2"
"CT","Connecticut","1970","OW","The Tax Burden on Tobacco","Cigarette Sales","Average Cost per pack","0,455","$","Dollars","    (41.56266102, -72.649840952)","Table 13- Orzechowski and Walker, Tax Burden on Tobacco","POL","450POL","450CGS","455CGS","1"
"DE","Delaware","1970","OW","The Tax Burden on Tobacco","Cigarette Sales","Average Cost per pack","0,413","$","Dollars","    (39.008830667, -75.577741168)","Table 13- Orzechowski and Walker, Tax Burden on Tobacco","POL","450POL","450CGS","455CGS","1"
"DE","Delaware","1970","OW","The Tax Burden on Tobacco","Cigarette Sales","Cigarette Consumption (Pack Sales Per Capita)","155",,"Pack","    (39.008830667, -75.577741168)","Table 11- Orzechowski and Walker, Tax Burden on Tobacco","POL","450POL","450CGS","453CGS","2"
"DC","District of Columbia","1970","OW","The Tax Burden on Tobacco","Cigarette Sales","Cigarette Consumption (Pack Sales Per Capita)","200,4",,"Pack","    (38.890371385, -77.031961127)","Table 11- Orzechowski and Walker, Tax Burden on Tobacco","POL","450POL","450CGS","453CGS","2"
"DC","District of Columbia","1970","OW","The Tax Burden on Tobacco","Cigarette Sales","Average Cost per pack","0,326","$","Dollars","    (38.890371385, -77.031961127)","Table 13- Orzechowski and Walker, Tax Burden on Tobacco","POL","450POL","450CGS","455CGS","1"
"FL","Florida","1970","OW","The Tax Burden on Tobacco","Cigarette Sales","Cigarette Consumption (Pack Sales Per Capita)","123,6",,"Pack","    (28.932040377, -81.928960539)","Table 11- Orzechowski and Walker, Tax Burden on Tobacco","POL","450POL","450CGS","453CGS","2"
"FL","Florida","1970","OW","The Tax Burden on Tobacco","Cigarette Sales","Average Cost per pack","0,438","$","Dollars","    (28.932040377, -81.928960539)","Table 13- Orzechowski and Walker, Tax Burden on Tobacco","POL","450POL","450CGS","455CGS","1"
"GA","Georgia","1970","OW","The Tax Burden on Tobacco","Cigarette Sales","Average Cost per pack","0,358","$","Dollars","    (32.839681093, -83.627580346)","Table 13- Orzechowski and Walker, Tax Burden on Tobacco","POL","450POL","450CGS","455CGS","1"
"GA","Georgia","1970","OW","The Tax Burden on Tobacco","Cigarette Sales","Cigarette Consumption (Pack Sales Per Capita)","109,9",,"Pack","    (32.839681093, -83.627580346)","Table 11- Orzechowski and Walker, Tax Burden on Tobacco","POL","450POL","450CGS","453CGS","2"
"HI","Hawaii","1970","OW","The Tax Burden on Tobacco","Cigarette Sales","Cigarette Consumption (Pack Sales Per Capita)","82,1",,"Pack","    (21.304850435, -157.857749403)","Table 11- Orzechowski and Walker, Tax Burden on Tobacco","POL","450POL","450CGS","453CGS","2"
"HI","Hawaii","1970","OW","The Tax Burden on Tobacco","Cigarette Sales","Average Cost per pack","0,367","$","Dollars","    (21.304850435, -157.857749403)","Table 13- Orzechowski and Walker, Tax Burden on Tobacco","POL","450POL","450CGS","455CGS","1"
"ID","Idaho","1970","OW","The Tax Burden on Tobacco","Cigarette Sales","Cigarette Consumption (Pack Sales Per Capita)","102,4",,"Pack","    (43.682630005, -114.363730042)","Table 11- Orzechowski and Walker, Tax Burden on Tobacco","POL","450POL","450CGS","453CGS","2"
"ID","Idaho","1970","OW","The Tax Burden on Tobacco","Cigarette Sales","Average Cost per pack","0,336","$","Dollars","    (43.682630005, -114.363730042)","Table 13- Orzechowski and Walker, Tax Burden on Tobacco","POL","450POL","450CGS","455CGS","1"
"IL","Illinois","1970","OW","The Tax Burden on Tobacco","Cigarette Sales","Cigarette Consumption (Pack Sales Per Capita)","124,8",,"Pack","    (40.485010283, -88.997710178)","Table 11- Orzechowski and Walker, Tax Burden on Tobacco","POL","450POL","450CGS","453CGS","2"
"IL","Illinois","1970","OW","The Tax Burden on Tobacco","Cigarette Sales","Average Cost per pack","0,414","$","Dollars","    (40.485010283, -88.997710178)","Table 13- Orzechowski and Walker, Tax Burden on Tobacco","POL","450POL","450CGS","455CGS","1"
"IN","Indiana","1970","OW","The Tax Burden on Tobacco","Cigarette Sales","Average Cost per pack","0,322","$","Dollars","    (39.766910452, -86.149960194)","Table 13- Orzechowski and Walker, Tax Burden on Tobacco","POL","450POL","450CGS","455CGS","1"
"IN","Indiana","1970","OW","The Tax Burden on Tobacco","Cigarette Sales","Cigarette Consumption (Pack Sales Per Capita)","134,6",,"Pack","    (39.766910452, -86.149960194)","Table 11- Orzechowski and Walker, Tax Burden on Tobacco","POL","450POL","450CGS","453CGS","2"
"IA","Iowa","1970","OW","The Tax Burden on Tobacco","Cigarette Sales","Cigarette Consumption (Pack Sales Per Capita)","108,5",,"Pack","    (42.469400913, -93.816490556)","Table 11- Orzechowski and Walker, Tax Burden on Tobacco","POL","450POL","450CGS","453CGS","2"
"IA","Iowa","1970","OW","The Tax Burden on Tobacco","Cigarette Sales","Average Cost per pack","0,385","$","Dollars","    (42.469400913, -93.816490556)","Table 13- Orzechowski and Walker, Tax Burden on Tobacco","POL","450POL","450CGS","455CGS","1"
"KS","Kansas","1970","OW","The Tax Burden on Tobacco","Cigarette Sales","Average Cost per pack","0,389","$","Dollars","    (38.3477403, -98.200781227)","Table 13- Orzechowski and Walker, Tax Burden on Tobacco","POL","450POL","450CGS","455CGS","1"
"KS","Kansas","1970","OW","The Tax Burden on Tobacco","Cigarette Sales","Cigarette Consumption (Pack Sales Per Capita)","114",,"Pack","    (38.3477403, -98.200781227)","Table 11- Orzechowski and Walker, Tax Burden on Tobacco","POL","450POL","450CGS","453CGS","2"
"KY","Kentucky","1970","OW","The Tax Burden on Tobacco","Cigarette Sales","Average Cost per pack","0,301","$","Dollars","    (37.645970271, -84.774971048)","Table 13- Orzechowski and Walker, Tax Burden on Tobacco","POL","450POL","450CGS","455CGS","1"
"KY","Kentucky","1970","OW","The Tax Burden on Tobacco","Cigarette Sales","Cigarette Consumption (Pack Sales Per Capita)","155,8",,"Pack","    (37.645970271, -84.774971048)","Table 11- Orzechowski and Walker, Tax Burden on Tobacco","POL","450POL","450CGS","453CGS","2"
"LA","Louisiana","1970","OW","The Tax Burden on Tobacco","Cigarette Sales","Average Cost per pack","0,393","$","Dollars","    (31.312660644, -92.445680071)","Table 13- Orzechowski and Walker, Tax Burden on Tobacco","POL","450POL","450CGS","455CGS","1"
"LA","Louisiana","1970","OW","The Tax Burden on Tobacco","Cigarette Sales","Cigarette Consumption (Pack Sales Per Capita)","115,9",,"Pack","    (31.312660644, -92.445680071)","Table 11- Orzechowski and Walker, Tax Burden on Tobacco","POL","450POL","450CGS","453CGS","2"
"ME","Maine","1970","OW","The Tax Burden on Tobacco","Cigarette Sales","Average Cost per pack","0,388","$","Dollars","    (45.254228894001, -68.985031336)","Table 13- Orzechowski and Walker, Tax Burden on Tobacco","POL","450POL","450CGS","455CGS","1"
"ME","Maine","1970","OW","The Tax Burden on Tobacco","Cigarette Sales","Cigarette Consumption (Pack Sales Per Capita)","128,5",,"Pack","    (45.254228894001, -68.985031336)","Table 11- Orzechowski and Walker, Tax Burden on Tobacco","POL","450POL","450CGS","453CGS","2"
"MD","Maryland","1970","OW","The Tax Burden on Tobacco","Cigarette Sales","Average Cost per pack","0,342","$","Dollars","    (39.290580964, -76.609260111)","Table 13- Orzechowski and Walker, Tax Burden on Tobacco","POL","450POL","450CGS","455CGS","1"
"MD","Maryland","1970","OW","The Tax Burden on Tobacco","Cigarette Sales","Cigarette Consumption (Pack Sales Per Capita)","123,5",,"Pack","    (39.290580964, -76.609260111)","Table 11- Orzechowski and Walker, Tax Burden on Tobacco","POL","450POL","450CGS","453CGS","2"
"MA","Massachusetts","1970","OW","The Tax Burden on Tobacco","Cigarette Sales","Cigarette Consumption (Pack Sales Per Capita)","124,3",,"Pack","    (42.27687047, -72.082690675)","Table 11- Orzechowski and Walker, Tax Burden on Tobacco","POL","450POL","450CGS","453CGS","2"
"MA","Massachusetts","1970","OW","The Tax Burden on Tobacco","Cigarette Sales","Average Cost per pack","0,41","$","Dollars","    (42.27687047, -72.082690675)","Table 13- Orzechowski and Walker, Tax Burden on Tobacco","POL","450POL","450CGS","455CGS","1"
"MI","Michigan","1970","OW","The Tax Burden on Tobacco","Cigarette Sales","Cigarette Consumption (Pack Sales Per Capita)","128,6",,"Pack","    (44.661319543001, -84.71439027)","Table 11- Orzechowski and Walker, Tax Burden on Tobacco","POL","450POL","450CGS","453CGS","2"
"MI","Michigan","1970","OW","The Tax Burden on Tobacco","Cigarette Sales","Average Cost per pack","0,392","$","Dollars","    (44.661319543001, -84.71439027)","Table 13- Orzechowski and Walker, Tax Burden on Tobacco","POL","450POL","450CGS","455CGS","1"
"MN","Minnesota","1970","OW","The Tax Burden on Tobacco","Cigarette Sales","Average Cost per pack","0,401","$","Dollars","    (46.355648736, -94.794200503)","Table 13- Orzechowski and Walker, Tax Burden on Tobacco","POL","450POL","450CGS","455CGS","1"
"MN","Minnesota","1970","OW","The Tax Burden on Tobacco","Cigarette Sales","Cigarette Consumption (Pack Sales Per Capita)","104,3",,"Pack","    (46.355648736, -94.794200503)","Table 11- Orzechowski and Walker, Tax Burden on Tobacco","POL","450POL","450CGS","453CGS","2"
"MS","Mississippi","1970","OW","The Tax Burden on Tobacco","Cigarette Sales","Cigarette Consumption (Pack Sales Per Capita)","93,4",,"Pack","    (32.745510099, -89.538030825)","Table 11- Orzechowski and Walker, Tax Burden on Tobacco","POL","450POL","450CGS","453CGS","2"
"MS","Mississippi","1970","OW","The Tax Burden on Tobacco","Cigarette Sales","Average Cost per pack","0,375","$","Dollars","    (32.745510099, -89.538030825)","Table 13- Orzechowski and Walker, Tax Burden on Tobacco","POL","450POL","450CGS","455CGS","1"
"MO","Missouri","1970","OW","The Tax Burden on Tobacco","Cigarette Sales","Cigarette Consumption (Pack Sales Per Capita)","121,3",,"Pack","    (38.635790776, -92.566300053)","Table 11- Orzechowski and Walker, Tax Burden on Tobacco","POL","450POL","450CGS","453CGS","2"
"MO","Missouri","1970","OW","The Tax Burden on Tobacco","Cigarette Sales","Average Cost per pack","0,368","$","Dollars","    (38.635790776, -92.566300053)","Table 13- Orzechowski and Walker, Tax Burden on Tobacco","POL","450POL","450CGS","455CGS","1"
"MT","Montana","1970","OW","The Tax Burden on Tobacco","Cigarette Sales","Cigarette Consumption (Pack Sales Per Capita)","111,2",,"Pack","    (47.066528972, -109.424420645)","Table 11- Orzechowski and Walker, Tax Burden on Tobacco","POL","450POL","450CGS","453CGS","2"
"MT","Montana","1970","OW","The Tax Burden on Tobacco","Cigarette Sales","Average Cost per pack","0,347","$","Dollars","    (47.066528972, -109.424420645)","Table 13- Orzechowski and Walker, Tax Burden on Tobacco","POL","450POL","450CGS","455CGS","1"
"NE","Nebraska","1970","OW","The Tax Burden on Tobacco","Cigarette Sales","Cigarette Consumption (Pack Sales Per Capita)","108,1",,"Pack","    (41.641040988001, -99.365720623)","Table 11- Orzechowski and Walker, Tax Burden on Tobacco","POL","450POL","450CGS","453CGS","2"
"NE","Nebraska","1970","OW","The Tax Burden on Tobacco","Cigarette Sales","Average Cost per pack","0,347","$","Dollars","    (41.641040988001, -99.365720623)","Table 13- Orzechowski and Walker, Tax Burden on Tobacco","POL","450POL","450CGS","455CGS","1"
"NV","Nevada","1970","OW","The Tax Burden on Tobacco","Cigarette Sales","Average Cost per pack","0,44","$","Dollars","    (39.49324039, -117.071840564)","Table 13- Orzechowski and Walker, Tax Burden on Tobacco","POL","450POL","450CGS","455CGS","1"
"NV","Nevada","1970","OW","The Tax Burden on Tobacco","Cigarette Sales","Cigarette Consumption (Pack Sales Per Capita)","189,5",,"Pack","    (39.49324039, -117.071840564)","Table 11- Orzechowski and Walker, Tax Burden on Tobacco","POL","450POL","450CGS","453CGS","2"
"NH","New Hampshire","1970","OW","The Tax Burden on Tobacco","Cigarette Sales","Average Cost per pack","0,341","$","Dollars","    (43.655950113, -71.50036092)","Table 13- Orzechowski and Walker, Tax Burden on Tobacco","POL","450POL","450CGS","455CGS","1"
"NH","New Hampshire","1970","OW","The Tax Burden on Tobacco","Cigarette Sales","Cigarette Consumption (Pack Sales Per Capita)","265,7",,"Pack","    (43.655950113, -71.50036092)","Table 11- Orzechowski and Walker, Tax Burden on Tobacco","POL","450POL","450CGS","453CGS","2"
"NJ","New Jersey","1970","OW","The Tax Burden on Tobacco","Cigarette Sales","Average Cost per pack","0,417","$","Dollars","    (40.130570048, -74.273691288)","Table 13- Orzechowski and Walker, Tax Burden on Tobacco","POL","450POL","450CGS","455CGS","1"
"NJ","New Jersey","1970","OW","The Tax Burden on Tobacco","Cigarette Sales","Cigarette Consumption (Pack Sales Per Capita)","120,7",,"Pack","    (40.130570048, -74.273691288)","Table 11- Orzechowski and Walker, Tax Burden on Tobacco","POL","450POL","450CGS","453CGS","2"
"NM","New Mexico","1970","OW","The Tax Burden on Tobacco","Cigarette Sales","Cigarette Consumption (Pack Sales Per Capita)","90",,"Pack","    (34.520880952, -106.240580985)","Table 11- Orzechowski and Walker, Tax Burden on Tobacco","POL","450POL","450CGS","453CGS","2"
"NM","New Mexico","1970","OW","The Tax Burden on Tobacco","Cigarette Sales","Average Cost per pack","0,417","$","Dollars","    (34.520880952, -106.240580985)","Table 13- Orzechowski and Walker, Tax Burden on Tobacco","POL","450POL","450CGS","455CGS","1"
"NY","New York","1970","OW","The Tax Burden on Tobacco","Cigarette Sales","Average Cost per pack","0,417","$","Dollars","    (42.827001032, -75.543970427)","Table 13- Orzechowski and Walker, Tax Burden on Tobacco","POL","450POL","450CGS","455CGS","1"
"NY","New York","1970","OW","The Tax Burden on Tobacco","Cigarette Sales","Cigarette Consumption (Pack Sales Per Capita)","119",,"Pack","    (42.827001032, -75.543970427)","Table 11- Orzechowski and Walker, Tax Burden on Tobacco","POL","450POL","450CGS","453CGS","2"
"NC","North Carolina","1970","OW","The Tax Burden on Tobacco","Cigarette Sales","Cigarette Consumption (Pack Sales Per Capita)","172,4",,"Pack","    (35.466220975, -79.159250463)","Table 11- Orzechowski and Walker, Tax Burden on Tobacco","POL","450POL","450CGS","453CGS","2"
"NC","North Carolina","1970","OW","The Tax Burden on Tobacco","Cigarette Sales","Average Cost per pack","0,294","$","Dollars","    (35.466220975, -79.159250463)","Table 13- Orzechowski and Walker, Tax Burden on Tobacco","POL","450POL","450CGS","455CGS","1"
"ND","North Dakota","1970","OW","The Tax Burden on Tobacco","Cigarette Sales","Cigarette Consumption (Pack Sales Per Capita)","93,8",,"Pack","    (47.475319779, -100.118421049)","Table 11- Orzechowski and Walker, Tax Burden on Tobacco","POL","450POL","450CGS","453CGS","2"
"ND","North Dakota","1970","OW","The Tax Burden on Tobacco","Cigarette Sales","Average Cost per pack","0,389","$","Dollars","    (47.475319779, -100.118421049)","Table 13- Orzechowski and Walker, Tax Burden on Tobacco","POL","450POL","450CGS","455CGS","1"
"OH","Ohio","1970","OW","The Tax Burden on Tobacco","Cigarette Sales","Cigarette Consumption (Pack Sales Per Capita)","121,6",,"Pack","    (40.060210141, -82.404260056)","Table 11- Orzechowski and Walker, Tax Burden on Tobacco","POL","450POL","450CGS","453CGS","2"
"OH","Ohio","1970","OW","The Tax Burden on Tobacco","Cigarette Sales","Average Cost per pack","0,381","$","Dollars","    (40.060210141, -82.404260056)","Table 13- Orzechowski and Walker, Tax Burden on Tobacco","POL","450POL","450CGS","455CGS","1"
"OK","Oklahoma","1970","OW","The Tax Burden on Tobacco","Cigarette Sales","Average Cost per pack","0,398","$","Dollars","    (35.472031356, -97.521070214)","Table 13- Orzechowski and Walker, Tax Burden on Tobacco","POL","450POL","450CGS","455CGS","1"
"OK","Oklahoma","1970","OW","The Tax Burden on Tobacco","Cigarette Sales","Cigarette Consumption (Pack Sales Per Capita)","108,4",,"Pack","    (35.472031356, -97.521070214)","Table 11- Orzechowski and Walker, Tax Burden on Tobacco","POL","450POL","450CGS","453CGS","2"
"OR","Oregon","1970","OW","The Tax Burden on Tobacco","Cigarette Sales","Cigarette Consumption (Pack Sales Per Capita)","157",,"Pack","    (44.567449424, -120.155031326)","Table 11- Orzechowski and Walker, Tax Burden on Tobacco","POL","450POL","450CGS","453CGS","2"
"OR","Oregon","1970","OW","The Tax Burden on Tobacco","Cigarette Sales","Average Cost per pack","0,29","$","Dollars","    (44.567449424, -120.155031326)","Table 13- Orzechowski and Walker, Tax Burden on Tobacco","POL","450POL","450CGS","455CGS","1"
"PA","Pennsylvania","1970","OW","The Tax Burden on Tobacco","Cigarette Sales","Average Cost per pack","0,447","$","Dollars","    (40.793730152, -77.860700294)","Table 13- Orzechowski and Walker, Tax Burden on Tobacco","POL","450POL","450CGS","455CGS","1"
"PA","Pennsylvania","1970","OW","The Tax Burden on Tobacco","Cigarette Sales","Cigarette Consumption (Pack Sales Per Capita)","107,3",,"Pack","    (40.793730152, -77.860700294)","Table 11- Orzechowski and Walker, Tax Burden on Tobacco","POL","450POL","450CGS","453CGS","2"
"RI","Rhode Island","1970","OW","The Tax Burden on Tobacco","Cigarette Sales","Average Cost per pack","0,402","$","Dollars","    (41.708280193, -71.522470314)","Table 13- Orzechowski and Walker, Tax Burden on Tobacco","POL","450POL","450CGS","455CGS","1"
"RI","Rhode Island","1970","OW","The Tax Burden on Tobacco","Cigarette Sales","Cigarette Consumption (Pack Sales Per Capita)","123,9",,"Pack","    (41.708280193, -71.522470314)","Table 11- Orzechowski and Walker, Tax Burden on Tobacco","POL","450POL","450CGS","453CGS","2"
"SC","South Carolina","1970","OW","The Tax Burden on Tobacco","Cigarette Sales","Average Cost per pack","0,343","$","Dollars","    (33.998821303, -81.045371207)","Table 13- Orzechowski and Walker, Tax Burden on Tobacco","POL","450POL","450CGS","455CGS","1"
"SC","South Carolina","1970","OW","The Tax Burden on Tobacco","Cigarette Sales","Cigarette Consumption (Pack Sales Per Capita)","103,6",,"Pack","    (33.998821303, -81.045371207)","Table 11- Orzechowski and Walker, Tax Burden on Tobacco","POL","450POL","450CGS","453CGS","2"
"SD","South Dakota","1970","OW","The Tax Burden on Tobacco","Cigarette Sales","Average Cost per pack","0,385","$","Dollars","    (44.353130053, -100.373530637)","Table 13- Orzechowski and Walker, Tax Burden on Tobacco","POL","450POL","450CGS","455CGS","1"
"SD","South Dakota","1970","OW","The Tax Burden on Tobacco","Cigarette Sales","Cigarette Consumption (Pack Sales Per Capita)","92,7",,"Pack","    (44.353130053, -100.373530637)","Table 11- Orzechowski and Walker, Tax Burden on Tobacco","POL","450POL","450CGS","453CGS","2"
"TN","Tennessee","1970","OW","The Tax Burden on Tobacco","Cigarette Sales","Cigarette Consumption (Pack Sales Per Capita)","99,8",,"Pack","    (35.68094058, -85.774490914)","Table 11- Orzechowski and Walker, Tax Burden on Tobacco","POL","450POL","450CGS","453CGS","2"
"TN","Tennessee","1970","OW","The Tax Burden on Tobacco","Cigarette Sales","Average Cost per pack","0,416","$","Dollars","    (35.68094058, -85.774490914)","Table 13- Orzechowski and Walker, Tax Burden on Tobacco","POL","450POL","450CGS","455CGS","1"
"TX","Texas","1970","OW","The Tax Burden on Tobacco","Cigarette Sales","Average Cost per pack","0,42","$","Dollars","    (31.827240407, -99.426770206)","Table 13- Orzechowski and Walker, Tax Burden on Tobacco","POL","450POL","450CGS","455CGS","1"
"TX","Texas","1970","OW","The Tax Burden on Tobacco","Cigarette Sales","Cigarette Consumption (Pack Sales Per Capita)","106,4",,"Pack","    (31.827240407, -99.426770206)","Table 11- Orzechowski and Walker, Tax Burden on Tobacco","POL","450POL","450CGS","453CGS","2"
"UT","Utah","1970","OW","The Tax Burden on Tobacco","Cigarette Sales","Average Cost per pack","0,366","$","Dollars","    (39.360700171, -111.587130635)","Table 13- Orzechowski and Walker, Tax Burden on Tobacco","POL","450POL","450CGS","455CGS","1"
"UT","Utah","1970","OW","The Tax Burden on Tobacco","Cigarette Sales","Cigarette Consumption (Pack Sales Per Capita)","65,5",,"Pack","    (39.360700171, -111.587130635)","Table 11- Orzechowski and Walker, Tax Burden on Tobacco","POL","450POL","450CGS","453CGS","2"
"VT","Vermont","1970","OW","The Tax Burden on Tobacco","Cigarette Sales","Average Cost per pack","0,395","$","Dollars","    (43.625381239, -72.517640791)","Table 13- Orzechowski and Walker, Tax Burden on Tobacco","POL","450POL","450CGS","455CGS","1"
"VT","Vermont","1970","OW","The Tax Burden on Tobacco","Cigarette Sales","Cigarette Consumption (Pack Sales Per Capita)","122,6",,"Pack","    (43.625381239, -72.517640791)","Table 11- Orzechowski and Walker, Tax Burden on Tobacco","POL","450POL","450CGS","453CGS","2"
"VA","Virginia","1970","OW","The Tax Burden on Tobacco","Cigarette Sales","Average Cost per pack","0,302","$","Dollars","    (37.542680674, -78.457890463)","Table 13- Orzechowski and Walker, Tax Burden on Tobacco","POL","450POL","450CGS","455CGS","1"
"VA","Virginia","1970","OW","The Tax Burden on Tobacco","Cigarette Sales","Cigarette Consumption (Pack Sales Per Capita)","124,3",,"Pack","    (37.542680674, -78.457890463)","Table 11- Orzechowski and Walker, Tax Burden on Tobacco","POL","450POL","450CGS","453CGS","2"
"WA","Washington","1970","OW","The Tax Burden on Tobacco","Cigarette Sales","Cigarette Consumption (Pack Sales Per Capita)","96,7",,"Pack","    (47.522278629, -120.47001079)","Table 11- Orzechowski and Walker, Tax Burden on Tobacco","POL","450POL","450CGS","453CGS","2"
"WA","Washington","1970","OW","The Tax Burden on Tobacco","Cigarette Sales","Average Cost per pack","0,403","$","Dollars","    (47.522278629, -120.47001079)","Table 13- Orzechowski and Walker, Tax Burden on Tobacco","POL","450POL","450CGS","455CGS","1"
"WV","West Virginia","1970","OW","The Tax Burden on Tobacco","Cigarette Sales","Cigarette Consumption (Pack Sales Per Capita)","114,5",,"Pack","    (38.665510202, -80.712640135)","Table 11- Orzechowski and Walker, Tax Burden on Tobacco","POL","450POL","450CGS","453CGS","2"
"WV","West Virginia","1970","OW","The Tax Burden on Tobacco","Cigarette Sales","Average Cost per pack","0,416","$","Dollars","    (38.665510202, -80.712640135)","Table 13- Orzechowski and Walker, Tax Burden on Tobacco","POL","450POL","450CGS","455CGS","1"
"WI","Wisconsin","1970","OW","The Tax Burden on Tobacco","Cigarette Sales","Cigarette Consumption (Pack Sales Per Capita)","106,4",,"Pack","    (44.393191174, -89.816370742)","Table 11- Orzechowski and Walker, Tax Burden on Tobacco","POL","450POL","450CGS","453CGS","2"
"WI","Wisconsin","1970","OW","The Tax Burden on Tobacco","Cigarette Sales","Average Cost per pack","0,402","$","Dollars","    (44.393191174, -89.816370742)","Table 13- Orzechowski and Walker, Tax Burden on Tobacco","POL","450POL","450CGS","455CGS","1"
"WY","Wyoming","1970","OW","The Tax Burden on Tobacco","Cigarette Sales","Average Cost per pack","0,344","$","Dollars","    (43.235541343, -108.109830353)","Table 13- Orzechowski and Walker, Tax Burden on Tobacco","POL","450POL","450CGS","455CGS","1"
"WY","Wyoming","1970","OW","The Tax Burden on Tobacco","Cigarette Sales","Cigarette Consumption (Pack Sales Per Capita)","132,2",,"Pack","    (43.235541343, -108.109830353)","Table 11- Orzechowski and Walker, Tax Burden on Tobacco","POL","450POL","450CGS","453CGS","2"
